time,ax (m/s^2),ay (m/s^2),az (m/s^2),aT (m/s^2)
0.01237,-0.0984,9.7491,0.0754,0.28
0.031756,-0.0522,9.84,-0.0498,0.35
0.055529,-0.1205,9.9587,-0.0806,0.48
0.05569,-0.2195,9.9946,-0.0544,0.54
0.071693,-0.248,10.0286,-0.1129,0.59
0.071863,-0.1878,9.9825,-0.0924,0.53
0.085275,-0.2116,9.8966,-0.0433,0.45
0.097141,-0.2011,9.7725,0.0126,0.34
0.115759,-0.2136,9.7485,0.0337,0.33
0.117041,-0.1634,9.7215,-0.0092,0.28
0.132542,0.0025,9.6736,-0.0296,0.18
0.137616,0.0035,9.7057,-0.0858,0.22
0.149366,-0.0178,9.7576,-0.1252,0.29
0.164045,-0.02,9.7647,-0.0843,0.28
0.167541,-0.0326,9.7797,-0.0484,0.29
0.181071,-0.0145,9.8438,-0.0857,0.35
0.187827,0.001,9.8608,-0.0683,0.37
0.197875,0.0334,9.7968,-0.0444,0.3
0.215878,0.0486,9.7749,-0.0285,0.28
0.216917,0.0546,9.7249,-0.0023,0.23
0.229958,0.0407,9.6959,0.0429,0.2
0.237363,0.0099,9.66,0.0002,0.16
0.247294,-0.0031,9.643,-0.0038,0.14
0.266711,-0.0458,9.6671,0.0068,0.17
0.266908,-0.0136,9.753,-0.0346,0.26
0.283508,-0.0046,9.813,-0.0692,0.32
0.287764,-0.0295,9.8351,-0.1024,0.35
0.29865,-0.0399,9.8731,-0.0868,0.39
0.314914,-0.013,9.8901,-0.1168,0.41
0.316965,-0.0127,9.9261,-0.1644,0.46
0.334253,-0.0306,9.9192,-0.1748,0.46
0.337469,-0.1094,9.8301,-0.2036,0.4
0.348175,-0.0629,9.8042,-0.1655,0.35
0.36751,-0.0383,9.7652,-0.1764,0.32
0.36762,-0.0657,9.6982,-0.1694,0.27
0.384824,-0.0957,9.6723,-0.1715,0.26
0.387098,-0.1663,9.6723,-0.1325,0.27
0.40156,-0.2284,9.7253,-0.0933,0.33
0.40739,-0.2267,9.7994,-0.113,0.39
0.417857,-0.2262,9.8134,-0.1405,0.41
0.431948,-0.2296,9.8235,-0.1955,0.44
0.436829,-0.1677,9.8115,-0.2479,0.43
0.451272,-0.0792,9.8015,-0.2269,0.39
0.457037,-0.0373,9.7996,-0.1822,0.35
0.467451,-0.0244,9.7495,-0.1965,0.32
0.485144,-0.0563,9.7975,-0.2455,0.39
0.486682,-0.1147,9.7615,-0.2671,0.39
0.499966,-0.1366,9.7135,-0.2149,0.33
0.506731,-0.124,9.7157,-0.2081,0.32
0.51731,-0.1041,9.7416,-0.2201,0.34
0.532191,-0.0874,9.7976,-0.2441,0.39
0.536888,-0.0899,9.8568,-0.299,0.47
0.553794,-0.0306,9.9478,-0.3586,0.57
0.556887,-0.0721,9.9771,-0.3889,0.62
0.568759,0.032,9.8742,-0.2974,0.48
0.587145,0.0757,9.9224,-0.2357,0.49
0.587244,0.076,9.9397,-0.184,0.48
0.598732,0.0568,9.9301,-0.1911,0.47
0.606303,0.042,9.8855,-0.2633,0.47
0.616328,-0.0013,9.844899999999999,-0.2895,0.45
0.632851,-0.0134,9.7714,-0.2343,0.36
0.636483,-0.0272,9.762,-0.2061,0.33
0.649728,-0.0315,9.8016,-0.2406,0.39
0.656586,-0.0055,9.8345,-0.2308,0.41
0.666801,0.1049,9.882,-0.2417,0.46
0.684356,0.1598,9.9418,-0.2634,0.54
0.686214,0.1662,9.9336,-0.2822,0.54
0.701121,0.21,9.8735,-0.1989,0.47
0.706234,0.2096,9.8414,-0.1351,0.42
0.717476,0.1821,9.8402,-0.0156,0.39
0.733618,0.0609,9.8362,-0.0321,0.34
0.742067,-0.0299,9.81,-0.0038,0.31
0.742193,-0.1229,9.7661,0.2092,0.36
0.752483,-0.1845,9.7057,0.3925,0.48
0.76845,-0.2164,9.6622,0.4213,0.5
0.772042,-0.2119,9.7254,0.379,0.49
0.783934,-0.1822,9.8194,0.2543,0.45
0.792054,-0.1168,9.8204,0.2196,0.41
0.8027,-0.0434,9.8126,0.2874,0.43
0.817934,0.0573,9.742,0.3932,0.47
0.822282,0.1551,9.5758,0.5812,0.61
0.835377,0.2138,9.3892,0.7438,0.78
0.85191,0.1485,9.3071,0.7239,0.76
0.85708,0.0895,9.2582,0.6447,0.69
0.868021,0.1082,9.259,0.5614,0.62
0.876921,0.1373,9.3916,0.3931,0.43
0.888008,0.1509,9.6258,0.2064,0.28
0.902925,0.1886,9.8197,0.1,0.38
0.906244,0.2335,9.8727,0.1052,0.45
0.921084,0.1923,9.7987,0.1158,0.37
0.926448,0.1094,9.7315,0.1224,0.28
0.937147,0.016,9.7074,0.1974,0.29
0.958254,-0.0636,9.6884,0.1937,0.28
0.958857,-0.0716,9.7093,0.1731,0.28
0.969992,-0.0161,9.7212,0.1627,0.28
0.976156,0.0421,9.728,0.2197,0.32
0.98678,0.1347,9.6881,0.267,0.35
1.00522,0.2112,9.6492,0.3526,0.44
1.005838,0.2008,9.6284,0.4412,0.5
1.018935,0.1478,9.6424,0.4857,0.53
1.026295,0.1039,9.6663,0.4851,0.52
1.036635,0.0409,9.7069,0.3333,0.39
1.053038,0.0218,9.7975,0.1997,0.36
1.056461,-0.0427,9.8611,0.1334,0.39
1.072831,-0.1227,9.8517,0.1227,0.39
1.076475,-0.1258,9.7933,0.1791,0.37
1.088459,-0.0938,9.7499,0.2261,0.35
1.106261,-0.0844,9.7017,0.2178,0.31
1.106404,0.0083,9.6804,0.1715,0.25
1.123147,0.0491,9.6702,0.1608,0.24
1.125859,0.087,9.697,0.1873,0.29
1.139831,0.1418,9.7109,0.2645,0.37
1.145838,0.1146,9.7329,0.3541,0.44
1.156453,0.0627,9.7208,0.4411,0.5
1.173144,0.0404,9.7636,0.4893,0.56
1.175901,0.0163,9.7943,0.4477,0.54
1.187405,-0.0195,9.7748,0.3677,0.46
1.195897,-0.0023,9.6924,0.2971,0.35
1.206441,0.0266,9.6609,0.1697,0.24
1.223645,0.0145,9.6274,0.1141,0.17
1.225655,0.0105,9.5881,0.1671,0.19
1.240217,-0.0064,9.5549,0.2443,0.25
1.245757,-0.0872,9.5396,0.2815,0.3
1.255849,-0.0851,9.5323,0.2349,0.25
1.272556,0.0002,9.5419,0.2512,0.25
1.276012,0.1157,9.5313,0.2369,0.27
1.288805,0.2304,9.5336,0.2156,0.32
1.296552,0.2401,9.5519,0.182,0.31
1.307704,0.2265,9.6351,0.1607,0.31
1.324065,0.1616,9.6793,0.14,0.28
1.325273,0.1512,9.6976,0.1299,0.28
1.340238,0.0806,9.7498,0.1296,0.29
1.345893,0.0536,9.7581,0.1774,0.32
1.355632,0.014,9.7124,0.2071,0.3
1.373036,0.0761,9.6756,0.2889,0.35
1.376008,0.2117,9.6969,0.3683,0.47
1.389147,0.2355,9.7699,0.3914,0.53
1.395914,0.1056,9.9129,0.4106,0.59
1.409028,0.0222,10.0149,0.4366,0.68
1.425221,-0.0287,10.0418,0.3425,0.64
1.425447,0.006,9.9981,0.0881,0.51
1.443198,0.0896,9.9664,-0.0372,0.48
1.445536,0.1215,9.9469,0.0489,0.47
1.456449,0.1466,9.9007,0.0151,0.43
1.473279,0.1894,9.8054,0.0748,0.37
1.475242,0.1615,9.7953,0.1761,0.38
1.490505,-0.0198,9.917,0.127,0.44
1.495912,-0.1992,10.0267,0.0325,0.56
1.506854,-0.3175,10.1464,-0.0944,0.73
1.524171,-0.3646,10.1413,-0.2582,0.78
1.525358,-0.3642,10.0482,-0.2987,0.72
1.542011,-0.3995,9.9782,-0.2301,0.66
1.545598,-0.4051,9.8833,-0.2483,0.61
1.557348,-0.3507,9.7533,-0.3273,0.54
1.565897,-0.2275,9.6962,-0.3344,0.45
1.576176,-0.0654,9.7155,-0.4164,0.47
1.59264,-0.0145,9.7035,-0.4346,0.48
1.595375,0.0674,9.7395,-0.3509,0.43
1.609313,0.174,9.8445,-0.3196,0.5
1.615456,0.1853,9.9766,-0.3919,0.64
1.625564,0.2733,9.9046,-0.4674,0.68
1.641349,0.189,9.7518,-0.4174,0.52
1.645436,0.0383,9.63,-0.3539,0.38
1.659915,-0.0042,9.5871,-0.2494,0.26
1.665928,0.0077,9.5702,-0.2273,0.24
1.675002,-0.0446,9.6491,-0.2158,0.27
1.690396,-0.066,9.7184,-0.1861,0.29
1.695239,-0.0101,9.7664,-0.1493,0.31
1.710385,-0.0782,9.8195,-0.1996,0.38
1.715084,-0.1053,9.788499999999999,-0.3702,0.48
1.726116,-0.0543,9.7936,-0.4807,0.57
1.742388,0.0981,9.8128,-0.5236,0.62
1.744801,0.207,9.8683,-0.4754,0.64
1.7584,-0.0019,10.0337,-0.3575,0.64
1.764853,0.0956,10.075,-0.2923,0.65
1.775482,0.2012,9.9332,-0.1892,0.51
1.794259,0.0407,9.8286,0.0622,0.34
1.795043,-0.0368,9.8479,0.2419,0.43
1.809482,-0.0833,9.8703,0.2495,0.45
1.815319,-0.116,9.7867,0.0608,0.32
1.824872,-0.1178,9.8007,-0.0555,0.33
1.84352,0.0743,9.7897,-0.0421,0.3
1.845134,0.0375,9.7263,-0.1324,0.26
1.858362,-0.1684,9.7292,-0.1232,0.31
1.865594,-0.201,9.7727,-0.0201,0.34
1.875971,-0.2763,9.8452,0.0866,0.45
1.895416,-0.3221,9.9244,0.1077,0.54
1.895561,-0.2279,9.9484,0.0275,0.5
1.911927,-0.257,9.9916,0.0154,0.55
1.91515,-0.2722,9.9551,0.0446,0.53
1.927414,-0.2428,9.9118,0.0613,0.48
1.935123,-0.3224,9.9024,0.0519,0.52
1.957451,-0.3278,9.9039,0.0637,0.52
1.957652,-0.1472,9.8775,-0.0429,0.41
1.965346,0.0797,9.8654,-0.1077,0.39
1.9778,0.1452,9.9025,-0.1463,0.45
1.985129,0.1673,9.9004,-0.1724,0.47
1.994765,0.2311,9.8899,-0.1585,0.48
2.010553,0.2792,9.8827,-0.0422,0.48
2.014698,0.2796,9.8555,0.0864,0.46
2.027381,-0.0679,9.8791,0.1656,0.42
2.034711,-1.8066,10.3572,0.5243,2.07
2.045453,-0.4396,9.7385,-0.1137,0.51
2.062385,0.6558,9.3545,-0.7346,1.0
2.064418,0.7893,9.3896,-0.8178,1.14
2.080244,0.3175,9.6842,-0.5144,0.63
2.085231,-0.0126,9.883,-0.3231,0.5
2.097922,-0.0435,9.9378,-0.2873,0.53
2.114468,-0.1041,9.8965,-0.2839,0.5
2.114979,-0.2511,9.8056,-0.2418,0.46
2.12829,-0.2979,9.7027,-0.185,0.41
2.134465,-0.37,9.6329,-0.1006,0.41
2.144814,-0.3684,9.6432,-0.0631,0.4
2.161697,-0.2755,9.6454,-0.0046,0.31
2.164682,-0.2876,9.6127,0.4057,0.51
2.177853,-0.4147,9.735,0.1089,0.49
2.184856,-0.2391,9.982,-0.0846,0.54
2.195787,-0.0972,10.073,-0.0291,0.58
2.213373,-0.0499,10.042,-0.0028,0.54
2.214428,0.032,9.908,-0.0073,0.41
2.231147,0.0762,9.761,0.0355,0.27
2.234514,0.037,9.639,0.0999,0.18
2.246158,-0.0044,9.608,0.1499,0.18
2.262476,-0.0466,9.5671,0.1588,0.18
2.264073,-0.0767,9.5991,0.1942,0.23
2.281694,-0.079,9.6821,0.2574,0.33
2.284689,-0.0094,9.7211,0.2476,0.33
2.295904,0.0612,9.778,0.1694,0.33
2.304571,0.1232,9.8359,0.083,0.37
2.31493,0.1239,9.9288,-0.0698,0.45
2.329976,0.0756,9.9867,-0.1024,0.5
2.334393,-0.0028,10.0196,-0.023,0.52
2.345463,-0.0805,9.9934,0.0991,0.51
2.354232,-0.1735,9.9164,0.2071,0.5
2.364519,-0.2423,9.8134,0.2675,0.48
2.379793,-0.2552,9.7174,0.256,0.42
2.384607,-0.2578,9.6746,0.2115,0.38
2.39959,-0.2373,9.6695,0.1801,0.34
2.404599,-0.1992,9.7136,0.1455,0.33
2.413851,-0.1744,9.7605,0.0747,0.32
2.432422,-0.2086,9.8254,0.0119,0.39
2.43413,-0.2536,9.8924,-0.0124,0.47
2.447037,-0.2855,9.9115,-0.0401,0.5
2.454383,-0.3236,9.9185,-0.0451,0.53
2.464621,-0.3492,9.8787,-0.0393,0.52
2.48096,-0.3698,9.844899999999999,0.0133,0.51
2.484206,-0.3562,9.7971,0.0637,0.47
2.497518,-0.3358,9.7542,0.0888,0.43
2.504636,-0.2579,9.7214,0.1089,0.36
2.516103,-0.1838,9.7185,0.1175,0.31
2.53139,-0.1008,9.7216,0.1304,0.28
2.534236,0.0008,9.7837,0.1249,0.31
2.547018,0.0405,9.7976,0.1046,0.32
2.554232,0.0516,9.7766,0.1229,0.31
2.565102,0.0728,9.7526,0.1113,0.29
2.581795,0.1098,9.7146,0.0823,0.25
2.583675,0.0859,9.6855,0.0261,0.21
2.600561,0.1128,9.6395,-0.0443,0.18
2.604599,0.18,9.6904,-0.0813,0.27
2.617214,0.2208,9.7492,-0.0734,0.34
2.632081,0.2633,9.8211,-0.0778,0.42
2.633774,0.3052,9.896,-0.1245,0.52
2.647448,0.2824,9.9389,-0.1269,0.54
2.654306,0.2884,9.9287,-0.1403,0.54
2.665803,0.2991,9.8956,-0.1883,0.53
2.674129,0.2943,9.8424,-0.197,0.49
2.683392,0.292,9.8011,-0.2005,0.46
2.697337,0.2518,9.7749,-0.191,0.42
2.703554,0.2456,9.8156,-0.1672,0.43
2.715454,0.1699,9.8225,-0.1442,0.39
2.72367,0.1121,9.8553,-0.149,0.4
2.733617,0.0689,9.8601,-0.1644,0.4
2.749018,0.0205,9.8481,-0.1229,0.37
2.7536,0.04,9.8191,-0.1141,0.34
2.765515,0.0694,9.745,-0.0762,0.27
2.773691,0.1202,9.6919,-0.0714,0.24
2.784354,0.1553,9.6849,-0.0736,0.25
2.801471,0.1734,9.7067,-0.0721,0.28
2.803384,0.1517,9.7447,-0.0845,0.3
2.816163,0.137,9.8025,-0.0782,0.34
2.823537,0.1156,9.8455,-0.0946,0.38
2.833603,0.0802,9.8664,-0.1518,0.4
2.852938,0.0248,9.8614,-0.1473,0.39
2.853222,-0.0134,9.8403,-0.1665,0.38
2.869523,-0.0373,9.8332,-0.158,0.37
2.874322,-0.0367,9.7802,-0.1541,0.32
2.888652,-0.0368,9.7851,-0.1395,0.32
2.899088,-0.0075,9.8042,-0.1343,0.33
2.903859,0.0335,9.8161,-0.1386,0.35
2.917313,0.0702,9.8521,-0.12,0.38
2.923643,0.0559,9.835,-0.1114,0.36
2.936423,0.0388,9.794,-0.105,0.31
2.957074,0.014,9.780100000000001,-0.0517,0.29
2.957433,-0.022,9.7611,-0.0226,0.26
2.969382,-0.0778,9.7581,0.031,0.27
2.98499,-0.1291,9.7371,0.0568,0.28
2.989444,-0.1393,9.7442,0.0231,0.28
3.000772,-0.1677,9.7391,-0.0074,0.29
3.009291,-0.1809,9.7902,-0.0391,0.34
3.019484,-0.1917,9.8213,-0.0759,0.38
3.035004,-0.1784,9.8423,-0.0654,0.39
3.039788,-0.1718,9.7994,-0.0216,0.35
3.051971,-0.1446,9.7975,-0.0055,0.33
3.059562,-0.1028,9.7786,0.0406,0.3
3.069162,-0.0471,9.7497,0.0842,0.27
3.084257,-0.0274,9.7158,0.097,0.24
3.089479,-0.0078,9.7039,0.1023,0.23
3.101092,-0.0041,9.688,0.0977,0.21
3.10937,0.0054,9.716,0.0845,0.23
3.120658,-0.0225,9.755,0.0703,0.27
3.136055,-0.0354,9.812,0.068,0.32
3.139622,-0.0719,9.8382,0.0456,0.35
3.153869,-0.1133,9.8601,0.0738,0.38
3.159292,-0.1354,9.8601,0.1102,0.4
3.169258,-0.1721,9.8263,0.1167,0.39
3.184884,-0.1574,9.7694,0.1345,0.34
3.188958,-0.1445,9.7405,0.1824,0.33
3.203197,-0.0974,9.7436,0.2451,0.36
3.209159,-0.0617,9.7128,0.2592,0.34
3.219833,-0.0038,9.6838,0.3412,0.39
3.235694,0.0424,9.6809,0.369,0.41
3.23905,0.0408,9.727,0.313,0.39
3.252173,-0.0061,9.772,0.2378,0.36
3.259302,-0.0454,9.8009,0.1335,0.33
3.269377,-0.0628,9.8439,0.0619,0.36
3.287089,-0.0714,9.8488,0.0199,0.36
3.288645,-0.0938,9.8389,-0.0201,0.35
3.302788,-0.0699,9.8179,0.0152,0.33
3.309218,-0.054,9.823,0.0221,0.33
3.320056,-0.0114,9.82,0.0114,0.32
3.337605,0.0256,9.8041,0.0621,0.31
3.338886,0.059,9.8041,0.0689,0.32
3.353744,0.0284,9.8162,0.1006,0.33
3.359321,0.0405,9.8114,0.1215,0.34
3.370797,0.086,9.7826,0.1772,0.34
3.378539,0.0774,9.7656,0.1944,0.34
3.388397,0.073,9.7687,0.203,0.34
3.40275,0.088,9.7759,0.1637,0.33
3.408517,0.0805,9.759,0.1117,0.29
3.42049,0.0799,9.781,0.094,0.31
3.428822,0.0536,9.7881,0.0943,0.31
3.43919,0.0413,9.8172,0.0908,0.33
3.453699,0.0273,9.8314,0.0831,0.34
3.458753,0.0191,9.8334,0.0994,0.35
3.471661,-0.0406,9.7905,0.113,0.31
3.479041,-0.0661,9.7787,0.1628,0.33
3.490778,-0.0624,9.748,0.1608,0.3
3.504414,-0.0619,9.7362,0.1274,0.28
3.508842,-0.0545,9.7653,0.0795,0.28
3.52116,-0.0235,9.7864,0.0688,0.3
3.529058,-0.0217,9.7914,-0.0032,0.29
3.53911,0.0088,9.8086,0.0008,0.31
3.555462,0.0058,9.8036,0.0114,0.3
3.558205,0.0236,9.7916,0.0251,0.29
3.572564,0.0251,9.7777,0.0455,0.28
3.579191,-0.0218,9.7658,0.0214,0.27
3.588344,-0.0345,9.7609,0.0081,0.26
3.606184,-0.0517,9.756,0.061,0.27
3.608142,-0.0558,9.7201,0.0884,0.24
3.626065,-0.0634,9.7133,0.0626,0.23
3.628117,-0.0671,9.7444,0.0765,0.26
3.641315,-0.053,9.7665,0.0861,0.29
3.657422,-0.0395,9.7905,0.0607,0.3
3.658533,-0.0233,9.8306,0.0528,0.34
3.67563,-0.0377,9.8576,0.0184,0.36
3.68199,-0.0717,9.8525,0.0008,0.36
3.688692,-0.112,9.7857,0.0357,0.31
3.705327,-0.1249,9.7427,0.0181,0.27
3.707866,-0.112,9.7547,0.0396,0.28
3.721717,-0.0994,9.7258,0.0579,0.25
3.72795,-0.0889,9.7428,0.0635,0.27
3.739463,-0.108,9.7638,0.0474,0.29
3.748112,-0.1021,9.7927,0.0417,0.31
3.758013,-0.0721,9.8098,0.0169,0.32
3.773188,-0.1048,9.8237,0.0458,0.34
3.77794,-0.1056,9.8238,0.0445,0.34
3.790688,-0.1023,9.8098,0.0333,0.33
3.797917,-0.0694,9.7668,0.0577,0.28
3.808186,-0.0663,9.7758,0.0339,0.29
3.823972,-0.0601,9.7739,0.0579,0.29
3.829166,-0.0853,9.822,0.053,0.34
3.839324,-0.0854,9.843,0.011,0.35
3.84841,-0.1056,9.8461,0.0284,0.36
3.858174,-0.1058,9.8271,0.0285,0.34
3.873927,-0.0621,9.8312,0.0373,0.34
3.878105,-0.0631,9.8411,0.0925,0.36
3.892896,-0.0371,9.8152,0.1198,0.34
3.898662,-0.0253,9.8082,0.1357,0.34
3.90822,-0.0256,9.7932,0.1131,0.32
3.927107,-0.0072,9.7572,0.1031,0.28
3.928141,-0.0453,9.7883,0.0998,0.31
3.941887,-0.0589,9.7504,0.1077,0.28
3.960563,-0.1112,9.7603,0.0477,0.29
3.960779,-0.0849,9.7963,0.0308,0.31
3.974378,-0.0676,9.8173,0.0306,0.33
3.976936,-0.058,9.8364,0.0349,0.34
3.994178,-0.0423,9.8394,0.0169,0.34
3.998973,-0.0258,9.8275,-0.0126,0.33
4.011283,-0.038,9.8125,-0.0149,0.32
4.027274,-0.0213,9.8086,0.0341,0.31
4.027696,0.0039,9.7917,0.0622,0.3
4.043723,0.0031,9.8058,0.0601,0.31
4.04769,-0.0114,9.794,0.0884,0.31
4.058474,-0.0238,9.7851,0.1004,0.3
4.075706,-0.0192,9.7583,0.1057,0.28
4.077479,-0.0037,9.782399999999999,0.0542,0.29
4.091328,0.0054,9.8165,0.0154,0.32
4.097667,0.0144,9.8117,0.0145,0.31
4.108928,0.0322,9.8047,0.0117,0.31
4.117507,0.0518,9.7947,0.0187,0.3
4.127859,0.0485,9.7738,0.0132,0.28
4.144327,0.0424,9.7709,-0.0099,0.27
4.147599,0.0362,9.79,0.0391,0.29
4.161124,0.026,9.7882,0.0569,0.29
4.167605,0.0575,9.7783,0.0954,0.3
4.17841,0.0324,9.7594,0.096,0.28
4.195234,0.0126,9.7545,0.009,0.26
4.19728,0.0048,9.7647,0.0179,0.27
4.213069,0.0228,9.7837,0.0358,0.29
4.217346,0.0435,9.7958,0.0547,0.3
4.227579,0.0439,9.789,0.0962,0.31
4.244714,0.0236,9.7651,0.1047,0.29
4.247417,-0.0199,9.7511,0.1317,0.28
4.259739,-0.0559,9.7294,0.1802,0.3
4.267568,-0.0679,9.7485,0.1862,0.32
4.279896,-0.0918,9.7437,0.178,0.32
4.293013,-0.0729,9.7368,0.18,0.31
4.297326,-0.0494,9.7559,0.149,0.3
4.309933,-0.0143,9.771,0.1307,0.3
4.318024,-0.0097,9.778,0.0891,0.29
4.32791,-0.0151,9.7759,0.0558,0.28
4.346089,-0.0486,9.8089,0.0489,0.32
4.347025,-0.0553,9.8,0.0742,0.31
4.360248,-0.0622,9.797,0.083,0.31
4.367229,-0.0451,9.7761,0.0936,0.3
4.377154,-0.0148,9.7472,0.0615,0.26
4.394554,-0.0081,9.7682,0.0576,0.27
4.396972,-0.0055,9.7832,0.0398,0.29
4.411518,-0.0254,9.8213,0.0266,0.32
4.417059,-0.0718,9.8404,0.0537,0.35
4.42708,-0.0574,9.8075,0.0973,0.33
4.445539,-0.015,9.8077,0.1133,0.33
4.447112,-0.0171,9.7688,0.1298,0.3
4.461856,-0.0204,9.7618,0.1471,0.3
4.467242,0.0029,9.7498,0.1438,0.29
4.477323,0.0049,9.7429,0.1484,0.28
4.487764,0.018,9.7568,0.1044,0.28
4.497614,-0.0065,9.7958,0.0954,0.31
4.51326,-0.0118,9.7909,0.092,0.31
4.517222,0.0097,9.7888,0.049,0.29
4.531666,0.0063,9.7648,0.0655,0.27
4.537727,-0.0364,9.7768,0.0629,0.29
4.548527,-0.0409,9.7809,0.0331,0.29
4.565356,-0.0899,9.817,0.0514,0.33
4.567463,-0.0743,9.8361,0.1026,0.36
4.578833,-0.0484,9.8082,0.1364,0.34
4.587661,-0.0352,9.7892,0.1462,0.33
4.59916,-0.0091,9.7983,0.1373,0.33
4.612432,-0.008,9.7844,0.1186,0.31
4.617069,0.017,9.7814,0.0864,0.29
4.632145,0.0279,9.7675,0.1057,0.29
4.637475,0.0228,9.7676,0.128,0.3
4.647469,0.0052,9.7696,0.1059,0.29
4.665806,0.0047,9.7816,0.0906,0.3
4.667307,0.028,9.7725,0.0887,0.29
4.678831,0.0408,9.7915,0.0673,0.3
4.688486,0.0232,9.8084,0.0654,0.32
4.699105,0.0037,9.7964,0.0622,0.3
4.713064,-0.0017,9.7894,0.0818,0.3
4.716697,0.0382,9.7654,0.0849,0.28
4.730788,0.0392,9.7654,0.0562,0.27
4.737234,0.0553,9.7984,0.069,0.31
4.749652,0.0642,9.8055,0.0776,0.32
4.764673,0.0364,9.7936,0.1036,0.31
4.767334,0.0437,9.7847,0.1429,0.32
4.781431,0.0282,9.7558,0.1412,0.29
4.786923,0.0014,9.7558,0.1387,0.29
4.798636,0.0197,9.7727,0.1309,0.3
4.814144,0.0494,9.7626,0.1364,0.3
4.816446,0.0431,9.7725,0.0997,0.29
4.830188,0.0567,9.7484,0.0434,0.26
4.83671,0.0339,9.7743,0.0119,0.28
4.848556,0.0358,9.7892,-0.0009,0.29
4.85661,0.0416,9.7981,0.0016,0.3
4.867653,0.0288,9.7792,0.0679,0.29
4.884707,0.0347,9.7602,0.0743,0.27
4.886936,0.0199,9.7891,0.0807,0.3
4.901464,0.0023,9.7812,0.0922,0.3
4.906662,-0.017,9.7932,0.0799,0.3
4.920499,-0.0341,9.7812,0.0998,0.3
4.932307,-0.0054,9.7812,0.0658,0.29
4.936818,0.0108,9.7811,0.0332,0.28
4.958776,0.0328,9.7551,0.0424,0.26
4.959382,0.0181,9.7671,0.0562,0.27
4.966915,0.0085,9.786,0.08,0.3
4.983452,-0.0088,9.789,0.0543,0.29
4.986709,-0.0191,9.789,0.0735,0.3
4.998841,-0.0242,9.76,0.114,0.28
5.006875,-0.0284,9.7551,0.1464,0.3
5.016731,-0.0097,9.753,0.1441,0.29
5.0322,0.0138,9.7311,0.1389,0.27
5.036786,0.0221,9.7311,0.092,0.25
5.049303,0.0077,9.7719,0.0462,0.28
5.056535,0.0162,9.8047,-0.0075,0.31
5.066838,0.0237,9.8195,-0.0211,0.32
5.082254,-0.0106,9.8333,-0.0464,0.34
5.08623,-0.0583,9.8163,-0.0522,0.33
5.099454,-0.058,9.7903,0.0185,0.3
5.10647,-0.0647,9.7732,0.0307,0.28
5.116987,-0.0457,9.7423,0.0823,0.26
5.132556,-0.0473,9.7443,0.0856,0.26
5.137327,-0.0299,9.7402,0.0718,0.25
5.149792,-0.0039,9.7471,0.0004,0.25
5.156509,0.0064,9.7729,-0.0205,0.27
5.168296,0.0138,9.7798,-0.0292,0.28
5.183507,0.011,9.7966,-0.0214,0.3
5.186174,-0.0049,9.7945,-0.0233,0.3
5.199561,-0.0097,9.782399999999999,-0.0031,0.28
5.206545,-0.0312,9.8032,-0.0232,0.31
5.216469,-0.0447,9.8131,-0.0026,0.32
5.233628,-0.0493,9.825,0.0248,0.33
5.236351,-0.0703,9.8148,0.0089,0.32
5.250275,-0.0477,9.7667,0.0043,0.27
5.256443,-0.0517,9.7695,0.013,0.27
5.266949,-0.0387,9.7694,-0.0206,0.27
5.276501,-0.0156,9.7831,-0.0419,0.29
5.286345,0.018,9.798,-0.0406,0.3
5.301803,0.0255,9.8169,-0.0437,0.32
5.306241,0.0222,9.8427,-0.0526,0.35
5.318027,-0.0183,9.8287,-0.0333,0.33
5.326616,0.018,9.8136,0.0111,0.31
5.336357,0.0063,9.7736,0.0855,0.29
5.351261,-0.0191,9.7536,0.0843,0.27
5.356637,-0.052,9.7876,0.0636,0.3
5.368512,-0.0694,9.7776,0.0747,0.3
5.3766,-0.0472,9.7896,0.0634,0.3
5.386156,-0.0549,9.8166,0.0371,0.32
5.40212,-0.0366,9.8136,0.0218,0.32
5.40617,-0.0144,9.8117,0.019,0.31
5.418243,-0.0084,9.7927,0.0458,0.3
5.426043,0.0185,9.8047,0.0308,0.31
5.436183,0.0171,9.8187,0.0829,0.33
5.452322,0.0198,9.8138,0.084,0.33
5.456254,0.0085,9.8169,0.0926,0.33
5.468547,0.0396,9.802,0.1098,0.32
5.47619,0.0023,9.8001,0.0939,0.31
5.486549,0.0078,9.7831,0.0583,0.29
5.503242,-0.0057,9.7883,0.0521,0.29
5.505951,-0.0153,9.7933,0.0747,0.3
5.519908,-0.0197,9.7904,0.0646,0.3
5.526021,-0.026,9.7984,0.0534,0.3
5.536155,-0.0134,9.7955,0.052,0.3
5.553087,-0.0245,9.7746,0.074,0.29
5.556198,-0.033,9.7698,0.0839,0.28
5.569954,-0.0315,9.7579,0.075,0.27
5.576607,-0.0509,9.779,0.0545,0.29
5.586479,-0.0285,9.7892,0.038,0.29
5.603186,-0.043,9.8112,0.0222,0.31
5.605641,-0.0586,9.7964,0.0458,0.31
5.619931,-0.0219,9.7875,0.0292,0.29
5.626038,-0.0263,9.7707,0.0876,0.29
5.637549,-0.0678,9.768,0.1055,0.3
5.64593,-0.0783,9.7712,0.1088,0.3
5.656871,-0.0956,9.7804,0.1072,0.32
5.670534,-0.1055,9.7806,0.102,0.32
5.675865,-0.0899,9.7768,0.1061,0.31
5.687681,-0.0619,9.801,0.1061,0.33
5.696128,-0.0333,9.7842,0.131,0.31
5.705297,-0.0043,9.7892,0.0844,0.3
5.720276,-0.0061,9.8053,0.0498,0.31
5.725249,-0.0374,9.8103,0.0569,0.32
5.737048,-0.0366,9.8134,0.0322,0.32
5.745396,-0.0212,9.8035,0.0618,0.31
5.755396,-0.0258,9.7626,0.0836,0.28
5.770096,0.0032,9.7267,0.097,0.25
5.775983,0.0169,9.7268,0.0642,0.24
5.787828,0.0217,9.7418,0.0134,0.24
5.795689,0.0048,9.7538,0.0131,0.25
5.805802,-0.0089,9.7868,0.0318,0.29
5.823985,0.0124,9.8209,0.0313,0.32
5.829938,-0.0197,9.854,0.0524,0.36
5.837845,-0.0564,9.857099999999999,0.0583,0.37
5.845595,-0.0011,9.8402,0.1002,0.35
5.855113,0.0056,9.7782,0.1177,0.3
5.87183,-0.0115,9.7323,0.0996,0.25
5.875545,-0.0234,9.7033,0.1038,0.23
5.889658,-0.0067,9.7234,0.1129,0.25
5.895574,-0.01,9.7273,0.11,0.25
5.907414,-0.0288,9.7542,0.0543,0.26
5.923738,-0.017,9.7991,0.0158,0.3
5.925238,-0.0025,9.806,0.0231,0.31
5.94045,-0.0033,9.8018,0.0183,0.3
5.958618,-0.002,9.8158,0.0459,0.32
5.958918,0.0143,9.8157,0.0356,0.32
5.973832,0.0036,9.8037,0.0128,0.3
5.975674,0.0081,9.7816,0.0486,0.29
5.98974,-0.006,9.7696,0.0818,0.28
5.995499,-0.0375,9.7677,0.1048,0.29
6.007673,-0.0461,9.7487,0.1041,0.27
6.01575,-0.0627,9.7537,0.1199,0.29
6.025262,-0.0248,9.7558,0.0949,0.27
6.04104,0.0032,9.7936,0.1218,0.32
6.04514,-0.0184,9.8205,0.0875,0.33
6.058281,-0.0306,9.8134,0.0582,0.32
6.065599,-0.0574,9.8035,0.081,0.32
6.075242,-0.0424,9.7743,0.1124,0.3
6.091842,-0.0544,9.7774,0.1262,0.31
6.095054,-0.0334,9.7774,0.1362,0.31
6.108497,-0.0287,9.7743,0.1506,0.31
6.11528,-0.0173,9.7773,0.1326,0.31
6.12541,-0.023,9.7982,0.081,0.31
6.141015,-0.0402,9.8171,0.0478,0.32
6.145146,-0.066,9.798,0.0105,0.31
6.158,-0.0895,9.8151,0.0186,0.33
6.165117,-0.0536,9.808,0.0292,0.31
6.175044,-0.0583,9.7979,0.0247,0.3
6.190938,-0.0598,9.7619,0.0061,0.27
6.194959,-0.0218,9.7739,0.0164,0.28
6.208956,-0.0265,9.7769,0.0238,0.28
6.215022,-0.0181,9.7739,0.0719,0.28
6.225352,-0.0294,9.7859,0.0436,0.29
6.243132,-0.0032,9.8008,0.0159,0.3
6.244959,0.0137,9.8008,0.0406,0.3
6.259098,0.0139,9.8218,0.0409,0.32
6.264644,-0.0127,9.8098,0.0601,0.32
6.275367,-0.0075,9.7959,0.0768,0.31
6.291041,-0.0003,9.7738,0.0788,0.28
6.294733,0.0045,9.7329,0.082,0.25
6.308005,0.0228,9.7257,0.0706,0.24
6.315082,0.0133,9.7377,0.055,0.24
6.326208,0.0179,9.7477,0.0802,0.26
6.342003,-0.0039,9.7836,0.0274,0.28
6.344326,-0.0341,9.7955,0.0372,0.3
6.359707,-0.0451,9.8194,0.0192,0.32
6.36456,-0.0137,9.8353,-0.0005,0.34
6.376764,-0.0014,9.8263,0.051,0.33
6.385225,0.0226,9.7881,0.0549,0.29
6.394553,0.0649,9.7761,0.0724,0.29
6.410065,0.0524,9.7441,0.0732,0.26
6.414486,0.033,9.7421,0.0811,0.26
6.425561,0.0228,9.7469,0.0773,0.26
6.436314,-0.0051,9.7539,0.0436,0.26
6.446465,-0.0217,9.7917,0.0245,0.29
6.464641,-0.0312,9.8186,0.0114,0.32
6.465024,-0.0357,9.8324,-0.0072,0.33
6.478886,-0.0393,9.8494,-0.0228,0.35
6.485105,-0.011,9.8322,-0.0391,0.33
6.495491,-0.0149,9.8062,-0.0441,0.31
6.513293,-0.0128,9.7821,-0.0099,0.28
6.514465,-0.0028,9.7601,0.0453,0.26
6.529735,0.0209,9.7651,0.0575,0.27
6.534227,0.0038,9.772,0.0579,0.28
6.545049,0.0085,9.76,0.0855,0.27
6.568394,-0.0131,9.7869,0.0601,0.29
6.569017,-0.0079,9.7988,0.0572,0.3
6.582122,0.0089,9.8028,0.0452,0.31
6.584204,-0.0128,9.7957,0.0641,0.3
6.595269,-0.0175,9.8127,0.0509,0.32
6.612834,-0.0104,9.7985,0.0335,0.3
6.614946,0.0094,9.7955,0.0347,0.3
6.631881,-0.0074,9.8055,0.0217,0.31
6.634547,-0.0006,9.8055,0.0507,0.31
6.648254,-0.0008,9.8105,0.0547,0.32
6.661312,-0.0297,9.7955,0.0477,0.3
6.664446,-0.0318,9.7815,0.0763,0.29
6.680427,-0.0081,9.7745,0.0858,0.29
6.685219,-0.0063,9.7766,0.0519,0.28
6.696343,-0.018,9.7745,0.0474,0.28
6.711344,-0.0198,9.8055,0.0886,0.32
6.713823,-0.0178,9.8074,0.0651,0.31
6.728894,-0.0247,9.7935,0.0559,0.3
6.734353,-0.0196,9.8125,0.0497,0.32
6.74537,0.0061,9.7953,0.0536,0.3
6.761598,0.0105,9.7933,0.0277,0.29
6.763747,-0.0086,9.8123,0.0429,0.32
6.779181,-0.0156,9.7884,0.0496,0.29
6.783884,-0.0253,9.7764,0.0747,0.29
6.794478,-0.0081,9.7694,0.0837,0.28
6.80432,0.0107,9.7784,0.0895,0.29
6.813694,-0.0012,9.788499999999999,0.0957,0.3
6.829117,-0.0111,9.7864,0.0458,0.29
6.834251,-0.0033,9.7765,0.077,0.29
6.846928,0.0084,9.7984,0.0779,0.31
6.854332,0.01,9.7863,0.0503,0.29
6.864284,0.0077,9.8072,0.028,0.31
6.882305,-0.0312,9.8022,0.0345,0.31
6.884301,-0.0309,9.7831,0.0031,0.28
6.896042,-0.0611,9.7861,-0.0075,0.29
6.90454,-0.0485,9.8002,0.0092,0.3
6.914258,-0.0222,9.7781,0.0639,0.29
6.93073,-0.019,9.7812,0.0782,0.29
6.934225,-0.012,9.7782,0.0703,0.29
6.957618,-0.0067,9.7812,0.0977,0.3
6.957964,-0.0443,9.7783,0.0889,0.3
6.964738,-0.021,9.7883,0.0441,0.29
6.978994,-0.0129,9.7902,0.0248,0.29
6.983934,-0.0129,9.798,0.0075,0.3
6.996287,0.0077,9.807,0.0127,0.31
7.004185,0.036,9.805,-0.0002,0.31
7.014298,0.0138,9.8049,-0.0016,0.31
7.031734,0.0214,9.8099,0.0691,0.32
7.034033,-0.0028,9.7899,0.0924,0.3
7.048793,-0.0413,9.7739,0.1068,0.3
7.05376,-0.0497,9.781,0.0897,0.3
7.065704,-0.0474,9.771,0.0761,0.29
7.082354,-0.0165,9.776,0.0687,0.28
7.083784,0.005,9.7859,0.0722,0.29
7.098559,0.0329,9.7828,0.047,0.29
7.103825,0.0626,9.8018,0.0637,0.31
7.116122,0.0307,9.8018,0.0758,0.31
7.132519,-0.0038,9.7947,0.0477,0.3
7.133426,-0.0445,9.7898,0.0426,0.3
7.148864,-0.0701,9.7827,0.0921,0.31
7.153865,-0.058,9.7707,0.078,0.29
7.166287,-0.0531,9.7568,0.09,0.28
7.173158,-0.0344,9.8018,0.0805,0.31
7.183751,-0.0109,9.8047,0.0453,0.31
7.200432,-0.0063,9.7877,0.037,0.29
7.203661,-0.0095,9.7976,0.0328,0.3
7.219364,0.0022,9.8066,0.0423,0.31
7.224797,-0.0117,9.794599999999999,0.0575,0.3
7.236755,-0.0118,9.7856,0.1121,0.31
7.250936,0.0167,9.7926,0.0931,0.31
7.253113,0.0281,9.7876,0.105,0.31
7.264985,0.0039,9.7756,0.0761,0.29
7.273928,-0.0282,9.7926,0.0852,0.31
7.28347,-0.059,9.7705,0.0765,0.29
7.29853,-0.0557,9.7566,0.072,0.27
7.303427,-0.028,9.7635,0.061,0.27
7.315658,-0.0066,9.7564,0.0574,0.26
7.323694,-0.0306,9.7973,0.0076,0.3
7.333589,-0.0135,9.8092,0.0048,0.31
7.349369,0.0001,9.7851,0.0187,0.29
7.353448,-0.0121,9.8061,0.0322,0.31
7.366054,0.0166,9.8112,0.0369,0.31
7.373664,0.0178,9.7969,0.0474,0.3
7.382812,0.0134,9.8058,0.0103,0.31
7.400011,-0.0017,9.7937,0.0003,0.29
7.403403,0.0031,9.8007,0.0068,0.3
7.416539,-0.0135,9.7987,0.0013,0.3
7.423589,-0.0012,9.7917,0.031,0.29
7.433436,0.0018,9.7936,0.0503,0.3
7.450512,-0.0033,9.7797,0.0638,0.29
7.452916,0.0222,9.7677,0.0969,0.29
7.467546,0.02,9.7726,0.0983,0.29
7.473402,0.0215,9.7966,0.0984,0.31
7.484201,-0.0165,9.8107,0.0517,0.32
7.499953,-0.054,9.8055,0.0344,0.31
7.503001,-0.0309,9.8395,0.0222,0.34
7.517209,-0.0113,9.8414,-0.0152,0.34
7.523679,-0.0046,9.8364,0.0311,0.34
7.533735,0.0256,9.7914,0.0497,0.3
7.543287,0.0181,9.7844,0.0354,0.29
7.553156,0.0224,9.7814,0.0792,0.29
7.566229,0.0308,9.7745,0.1086,0.3
7.573264,-0.0102,9.7765,0.0834,0.29
7.584656,-0.0409,9.7965,0.0994,0.32
7.593355,-0.0406,9.7987,0.1154,0.32
7.603426,0.0118,9.7846,0.1049,0.3
7.617571,0.0252,9.7916,0.0736,0.3
7.623003,0.0057,9.8366,0.0595,0.34
7.634853,0.0199,9.8055,0.0455,0.31
7.642803,0.0308,9.7866,0.0454,0.29
7.653381,-0.0106,9.7795,0.0373,0.28
7.66778,-0.0042,9.7746,0.0302,0.28
7.672987,-0.0214,9.7795,0.0588,0.29
7.685462,-0.0215,9.7935,0.0208,0.29
7.693295,0.0189,9.7645,0.0011,0.27
7.707721,0.0442,9.7934,0.0133,0.3
7.717969,0.0345,9.7764,0.0117,0.28
7.722396,0.0426,9.7963,0.0186,0.3
7.735499,0.0349,9.7933,0.0405,0.3
7.742479,-0.0062,9.7914,0.0425,0.29
7.753028,-0.0203,9.7963,0.054,0.3
7.769736,-0.0301,9.7914,0.0704,0.3
7.772353,-0.039,9.7694,0.0904,0.29
7.785601,-0.0369,9.7555,0.0896,0.27
7.792495,-0.0101,9.7505,0.073,0.26
7.802471,0.0055,9.7745,0.0509,0.28
7.820378,0.015,9.7964,0.0626,0.3
7.82237,0.0052,9.8084,0.0387,0.31
7.836396,-0.0087,9.8125,0.042,0.32
7.842737,-0.0274,9.8035,0.0207,0.31
7.852999,-0.0538,9.7844,0.031,0.29
7.869906,-0.0531,9.7645,0.052,0.27
7.872013,-0.0358,9.7694,0.0454,0.28
7.885928,-0.0138,9.7675,0.074,0.28
7.89386,-0.0137,9.7695,0.0496,0.27
7.903021,0.0172,9.7965,0.058,0.3
7.919827,0.0153,9.7815,0.0808,0.29
7.922262,0.0124,9.8006,0.0775,0.31
7.936375,-0.0227,9.7988,0.0901,0.31
7.942845,-0.0385,9.7869,0.0868,0.3
7.964578,-0.0703,9.8129,0.0948,0.33
7.964929,-0.0526,9.8059,0.0613,0.32
7.972497,-0.043,9.811,0.0746,0.32
7.988875,-0.0237,9.799,0.0462,0.3
7.992411,0.0031,9.7819,0.0172,0.28
8.004174,-0.0139,9.78,0.022,0.28
8.012382,0.0168,9.799,0.017,0.3
8.022491,0.0235,9.794,0.0543,0.3
8.037812,-0.0209,9.7921,0.0653,0.3
8.042707,-0.0351,9.7632,0.0811,0.28
8.054513,-0.0176,9.7342,0.0917,0.25
8.062748,-0.0221,9.7323,0.0758,0.25
8.072586,-0.0047,9.7703,0.073,0.28
8.089803,0.0192,9.8063,0.0541,0.31
8.092095,0.0378,9.8133,0.0495,0.32
8.107843,0.0235,9.8372,0.0123,0.34
8.112498,0.0352,9.8372,0.0055,0.34
8.123535,0.0042,9.8162,0.0263,0.32
8.14027,-0.0247,9.8013,0.0374,0.3
8.142368,-0.0501,9.7613,0.0664,0.27
8.15569,-0.0527,9.7464,0.1148,0.28
8.162212,-0.0405,9.7566,0.1005,0.28
8.172635,-0.0284,9.7757,0.0911,0.29
8.190289,-0.0047,9.8017,0.0693,0.31
8.205054,-0.0011,9.8167,0.0464,0.32
8.211828,-0.0224,9.8138,0.027,0.32
8.224213,-0.0218,9.7948,0.076,0.31
8.243415,0.0144,9.7659,0.0989,0.28
8.26032,0.0234,9.7539,0.1205,0.28
8.280254,-0.0067,9.754,0.0619,0.26
8.281728,-0.0049,9.7619,0.0989,0.28
8.293071,0.005,9.757,0.0911,0.27
8.305819,-0.0001,9.774000000000001,0.0569,0.28
8.311887,-0.0188,9.7881,0.0378,0.29
8.325226,-0.0256,9.807,0.0262,0.31
8.332375,-0.0303,9.79,0.013,0.29
8.342338,-0.0301,9.7979,0.0275,0.3
8.358167,-0.0299,9.824,0.0425,0.33
8.362344,-0.0444,9.8141,0.0726,0.33
8.375365,-0.0172,9.8002,0.1118,0.32
8.381988,-0.0103,9.7622,0.1356,0.3
8.392525,-0.0055,9.7403,0.129,0.27
8.408746,-0.0056,9.7423,0.0925,0.26
8.411986,0.0268,9.7933,0.0616,0.3
8.42565,0.0222,9.8022,0.0571,0.31
8.432046,-0.0333,9.8052,0.0437,0.31
8.442026,-0.0281,9.8243,0.0251,0.33
8.459438,-0.0394,9.7982,0.0321,0.3
8.461881,-0.0523,9.8023,0.0409,0.31
8.475437,-0.0466,9.8004,0.0408,0.31
8.48209,-0.0203,9.7863,0.0433,0.29
8.492327,0.0016,9.7644,0.0396,0.27
8.508861,0.0371,9.7934,0.072,0.3
8.51175,0.003,9.7665,0.0963,0.28
8.525015,0.0147,9.7715,0.11,0.29
8.532009,0.0283,9.7715,0.118,0.3
8.541752,-0.0118,9.7955,0.0967,0.31
8.559124,0.002,9.7865,0.0938,0.3
8.561855,-0.0102,9.7815,0.0991,0.3
8.576727,-0.0172,9.8025,0.0739,0.31
8.581828,-0.0319,9.7954,0.0441,0.3
8.59133,-0.0356,9.8144,0.0184,0.32
8.609231,-0.0433,9.8264,0.0075,0.33
8.611923,-0.038,9.8313,0.0247,0.33
8.62574,-0.0584,9.8024,0.0344,0.31
8.631944,-0.0883,9.7475,0.0612,0.27
8.642439,-0.0429,9.7666,0.0984,0.29
8.659769,-0.014,9.7596,0.0867,0.27
8.661355,-0.0121,9.7648,0.0927,0.28
8.676422,0.0185,9.7867,0.0782,0.3
8.68176,0.0516,9.8076,0.0524,0.32
8.693259,0.0626,9.8296,0.0525,0.34
8.701678,0.026,9.8337,0.0546,0.34
8.715368,0.0186,9.8056,0.0429,0.31
8.726186,-0.0103,9.7906,0.0385,0.29
8.730973,-0.0666,9.7766,0.0439,0.29
8.742753,-0.057,9.7696,0.061,0.28
8.751862,-0.0448,9.7626,0.0914,0.28
8.761268,-0.0159,9.7576,0.0958,0.28
8.778324,0.0166,9.7546,0.0764,0.27
8.780875,0.0209,9.7506,0.0566,0.26
8.794704,0.0353,9.7786,0.0333,0.28
8.801374,0.0034,9.8126,0.0081,0.31
8.81443,-0.0156,9.8314,-0.0166,0.33
8.826282,-0.0393,9.8314,0.0172,0.33
8.830952,-0.0668,9.8314,0.0275,0.34
8.843241,-0.074,9.8385,0.0442,0.35
8.852096,-0.0614,9.8075,0.0674,0.32
8.861417,-0.0727,9.7746,0.0826,0.3
8.878452,-0.0602,9.7746,0.1031,0.3
8.881052,-0.026,9.7457,0.1226,0.28
8.896602,0.0402,9.7627,0.1196,0.29
8.912043,0.0298,9.7768,0.0762,0.29
8.912369,0.0294,9.7867,0.0547,0.29
8.928267,0.02,9.8057,0.0435,0.31
8.931422,-0.0514,9.8177,0.0162,0.32
8.944738,-0.053,9.8297,0.0067,0.33
8.963576,-0.0368,9.8076,0.0305,0.31
8.978325,-0.0288,9.8147,0.0114,0.32
8.995419,0.0103,9.7958,0.0624,0.3
9.001263,0.015,9.7818,0.0395,0.28
9.012371,0.0098,9.7838,0.0526,0.29
9.028239,-0.0003,9.8029,0.076,0.31
9.030871,0.0024,9.7909,0.0737,0.3
9.045946,-0.0215,9.7939,0.048,0.3
9.051215,-0.048,9.8109,0.0572,0.32
9.062797,-0.0425,9.8108,0.0387,0.32
9.071419,-0.0608,9.7838,-0.0016,0.29
9.080764,-0.0467,9.8108,0.0134,0.31
9.096242,-0.0533,9.8199,0.0438,0.33
9.100526,-0.043,9.791,0.0517,0.3
9.112866,-0.0498,9.7771,0.0502,0.29
9.129226,-0.0307,9.7672,0.1058,0.29
9.130424,-0.015,9.7462,0.0971,0.27
9.151688,-0.0151,9.7673,0.0887,0.28
9.152226,-0.0171,9.7703,0.0758,0.28
9.165184,-0.0003,9.7963,0.0672,0.3
9.170754,0.0043,9.8374,0.0461,0.34
9.183202,0.0058,9.8323,0.0428,0.34
9.20124,0.0055,9.8374,0.0473,0.34
9.201563,-0.0165,9.7963,0.0212,0.3
9.215183,-0.0047,9.7753,0.0181,0.28
9.221077,0.0101,9.7894,0.0562,0.3
9.231233,0.0068,9.7754,0.0998,0.29
9.249197,-0.0054,9.7635,0.1148,0.29
9.250665,-0.0076,9.7417,0.1317,0.28
9.265246,-0.0126,9.7276,0.0974,0.25
9.270846,0.0209,9.7486,0.0678,0.26
9.282053,0.037,9.7966,0.0373,0.3
9.299092,0.0215,9.8235,0.0567,0.33
9.300208,-0.0115,9.8445,0.0452,0.35
9.31637,-0.0164,9.8185,0.0409,0.32
9.320842,-0.0263,9.7965,0.0156,0.3
9.33247,-0.0214,9.7895,0.0328,0.29
9.349635,-0.0336,9.7635,0.0872,0.28
9.350788,-0.0385,9.7586,0.1023,0.28
9.366382,-0.0235,9.7515,0.107,0.27
9.370122,-0.0402,9.7755,0.0999,0.3
9.383271,-0.0352,9.7725,0.0715,0.28
9.390665,-0.0142,9.7875,0.0699,0.3
9.400524,-0.0113,9.7875,0.0726,0.3
9.41618,-0.0025,9.7994,0.0071,0.3
9.420596,-0.0144,9.7914,0.0234,0.29
9.433895,-0.014,9.7843,0.0336,0.29
9.440988,0.0011,9.7943,0.0278,0.3
9.450412,0.0129,9.770199999999999,0.0342,0.27
9.467314,0.0145,9.7941,0.0138,0.29
9.470763,0.0397,9.8061,0.037,0.31
9.483719,0.0367,9.779,0.0396,0.28
9.490559,0.0102,9.767,0.0469,0.27
9.501292,0.0021,9.8029,0.0714,0.31
9.516973,-0.0069,9.801,0.0681,0.31
9.520606,-0.0139,9.7958,0.0851,0.31
9.533328,-0.0216,9.8009,0.0864,0.31
9.540665,-0.012,9.7987,0.0497,0.3
9.551225,-0.0429,9.8057,0.073,0.32
9.568616,-0.0379,9.8007,0.0899,0.32
9.57078,-0.0171,9.8026,0.0821,0.31
9.584184,-0.0221,9.8075,0.0496,0.31
9.590454,-0.0459,9.8074,0.0391,0.31
9.601289,-0.0309,9.7934,0.0214,0.3
9.618523,-0.0547,9.7784,0.0557,0.29
9.620508,-0.0289,9.7574,0.0884,0.27
9.635709,0.0046,9.7624,0.0676,0.27
9.640373,0.006,9.7904,0.0752,0.3
9.651604,0.0225,9.7953,0.0929,0.31
9.668705,-0.0068,9.8173,0.0909,0.33
9.669961,0.0029,9.8262,0.0681,0.33
9.686144,-0.0074,9.8021,0.0505,0.31
9.690306,0.0089,9.7811,0.0587,0.29
9.701941,0.0035,9.781,0.0742,0.29
9.718006,0.0265,9.7949,0.0743,0.31
9.725163,0.0326,9.7739,0.1051,0.3
9.737328,0.0346,9.7539,0.1237,0.28
9.739582,0.0288,9.7279,0.0644,0.24
9.752269,-0.0169,9.7538,0.035,0.26
9.775534,-0.0139,9.7778,0.003,0.28
9.775969,-0.0288,9.794599999999999,-0.0204,0.3
9.784876,-0.0207,9.8136,0.0077,0.31
9.789916,-0.0254,9.8645,-0.0088,0.37
9.800889,-0.0302,9.8524,-0.0065,0.35
9.810933,-0.0202,9.8133,-0.0064,0.31
9.820559,-0.0249,9.8043,0.0279,0.31
9.836491,-0.0157,9.7633,0.0319,0.27
9.839961,-0.0176,9.7371,0.0332,0.24
9.854959,-0.043,9.7581,0.0438,0.27
9.859919,-0.0238,9.7921,0.0435,0.3
9.869793,-0.0186,9.801,0.0283,0.3
9.886331,-0.0305,9.8089,-0.0007,0.31
9.890077,-0.0262,9.823,0.0126,0.32
9.903402,-0.0231,9.7848,0.0438,0.29
9.909817,-0.0327,9.7799,0.0729,0.29
9.91996,-0.0442,9.775,0.0754,0.29
9.938628,-0.0288,9.7919,0.0337,0.3
9.939761,-0.0315,9.8008,0.0288,0.3
9.962493,-0.0192,9.8228,0.0088,0.32
9.963123,-0.0043,9.8037,0.0153,0.3
9.970392,0.0025,9.7966,0.0474,0.3
9.986917,-0.0008,9.8126,0.0514,0.32
9.989493,-0.008,9.7935,0.0661,0.3
10.00221,-0.0169,9.7845,0.0738,0.29
10.009727,0.0019,9.7985,0.0656,0.31
10.020354,0.0154,9.8105,0.0546,0.32
10.038233,0.0267,9.8203,0.0481,0.33
10.03927,0.036,9.7963,0.0385,0.3
10.052417,0.0301,9.8033,0.0909,0.32
10.059259,-0.001,9.7913,0.0718,0.3
10.069297,-0.0278,9.7764,0.0618,0.28
10.086416,-0.0438,9.7933,0.0312,0.3
10.089249,-0.0396,9.7813,0.0403,0.29
10.103688,-0.0082,9.7984,0.0433,0.3
10.109677,0.0032,9.7812,0.0215,0.28
10.124552,0.0028,9.7932,0.0197,0.29
10.139884,0.0096,9.7983,0.0216,0.3
10.140376,-0.0056,9.7983,0.0386,0.3
10.15964,0.011,9.7913,0.0454,0.29
10.160182,0.009,9.7983,0.0408,0.3
10.173153,0.0177,9.7962,0.0413,0.3
10.188496,-0.0323,9.7863,0.0294,0.29
10.191306,-0.037,9.7983,0.0767,0.31
10.207077,-0.0387,9.7913,0.1,0.31
10.209418,-0.015,9.7842,0.0639,0.29
10.223163,0.0156,9.7553,0.0283,0.26
10.229693,0.0155,9.7522,0.0169,0.25
10.239567,0.0388,9.7672,-0.0103,0.27
10.257036,0.0334,9.7982,-0.0126,0.3
10.25948,0.0164,9.8121,0.007,0.31
10.273659,-0.0142,9.7982,0.0224,0.3
10.279943,-0.0327,9.8151,0.0465,0.32
10.290505,-0.0647,9.7961,0.0419,0.31
10.307591,-0.0527,9.786200000000001,0.0204,0.29
10.30898,-0.0065,9.8002,0.0526,0.3
10.324084,0.0223,9.7961,0.038,0.3
10.329477,0.0221,9.7911,0.05,0.3
10.340911,0.0267,9.7911,0.0378,0.29
10.35796,0.0067,9.7881,0.0207,0.29
10.359106,-0.0357,9.7912,0.0758,0.3
10.37161,-0.044,9.7983,0.0892,0.31
10.379701,-0.048,9.7842,0.0815,0.3
10.391422,-0.0612,9.8003,0.0814,0.32
10.408202,-0.075,9.7843,0.0576,0.3
10.409203,-0.0479,9.7794,0.0429,0.29
10.424696,-0.0068,9.8154,0.0173,0.32
10.429161,0.029,9.8154,0.0152,0.32
10.441361,0.0457,9.7963,0.0475,0.3
10.458381,0.015,9.7844,0.0567,0.29
10.458847,0.0219,9.7694,0.0836,0.28
10.475444,0.0098,9.7694,0.086,0.28
10.479553,-0.004,9.7814,0.0449,0.29
10.49236,-0.014,9.7814,0.0482,0.29
10.508921,-0.0426,9.8054,0.0575,0.31
10.509364,-0.044,9.8294,0.0525,0.34
10.525724,-0.0434,9.7965,0.043,0.3
10.52933,-0.031,9.7796,0.0558,0.29
10.542178,-0.0335,9.8007,0.0922,0.32
10.559046,-0.0183,9.7677,0.0954,0.28
10.559432,-0.0091,9.7768,0.0703,0.29
10.575445,0.0029,9.7989,0.0861,0.31
10.579163,-0.0159,9.7889,0.0901,0.3
10.592348,-0.0154,9.787,0.0437,0.29
10.599108,-0.0033,9.8059,0.0482,0.31
10.609755,-0.0005,9.8129,0.0481,0.32
10.624347,0.0153,9.811,0.0413,0.31
10.629115,-0.0007,9.7869,0.0247,0.29
10.643743,-0.0086,9.7698,0.0303,0.27
10.648901,-0.0321,9.7919,0.0444,0.3
10.660478,-0.0545,9.7939,0.054,0.3
10.675007,-0.0566,9.799,0.0769,0.31
10.679015,-0.0507,9.7891,0.1066,0.31
10.693265,-0.0215,9.7491,0.0817,0.26
10.699757,-0.0005,9.7752,0.0573,0.28
10.710737,0.0332,9.8011,0.0637,0.31
10.727157,0.0279,9.7971,0.0493,0.3
10.733986,0.0141,9.8061,0.0745,0.32
10.746542,-0.0146,9.7922,0.0928,0.31
10.748274,-0.0174,9.7993,0.0663,0.31
10.761124,-0.0287,9.7993,0.088,0.31
10.780048,-0.0134,9.7873,0.083,0.3
10.780518,-0.0302,9.7972,0.0732,0.31
10.792202,-0.0279,9.7873,0.0618,0.3
10.797727,-0.0157,9.7633,0.0317,0.27
10.809955,-0.0177,9.7972,-0.0032,0.3
10.825902,-0.0433,9.7971,-0.0116,0.3
10.828964,-0.0239,9.8062,-0.0115,0.31
10.844294,-0.0423,9.7993,0.0279,0.3
10.849102,-0.0279,9.792300000000001,0.0371,0.3
10.860701,-0.0275,9.8093,0.0739,0.32
10.877052,-0.0201,9.7974,0.0609,0.3
10.878537,-0.0287,9.7854,0.0598,0.29
10.891968,0.0024,9.7925,0.0774,0.3
10.898553,-0.0282,9.7756,0.0696,0.29
10.912531,-0.0376,9.7826,0.0642,0.29
10.929136,-0.0252,9.7826,0.086,0.3
10.929685,0.009,9.7656,0.0765,0.28
10.941295,-0.0129,9.7636,0.0394,0.27
10.960298,-0.0365,9.8016,0.0235,0.3
10.960706,-0.0379,9.7925,0.0055,0.3
10.967839,-0.0253,9.8065,-0.0005,0.31
10.97733,-0.0398,9.7925,0.012,0.3
10.999346,-0.0433,9.8255,0.0359,0.33
11.000215,-0.0476,9.8166,0.0543,0.32
11.011015,-0.0235,9.8066,0.064,0.31
11.027151,-0.0164,9.8256,0.0564,0.33
11.028133,0.0123,9.7997,0.0786,0.31
11.049535,0.0001,9.7896,0.0523,0.29
11.050192,-0.0147,9.7927,0.0591,0.3
11.064589,-0.0094,9.7878,0.0974,0.3
11.067736,-0.011,9.7897,0.0517,0.29
11.079447,-0.0303,9.7927,0.0335,0.3
11.098405,-0.032,9.8066,0.0509,0.31
11.099558,-0.0218,9.8117,0.0632,0.32
11.114222,-0.001,9.8237,0.0871,0.34
11.117639,-0.0201,9.8186,0.0869,0.33
11.128137,-0.0388,9.8118,0.1027,0.33
11.145573,-0.0457,9.7758,0.1002,0.3
11.147527,-0.008,9.7567,0.0695,0.27
11.161134,0.0155,9.7856,0.034,0.29
11.167929,0.0055,9.7877,0.0391,0.29
11.178534,0.0083,9.8186,0.044,0.32
11.195043,0.008,9.8186,0.0556,0.32
11.197548,0.0046,9.8096,0.0826,0.32
11.211593,-0.0165,9.8097,0.0698,0.32
11.218283,-0.0351,9.7928,0.0762,0.3
11.228676,-0.0585,9.7827,0.0879,0.3
11.244907,-0.0581,9.7948,0.0791,0.31
11.248163,-0.0368,9.7898,0.0556,0.3
11.261487,-0.0029,9.7878,0.058,0.29
11.268193,0.0252,9.7998,0.0375,0.3
11.279503,0.057,9.7777,0.0109,0.28
11.297379,0.0393,9.7856,0.0349,0.29
11.297925,-0.0037,9.8016,0.0378,0.3
11.315421,-0.055,9.8066,0.0262,0.31
11.31772,-0.0572,9.7687,0.0147,0.28
11.329669,-0.0616,9.7927,0.0083,0.3
11.338064,-0.0344,9.794599999999999,0.0365,0.3
11.347934,-0.0304,9.7926,0.0297,0.3
11.363221,-0.0581,9.7856,0.0089,0.29
11.367888,-0.0765,9.794599999999999,0.0418,0.31
11.380729,-0.0361,9.7877,0.0347,0.29
11.388158,-0.0242,9.7826,0.0026,0.28
11.398223,-0.017,9.8215,0.0119,0.32
11.415466,-0.021,9.8236,-0.0183,0.32
11.417962,-0.007,9.8255,0.0001,0.33
11.430964,-0.019,9.8064,0.0198,0.31
11.437614,-0.007,9.7974,0.0201,0.3
11.448028,-0.0378,9.7635,0.042,0.27
11.463769,-0.0288,9.7875,0.047,0.29
11.467662,-0.0395,9.7944,0.0186,0.3
11.481649,-0.054,9.7875,0.0141,0.29
11.487923,-0.0487,9.7733,0.0176,0.28
11.49814,-0.0316,9.7804,0.0367,0.28
11.51439,0.0129,9.8014,0.0266,0.3
11.517822,0.0175,9.8063,0.0316,0.31
11.531154,0.0103,9.8183,0.0721,0.33
11.537918,0.0219,9.8164,0.0596,0.32
11.547485,0.0045,9.8114,0.0378,0.31
11.564975,-0.0075,9.7804,0.0551,0.29
11.56702,-0.0075,9.7924,0.0383,0.29
11.580706,-0.0076,9.8133,0.0575,0.32
11.587196,-0.0216,9.8183,0.0724,0.33
11.59725,0.0109,9.8013,0.0764,0.31
11.614123,0.041,9.7633,0.0575,0.27
11.617079,0.0401,9.7582,0.0084,0.26
11.63171,0.0373,9.7611,-0.0077,0.26
11.637365,0.0079,9.7992,-0.0089,0.3
11.64836,-0.0042,9.8131,0.0124,0.31
11.665512,-0.0111,9.7971,0.0105,0.3
11.66695,-0.0368,9.8041,0.0389,0.31
11.682188,-0.0278,9.7851,0.0639,0.29
11.687689,-0.0367,9.8012,0.0394,0.31
11.697651,-0.011,9.7873,0.0608,0.29
11.716575,0.0414,9.7611,0.0437,0.27
11.717483,0.0425,9.7771,0.0181,0.28
11.732669,0.0182,9.809,-0.0197,0.31
11.739192,-0.0104,9.806,-0.0039,0.31
11.748945,-0.0024,9.7891,0.0223,0.29
11.757165,0.0046,9.797,0.0004,0.3
11.766951,-0.0171,9.7921,0.0085,0.29
11.781804,-0.0237,9.7891,0.0105,0.29
11.786905,-0.0047,9.806,0.0292,0.31
11.798806,0.0168,9.7871,0.0241,0.29
11.808098,0.0301,9.785,0.0151,0.29
11.816861,0.0295,9.801,0.0101,0.3
11.832334,-0.0017,9.809,0.02,0.31
11.836804,0.0201,9.782,0.0201,0.28
11.848991,0.0001,9.789,0.032,0.29
11.856864,0.0168,9.78,0.0126,0.28
11.86963,-0.016,9.768,-0.0028,0.27
11.885352,-0.0257,9.799,-0.0072,0.3
11.886874,-0.0304,9.804,0.0376,0.31
11.901646,-0.0184,9.789,0.0493,0.29
11.906858,-0.0065,9.789,0.0401,0.29
11.917394,-0.0276,9.806,0.0587,0.31
11.936256,-0.0277,9.7871,0.0514,0.29
11.93726,-0.0237,9.773,0.0461,0.28
11.959956,-0.0466,9.78,0.0149,0.28
11.960465,-0.0491,9.7651,0.0315,0.27
11.969434,-0.0247,9.7681,0.059,0.28
11.985249,-0.0006,9.7821,0.0309,0.28
11.986547,0.0065,9.8091,0.0519,0.31
12.002127,-0.0291,9.8232,0.0473,0.33
12.006954,-0.0101,9.8251,0.0053,0.33
12.018899,0.0066,9.7991,0.0248,0.3
12.035899,-0.0024,9.789,0.0278,0.29
12.037014,0.0114,9.7871,0.0172,0.29
12.053592,0.0231,9.7851,0.0928,0.3
12.056937,-0.0126,9.7971,0.1003,0.31
12.069681,-0.0024,9.7873,0.0948,0.3
12.076858,0.0094,9.7682,0.0313,0.27
12.086873,0.0178,9.7892,0.0309,0.29
12.103764,0.0123,9.8182,0.0382,0.32
12.106355,0.0168,9.8182,0.0495,0.32
12.11973,0.0096,9.7972,0.0836,0.31
12.127019,0.0115,9.8013,0.0737,0.31
12.137864,-0.0046,9.7683,0.0701,0.28
12.153948,-0.0283,9.7703,0.0747,0.28
12.156824,-0.0281,9.7894,0.0728,0.3
12.17075,-0.0327,9.7874,0.0352,0.29
12.177294,-0.0304,9.7924,0.0397,0.3
12.187673,-0.0253,9.7754,-0.0025,0.28
12.203608,-0.015,9.7773,-0.0155,0.28
12.207076,-0.0197,9.792300000000001,-0.0216,0.29
12.221828,-0.0481,9.8233,-0.0285,0.33
12.226906,-0.007,9.8113,-0.035,0.31
12.238381,0.0137,9.8062,0.0109,0.31
12.254247,0.0213,9.7803,0.039,0.28
12.256351,0.0418,9.7683,0.0146,0.27
12.271235,0.0089,9.7753,0.0617,0.28
12.276781,-0.0105,9.7823,0.0582,0.29
12.28824,-0.0378,9.7703,0.0683,0.28
12.305592,-0.0707,9.7754,0.0526,0.29
12.306542,-0.065,9.7803,0.0047,0.29
12.322233,-0.0338,9.7851,-0.0267,0.29
12.3268,-0.0049,9.8011,-0.0364,0.3
12.337773,0.0237,9.804,-0.0058,0.31
12.355786,0.0036,9.811,-0.0265,0.31
12.356976,-0.012,9.804,-0.0085,0.3
12.372058,-0.0192,9.7969,-0.0217,0.3
12.377075,-0.0536,9.768,0.0383,0.28
12.388817,-0.0606,9.758,0.0284,0.27
12.406796,-0.067,9.77,0.0266,0.28
12.407359,-0.0545,9.782,0.039,0.29
12.421618,-0.0135,9.792,0.013,0.29
12.426433,-0.0015,9.8039,0.0142,0.3
12.439034,0.0269,9.8249,0.0372,0.33
12.446375,0.0306,9.8178,0.0214,0.32
12.458078,0.0096,9.8177,0.0272,0.32
12.472599,-0.024,9.8228,0.0327,0.33
12.476123,-0.0492,9.7967,0.0354,0.3
12.489077,-0.0584,9.7888,0.019,0.3
12.496174,-0.0341,9.8128,0.0621,0.32
12.50639,-0.0006,9.7988,0.0674,0.31
12.527816,0.0108,9.7677,0.0747,0.28
12.528318,0.0035,9.7387,0.0141,0.24
12.540593,0.0458,9.7576,-0.0015,0.26
12.546178,0.0352,9.8055,-0.0326,0.31
12.55589,-0.0099,9.8315,-0.005,0.33
12.571884,0.0206,9.8534,0.0061,0.35
12.576381,0.0248,9.8513,0.0072,0.35
12.588518,0.0311,9.8292,0.0218,0.33
12.595823,0.0184,9.7913,0.0199,0.29
12.605779,0.015,9.7842,0.0362,0.29
12.623073,-0.001,9.7642,0.0345,0.27
12.625974,-0.004,9.7572,0.0061,0.26
12.639026,-0.0293,9.7522,0.0213,0.25
12.646265,-0.027,9.7792,0.0168,0.28
12.656187,-0.0237,9.7882,0.0077,0.29
12.67298,0.0022,9.7961,0.0089,0.3
12.676144,0.0002,9.8171,-0.0037,0.32
12.689955,0.0207,9.848,-0.0005,0.35
12.696281,0.0065,9.812,-0.0181,0.31
12.707669,0.0014,9.798,-0.053,0.3
12.724433,0.0064,9.7999,-0.054,0.3
12.725412,0.0152,9.7859,-0.0511,0.29
12.740118,-0.0008,9.7789,-0.0319,0.28
12.74647,-0.0155,9.7808,-0.0098,0.28
12.755853,-0.0431,9.7909,0.0159,0.29
12.772844,-0.0428,9.7759,0.0378,0.28
12.775928,-0.0315,9.798,0.0233,0.3
12.790064,-0.0235,9.7979,-0.0087,0.3
12.795934,-0.0332,9.7758,-0.0004,0.28
12.806778,-0.0398,9.8078,0.0009,0.31
12.816092,-0.0446,9.8028,-0.0115,0.31
12.826054,-0.0798,9.7978,-0.0569,0.31
12.840357,-0.0791,9.7956,-0.0785,0.32
12.845314,-0.0598,9.8166,-0.0818,0.33
12.857975,-0.0286,9.8146,-0.0737,0.32
12.865454,-0.0069,9.7925,-0.0141,0.29
12.875402,0.0305,9.7996,-0.0051,0.3
12.893006,0.0615,9.7756,0.0112,0.28
12.895714,0.0388,9.7666,0.0452,0.27
12.908201,0.0197,9.7595,0.0479,0.26
12.915416,-0.0158,9.7836,0.0617,0.29
12.925272,-0.0461,9.8097,0.0314,0.31
12.941655,-0.0623,9.8026,-0.0035,0.31
12.958223,-0.0431,9.8146,0.0025,0.32
12.958835,-0.0242,9.8216,0.0083,0.32
12.965789,0.0023,9.8045,0.0182,0.31
12.97615,0.0018,9.7544,-0.0372,0.26
12.991304,0.046,9.7563,-0.0644,0.27
12.995235,0.0217,9.8072,-0.0629,0.31
13.008616,0.0214,9.8162,-0.0597,0.32
13.015455,0.0075,9.8333,-0.0509,0.34
13.025166,-0.0192,9.8303,-0.0127,0.33
13.046404,-0.0256,9.7973,0.0208,0.3
13.047129,-0.0576,9.7683,0.0359,0.28
13.061345,-0.0569,9.7563,0.0406,0.27
13.065065,-0.0423,9.7754,0.0267,0.28
13.079174,-0.0113,9.7854,0.0087,0.29
13.097341,0.0191,9.7952,-0.0052,0.3
13.097831,0.0027,9.8072,-0.0011,0.31
13.110914,-0.0006,9.8022,-0.0388,0.3
13.116346,-0.0175,9.780100000000001,-0.0613,0.29
13.129066,-0.029,9.8071,-0.0145,0.31
13.144924,-0.0472,9.7992,0.0121,0.3
13.145398,-0.0602,9.780100000000001,-0.008,0.29
13.161155,-0.019,9.7901,-0.0154,0.29
13.164821,-0.0119,9.8161,-0.0284,0.32
13.178391,0.0088,9.8301,-0.0345,0.33
13.194956,0.0017,9.8091,-0.0335,0.31
13.195556,-0.0122,9.795,-0.0087,0.3
13.210887,-0.036,9.775,0.0651,0.28
13.215193,-0.0693,9.7781,0.0532,0.29
13.22672,-0.0536,9.768,0.0128,0.27
13.235373,-0.0461,9.7851,0.0049,0.29
13.244681,-0.0357,9.792,-0.006,0.29
13.259706,-0.0165,9.819,0.0001,0.32
13.264864,-0.0046,9.8189,0.0246,0.32
13.277868,-0.0285,9.838,0.0031,0.34
13.2853,-0.0571,9.8189,0.0033,0.32
13.295007,-0.0349,9.8039,-0.0038,0.31
13.310606,-0.0396,9.7799,-0.0067,0.28
13.314937,-0.0301,9.771,-0.0186,0.27
13.327685,-0.0384,9.775,-0.0153,0.28
13.33495,-0.0189,9.792,-0.008,0.29
13.344834,-0.0117,9.792,-0.0097,0.29
13.359573,0.0122,9.802,0.0183,0.3
13.364848,0.022,9.804,0.0049,0.3
13.378384,0.005,9.7829,-0.0014,0.28
13.384765,-0.0002,9.797,-0.0074,0.3
13.395426,-0.0101,9.83,-0.0063,0.33
13.412568,-0.01,9.8278,-0.0052,0.33
13.41446,-0.0306,9.8038,-0.0261,0.31
13.430195,0.0025,9.7969,-0.0657,0.3
13.434957,0.0009,9.8068,-0.0788,0.32
13.445576,-0.0053,9.8138,-0.0972,0.33
13.461059,-0.0046,9.8299,-0.0784,0.34
13.464537,-0.0157,9.8069,-0.0341,0.31
13.479403,0.0206,9.8189,-0.008,0.32
13.484529,-0.001,9.823,0.0169,0.32
13.494891,0.0258,9.819,0.0442,0.32
13.51278,0.0492,9.807,0.0492,0.31
13.515284,0.013,9.7991,0.0569,0.3
13.530734,0.0077,9.7902,0.05,0.29
13.535262,-0.0194,9.7562,0.0483,0.26
13.547652,-0.0094,9.7543,0.0488,0.26
13.56333,-0.03,9.7734,0.0507,0.28
13.564433,-0.0565,9.8144,0.0077,0.32
13.580101,-0.0697,9.8073,-0.0025,0.32
13.58421,-0.067,9.8044,-0.0212,0.31
13.596796,-0.0898,9.7924,-0.0394,0.31
13.604819,-0.0652,9.8024,-0.0894,0.32
13.616994,-0.0496,9.8095,-0.0957,0.33
13.631412,-0.0422,9.8074,-0.0668,0.32
13.635184,-0.0184,9.8114,-0.0502,0.32
13.647464,0.012,9.7735,-0.0201,0.27
13.655801,0.0418,9.7684,0.0083,0.27
13.670453,0.0362,9.7615,0.008,0.26
13.685595,0.0288,9.7784,-0.0155,0.28
13.686292,0.0215,9.7734,-0.0227,0.28
13.70159,-0.0002,9.8023,-0.0355,0.3
13.704245,0.0097,9.8353,-0.0272,0.34
13.71979,0.0303,9.8402,-0.038,0.34
13.734044,0.0089,9.8452,-0.037,0.35
13.73456,0.0104,9.8351,-0.0504,0.34
13.749057,0.0195,9.807,-0.0523,0.31
13.755804,0.0274,9.7871,-0.027,0.29
13.765262,0.0312,9.7511,-0.002,0.25
13.780762,0.0422,9.759,0.0142,0.26
13.783982,0.0059,9.811,0.0122,0.31
13.7979,-0.0455,9.8451,0.0216,0.35
13.804605,-0.1002,9.8621,0.0134,0.38
13.816547,-0.0945,9.8661,-0.0335,0.38
13.830512,-0.0751,9.864,-0.0425,0.37
13.833813,-0.0597,9.8711,-0.0001,0.38
13.847249,-0.0862,9.8352,0.0221,0.35
13.853929,-0.0827,9.7853,0.0368,0.3
13.865609,-0.0563,9.7563,0.0603,0.27
13.884261,-0.0411,9.7274,0.0344,0.23
13.884844,-0.0457,9.7515,0.0053,0.26
13.898297,-0.0247,9.7875,0.0161,0.29
13.904769,0.0091,9.8165,-0.0001,0.32
13.917452,0.0087,9.8475,-0.0202,0.35
13.936067,0.0034,9.8546,0.0194,0.36
13.93669,0.0386,9.8476,0.0154,0.35
13.956805,-0.0097,9.8165,0.0174,0.32
13.957399,-0.0218,9.7906,0.0305,0.29
13.968101,-0.0266,9.7836,0.0391,0.29
13.983463,-0.0285,9.7687,0.0376,0.27
13.984218,0.0041,9.7738,-0.0065,0.27
14.001416,0.0086,9.7717,-0.0597,0.28
14.003758,0.0113,9.7757,-0.0524,0.28
14.019468,0.0268,9.8076,-0.0303,0.31
14.023774,0.0145,9.8217,-0.0825,0.33
14.034742,-0.0065,9.8196,-0.0632,0.33
14.056338,-0.0166,9.8217,-0.0699,0.33
14.057124,-0.0254,9.8097,-0.0533,0.32
14.077085,-0.0136,9.7956,-0.0044,0.3
14.077758,-0.0287,9.7927,-0.0004,0.29
14.091283,-0.0285,9.7858,-0.0061,0.29
14.109138,-0.0352,9.7807,-0.0046,0.28
14.109653,-0.0297,9.7807,-0.0047,0.28
14.128783,-0.0274,9.8047,-0.0081,0.31
14.129286,-0.0578,9.8197,-0.0462,0.33
14.144542,-0.0641,9.8077,-0.0711,0.32
14.14507,-0.0585,9.7927,-0.0587,0.3
14.159635,-0.0462,9.8197,-0.0329,0.32
14.176814,-0.0063,9.8219,-0.0097,0.32
14.178012,-0.0249,9.8168,-0.0075,0.32
14.192622,-0.0364,9.8239,0.0193,0.33
14.212501,-0.0193,9.822,-0.0305,0.32
14.213398,-0.0072,9.791,-0.0165,0.29
14.227699,0.0164,9.7981,-0.0085,0.3
14.243347,0.0065,9.82,-0.0299,0.32
14.244727,0.0351,9.848,-0.0398,0.35
14.261069,0.0326,9.850999999999999,-0.0326,0.35
14.27747,0.0289,9.839,-0.0203,0.34
14.296481,0.0137,9.8289,0.0102,0.33
14.310717,-0.0295,9.7881,0.1076,0.31
14.326932,-0.0157,9.7552,0.0734,0.27
14.3275,0.008,9.7523,0.032,0.25
14.343022,0.0551,9.8032,-0.0166,0.31
14.343628,0.0571,9.8313,-0.0529,0.34
14.359389,0.0482,9.8482,-0.0485,0.35
14.376438,0.0475,9.8553,-0.0377,0.36
14.376948,0.023,9.8343,-0.0114,0.34
14.393327,-0.0288,9.7963,0.0276,0.3
14.393904,-0.057,9.7794,0.0375,0.29
14.412868,-0.0583,9.7935,0.0359,0.3
14.413383,-0.0536,9.7766,0.0391,0.28
14.428371,-0.0146,9.8007,0.0274,0.3
14.446987,0.0159,9.7987,-0.007,0.3
14.447547,0.0125,9.8348,-0.0321,0.34
14.465725,0.0053,9.8468,-0.036,0.35
14.467051,-0.0206,9.8297,-0.0269,0.33
14.481198,0.0004,9.8298,-0.0232,0.33
14.498066,-0.0301,9.8089,-0.0126,0.31
14.513525,-0.0435,9.797,-0.0068,0.3
14.529429,-0.0108,9.7872,-0.0155,0.29
14.544477,-0.0249,9.7753,-0.0003,0.28
14.545023,-0.0248,9.7993,0.0035,0.3
14.56331,-0.0228,9.8163,-0.0025,0.32
14.564166,-0.0337,9.8133,-0.0101,0.32
14.578261,-0.0433,9.8324,0.0059,0.34
14.595994,-0.0364,9.8404,0.0047,0.34
14.596545,-0.0668,9.8375,-0.0082,0.34
14.613701,-0.0805,9.8285,0.0197,0.34
14.614883,-0.0762,9.8166,0.0065,0.33
14.63378,-0.078,9.7976,-0.0166,0.31
14.634424,-0.0519,9.7927,0.0077,0.3
14.654512,-0.0281,9.7617,-0.0197,0.26
14.655786,-0.0114,9.7828,-0.0027,0.28
14.670165,0.0242,9.8259,-0.0097,0.33
14.684792,0.0072,9.838,-0.0154,0.34
14.685451,0.0055,9.85,0.0425,0.35
14.699815,-0.0181,9.8482,0.0429,0.35
14.715824,-0.0414,9.8003,0.0623,0.31
14.716487,-0.039,9.7693,0.0499,0.28
14.734992,-0.0239,9.7983,0.0861,0.31
14.737074,-0.0004,9.7984,0.1331,0.33
14.748737,-0.0208,9.7816,0.1521,0.32
14.764349,-0.0015,9.7386,0.1084,0.26
14.764838,0.0069,9.7356,0.0829,0.25
14.781567,0.0044,9.7427,0.0226,0.24
14.78253,0.0276,9.8196,-0.0336,0.32
14.797937,0.0389,9.8726,-0.0001,0.37
14.826944,-0.0024,9.8865,-0.0304,0.39
14.841983,0.0193,9.8076,0.0859,0.32
14.858335,0.0194,9.7667,0.1,0.29
14.863063,0.0262,9.7458,0.14,0.28
14.873238,0.0646,9.7529,0.1114,0.28
14.888369,0.0631,9.7819,0.0753,0.3
14.892551,0.041,9.8059,0.0667,0.32
14.906474,0.0468,9.825,0.0874,0.34
14.913087,0.0387,9.825,0.041,0.33
14.923133,0.0304,9.825,0.0406,0.33
14.938502,0.0263,9.8438,0.0143,0.35
14.943041,0.0133,9.8489,0.0136,0.35
14.965654,0.0073,9.8149,-0.0092,0.32
14.966187,-0.0143,9.7909,-0.0003,0.29
14.97274,0.0254,9.7959,0.026,0.3
14.990058,0.0097,9.815,0.0561,0.32
14.993082,0.0307,9.7791,0.0701,0.29
15.006407,0.0575,9.7871,0.0829,0.3
15.012901,0.0547,9.7841,0.062,0.3
15.026968,0.0253,9.7582,0.0909,0.27
15.043044,0.0091,9.7993,0.1432,0.33
15.044261,0.0038,9.8084,0.1479,0.34
15.05978,-0.0235,9.7995,0.1153,0.32
15.062133,-0.0396,9.794599999999999,0.0991,0.31
15.074137,-0.0161,9.7776,0.0587,0.28
15.089753,0.0278,9.7605,0.0435,0.27
15.092689,0.0219,9.7844,-0.003,0.29
15.106933,0.0189,9.7963,-0.0288,0.3
15.112132,0.0374,9.8323,-0.0441,0.34
15.122628,-0.0124,9.8373,-0.0345,0.34
15.132079,-0.0392,9.8342,0.0095,0.34
15.142224,-0.046,9.8231,0.0106,0.33
15.156741,-0.0476,9.8061,0.013,0.31
15.162047,-0.0453,9.7841,0.02,0.29
15.173983,-0.0281,9.7792,0.0435,0.28
15.181917,-0.0209,9.7872,0.0414,0.29
15.192108,-0.0038,9.7462,0.0318,0.25
15.206365,0.0223,9.7461,0.0188,0.25
15.211988,0.0491,9.7821,-0.0395,0.29
15.223191,0.0557,9.779,-0.0482,0.29
15.231942,0.0574,9.813,-0.0255,0.32
15.242073,0.0214,9.83,0.0347,0.33
15.257802,-0.023,9.8319,0.0592,0.34
15.262957,-0.0603,9.8079,0.0742,0.32
15.275557,-0.0694,9.7958,0.0451,0.31
15.282898,-0.033,9.7837,0.0283,0.29
15.292105,-0.0325,9.7836,-0.0388,0.29
15.306427,-0.0348,9.8056,-0.0362,0.31
15.312488,-0.0072,9.8105,-0.0218,0.31
15.325128,-0.018,9.8005,-0.0118,0.3
15.332498,-0.0407,9.8074,-0.0333,0.31
15.343045,-0.0493,9.8293,-0.0595,0.34
15.360558,-0.0518,9.8222,-0.0636,0.33
15.361891,-0.0364,9.8142,-0.0468,0.32
15.376948,-0.0405,9.8362,-0.0421,0.34
15.382701,-0.0374,9.8241,-0.0515,0.33
15.393689,-0.0215,9.833,-0.0514,0.34
15.411409,-0.0326,9.836,-0.0091,0.34
15.411941,-0.0554,9.812,0.0228,0.32
15.427953,-0.0644,9.7949,0.0172,0.3
15.432469,-0.0278,9.7999,0.0142,0.3
15.444732,0.0084,9.8258,0.0232,0.33
15.461159,0.0116,9.8408,-0.0038,0.34
15.462173,0.0259,9.8328,0.0331,0.34
15.478275,0.0141,9.8238,0.0555,0.33
15.482361,-0.0025,9.7977,0.0644,0.3
15.494385,-0.0445,9.8018,0.0726,0.31
15.502326,-0.0383,9.8018,0.0545,0.31
15.513397,-0.0375,9.8118,0.0124,0.31
15.530187,-0.023,9.8237,-0.0066,0.32
15.531625,0.0178,9.8046,-0.052,0.31
15.546541,0.0249,9.8235,-0.0686,0.33
15.552257,0.0199,9.8374,-0.0457,0.34
15.56231,0.0298,9.8303,-0.0052,0.33
15.578455,0.0041,9.8324,0.0318,0.33
15.581762,-0.0056,9.8113,0.0368,0.31
15.598285,-0.019,9.7993,0.0375,0.3
15.602375,-0.0588,9.8114,0.0378,0.32
15.612088,-0.0645,9.8114,0.0617,0.32
15.62938,-0.0582,9.7804,0.1004,0.3
15.631648,-0.0331,9.7564,0.0605,0.27
15.647871,-0.0114,9.7804,0.0195,0.28
15.651908,0.018,9.792300000000001,-0.0354,0.29
15.669481,-0.0083,9.8211,-0.0633,0.33
15.686044,0.0208,9.8562,-0.0543,0.36
15.686529,0.0239,9.8591,-0.0104,0.36
15.701477,0.028,9.8321,0.0306,0.33
15.701983,0.0516,9.785,0.073,0.3
15.717273,0.0372,9.7751,0.0759,0.29
15.733229,0.0273,9.773,0.0527,0.28
15.733719,0.0156,9.7699,0.0393,0.27
15.749692,-0.0219,9.8179,-0.0065,0.32
15.751303,-0.0144,9.8418,-0.0387,0.34
15.766059,-0.0494,9.8537,-0.0627,0.36
15.782118,-0.0622,9.8438,-0.1233,0.37
15.782995,-0.078,9.8437,-0.1182,0.37
15.798501,-0.0767,9.8366,-0.1014,0.36
15.801258,-0.0635,9.8205,-0.094,0.34
15.81695,-0.0407,9.8005,-0.0871,0.32
15.831556,-0.0072,9.7915,-0.0906,0.31
15.832042,-0.0085,9.7915,-0.037,0.29
15.849872,-0.0011,9.7675,-0.0341,0.27
15.852358,0.0163,9.7934,0.0125,0.29
15.864464,-0.0053,9.8204,0.018,0.32
15.881744,-0.0066,9.8203,-0.0004,0.32
15.882299,-0.004,9.8343,-0.0467,0.34
15.897688,-0.0035,9.8222,-0.0631,0.33
15.902362,-0.0119,9.841,-0.0857,0.35
15.91516,-0.0379,9.8311,-0.0875,0.34
15.921409,-0.0629,9.824,-0.0699,0.34
15.931487,-0.0906,9.798,-0.0794,0.32
15.947373,-0.0962,9.7839,-0.0537,0.3
15.963572,-0.0813,9.803,-0.0337,0.32
15.964098,-0.0467,9.7929,-0.0021,0.3
15.971956,-0.0363,9.803,0.0219,0.31
15.983646,-0.0355,9.81,0.0086,0.31
15.999692,-0.0396,9.86,-0.0076,0.36
16.001277,-0.0369,9.875,0.0026,0.38
16.020358,-0.0096,9.87,0.0043,0.37
16.022413,0.0183,9.8528,-0.0317,0.35
16.035894,0.0396,9.8528,-0.0321,0.36
16.052493,0.0643,9.8477,0.0063,0.35
16.053055,0.0779,9.8167,0.0247,0.33
16.068947,0.0333,9.7738,0.0782,0.29
16.071375,0.017,9.7427,0.0535,0.25
16.086122,0.0207,9.7517,0.004,0.25
16.103062,-0.0102,9.7877,-0.0446,0.29
16.10358,-0.0103,9.8356,-0.0535,0.34
16.120225,-0.0292,9.8787,-0.0763,0.39
16.12127,-0.029,9.8666,-0.0396,0.37
16.135706,-0.0259,9.8626,-0.0201,0.36
16.152117,-0.0409,9.8476,-0.0195,0.35
16.152647,-0.0003,9.8235,-0.0092,0.32
16.169085,-0.0225,9.7925,-0.0303,0.29
16.171176,-0.0415,9.7856,-0.0029,0.29
16.185546,-0.0107,9.8164,-0.0382,0.32
16.201655,-0.0267,9.8284,-0.0358,0.33
16.202156,-0.072,9.8164,-0.0258,0.33
16.21852,-0.0971,9.8075,0.0136,0.32
16.220604,-0.0919,9.7955,0.0162,0.31
16.235344,-0.086,9.7666,-0.0293,0.28
16.242459,-0.0495,9.8097,-0.0425,0.32
16.250897,-0.0203,9.8116,-0.0157,0.31
16.265706,0.0291,9.842600000000001,-0.0289,0.35
16.27077,0.0551,9.8385,-0.0537,0.35
16.282082,0.0373,9.8504,-0.0509,0.36
16.290545,0.0198,9.8474,-0.0619,0.35
16.301345,0.0026,9.8424,-0.035,0.34
16.314948,-0.0402,9.8473,-0.0723,0.36
16.323511,-0.0657,9.8334,-0.0481,0.34
16.33808,-0.094,9.8043,-0.0105,0.32
16.341914,-0.0794,9.7664,0.0172,0.28
16.357763,-0.067,9.7855,0.0379,0.3
16.372367,-0.1059,9.7856,0.0271,0.31
16.372884,-0.0998,9.7876,0.0147,0.3
16.387642,-0.0782,9.8116,-0.0043,0.32
16.390841,-0.0708,9.8116,-0.0534,0.32
16.403171,-0.0483,9.8307,-0.0678,0.34
16.418797,-0.0122,9.8457,-0.0676,0.35
16.420342,-0.0003,9.8547,-0.0437,0.36
16.435873,-0.0032,9.8356,-0.0407,0.34
16.440885,-0.0191,9.8427,-0.0101,0.34
16.452349,-0.0309,9.8357,0.005,0.34
16.468149,-0.0425,9.8218,0.0141,0.32
16.470332,-0.059,9.8028,0.0267,0.31
16.485015,-0.0872,9.8238,0.0561,0.34
16.490904,-0.0865,9.8169,0.0745,0.34
16.500736,-0.0571,9.786,0.0376,0.29
16.517607,-0.0142,9.7929,-0.0018,0.29
16.520215,0.0094,9.8029,-0.0703,0.31
16.536083,0.0143,9.8199,-0.084,0.33
16.540311,-0.0025,9.846,-0.0703,0.35
16.553418,-0.0359,9.863,-0.0419,0.37
16.569849,-0.061,9.86,-0.0425,0.37
16.570359,-0.0535,9.8341,-0.0432,0.34
16.587281,-0.0342,9.8151,-0.0513,0.32
16.590682,-0.0382,9.7882,-0.0152,0.29
16.603654,-0.0462,9.7863,0.0017,0.29
16.621616,-0.06,9.7983,-0.0458,0.31
16.622238,-0.0266,9.8053,-0.0508,0.31
16.638924,-0.0231,9.8104,-0.0619,0.32
16.640103,-0.0277,9.8363,-0.07,0.34
16.65595,-0.031,9.8344,-0.0659,0.34
16.672594,-0.024,9.8154,-0.0769,0.33
16.673157,-0.0138,9.8274,-0.0946,0.34
16.689679,0.0171,9.8154,-0.1045,0.33
16.69023,0.0125,9.8054,-0.1084,0.32
16.706642,-0.001,9.836500000000001,-0.1399,0.36
16.710332,-0.0106,9.8486,-0.1136,0.37
16.722675,-0.0339,9.8347,-0.1054,0.35
16.740636,-0.0098,9.8486,-0.0677,0.36
16.741174,-0.01,9.8437,-0.0504,0.35
16.758326,-0.012,9.8177,-0.0197,0.32
16.760259,-0.0071,9.8349,-0.0055,0.34
16.77617,0.0018,9.8179,-0.0153,0.32
16.79368,0.0063,9.804,-0.0012,0.3
16.794245,-0.0316,9.7872,0.0053,0.29
16.801816,-0.0109,9.7922,-0.0161,0.29
16.816088,-0.0129,9.8253,-0.0051,0.33
16.832276,-0.0347,9.8374,-0.0056,0.34
16.832979,0.0038,9.8446,0.0828,0.35
16.847942,0.0054,9.8357,0.1329,0.36
16.86579,-0.0018,9.8329,0.183,0.38
16.866912,-0.0122,9.824,0.1433,0.35
16.881849,0.0091,9.8121,0.1031,0.33
16.882416,0.015,9.805,0.0047,0.31
16.902532,-0.0067,9.788,-0.126,0.31
16.903191,-0.0291,9.8019,-0.1819,0.35
16.920367,0.0032,9.8428,-0.2131,0.4
16.920939,0.0242,9.8839,-0.2107,0.44
16.9373,0.0336,9.881,-0.1424,0.41
16.95405,0.0093,9.8812,-0.0658,0.39
16.975805,0.0345,9.8654,-0.0085,0.37
16.989259,0.0894,9.7792,0.1587,0.33
17.01257,0.0703,9.7156,0.1101,0.25
17.01388,0.0625,9.7038,0.0325,0.22
17.027522,0.0573,9.7319,-0.0327,0.24
17.02961,0.0503,9.802,-0.0957,0.32
17.044975,0.0389,9.886,-0.1035,0.4
17.063312,0.0577,9.915,-0.15,0.45
17.063946,0.0876,9.8951,-0.1432,0.43
17.078219,0.0576,9.8981,-0.0938,0.41
17.079687,-0.0147,9.8473,-0.0206,0.35
17.096109,-0.0694,9.8195,0.0347,0.33
17.111416,-0.1118,9.7736,0.0727,0.3
17.112167,-0.1322,9.7529,0.0941,0.3
17.129227,-0.1585,9.7552,0.1087,0.32
17.129972,-0.1313,9.7693,0.1217,0.32
17.151541,-0.0731,9.7915,0.1707,0.35
17.152073,-0.0454,9.8037,0.2081,0.37
17.169218,-0.0057,9.7897,0.2259,0.37
17.169831,-0.0237,9.8088,0.1808,0.36
17.189348,-0.0853,9.8539,0.1862,0.41
17.189939,-0.1087,9.8589,0.1254,0.4
17.205371,-0.132,9.876,0.1009,0.41
17.222437,-0.1383,9.866,0.0487,0.39
17.223215,-0.1256,9.8781,0.0019,0.4
17.238374,-0.108,9.9002,-0.0473,0.42
17.23963,-0.0965,9.8903,-0.0466,0.4
17.254931,-0.0763,9.8954,-0.0143,0.4
17.272466,0.0261,9.8836,0.002,0.38
17.273133,0.0849,9.8579,0.0202,0.37
17.288316,0.1163,9.8382,0.0682,0.36
17.289352,0.0982,9.8435,0.0973,0.37
17.306227,0.0696,9.8509,0.1312,0.38
17.322326,-0.0139,9.8131,0.1437,0.34
17.322983,-0.0401,9.7725,0.107,0.3
17.338825,-0.0009,9.7927,0.0732,0.3
17.339902,-0.0008,9.785,0.0874,0.3
17.356625,0.0247,9.7693,0.1639,0.32
17.373276,0.0831,9.7496,0.1776,0.32
17.373825,0.1782,9.7426,0.1492,0.34
17.390241,0.2753,9.7358,0.105,0.38
17.391258,0.2863,9.7598,0.0548,0.39
17.407247,0.1449,9.7958,-0.0913,0.34
17.423636,-0.0109,9.8387,-0.1668,0.38
17.424279,-0.1442,9.8729,-0.1985,0.45
17.441727,-0.2242,9.9041,-0.1887,0.5
17.442474,-0.2604,9.901299999999999,-0.1752,0.51
17.45774,-0.224,9.8734,-0.1707,0.47
17.47425,-0.1498,9.8535,-0.1324,0.41
17.474882,-0.0484,9.8274,-0.1029,0.35
17.490887,-0.0264,9.7896,-0.103,0.31
17.491677,0.0084,9.7748,-0.0646,0.28
17.508044,0.0045,9.7629,-0.0258,0.26
17.509703,-0.0125,9.7901,0.0268,0.29
17.527057,-0.029,9.7713,0.0553,0.28
17.542989,-0.0363,9.7595,0.0721,0.27
17.543563,-0.0575,9.7398,0.0206,0.25
17.559404,-0.0737,9.7839,-0.0213,0.29
17.560008,-0.0542,9.8101,-0.0609,0.32
17.575758,-0.0095,9.8151,-0.0512,0.32
17.592767,0.0463,9.817,-0.0641,0.33
17.593366,0.0437,9.827,-0.0608,0.34
17.60903,0.0486,9.8079,-0.031,0.31
17.60971,0.0277,9.834,0.0122,0.34
17.624271,-0.0344,9.8629,0.0671,0.37
17.639769,-0.0307,9.884,0.0745,0.39
17.640474,-0.0137,9.858,0.0708,0.37
17.65623,-0.0284,9.8479,0.078,0.36
17.672398,-0.0233,9.8319,0.0542,0.34
17.672967,0.0022,9.8048,0.0308,0.31
17.690035,0.0286,9.7908,0.0003,0.29
17.690609,0.0279,9.7788,-0.0369,0.28
17.708382,0.0362,9.7926,-0.0411,0.3
17.709402,0.0474,9.8217,-0.0103,0.33
17.724711,0.0654,9.8507,0.0675,0.36
17.741693,0.0436,9.8818,0.0734,0.39
17.742533,0.0547,9.8578,0.0891,0.37
17.757826,0.0506,9.8748,0.0808,0.39
17.759028,0.0053,9.8459,0.0385,0.35
17.774685,-0.0607,9.822,0.0387,0.33
17.790899,-0.0955,9.8001,0.0209,0.32
17.791625,-0.125,9.7793,0.021,0.31
17.80825,-0.0881,9.7964,0.0451,0.31
17.808822,-0.043,9.8466,0.0464,0.35
17.825004,-0.0027,9.8896,0.0141,0.39
17.841813,0.0413,9.8677,-0.0114,0.37
17.842708,0.0266,9.8397,-0.0424,0.34
17.85965,-0.0094,9.8208,-0.0396,0.32
17.860288,-0.0635,9.7891,0.0314,0.3
17.875801,-0.1004,9.7893,0.0389,0.31
17.891687,-0.0944,9.7774,0.015,0.29
17.892258,-0.0849,9.8045,-0.0441,0.32
17.907768,-0.0814,9.8376,-0.0898,0.36
17.908326,-0.065,9.8377,-0.1077,0.36
17.923263,-0.0408,9.8337,-0.1022,0.35
17.939063,-0.0424,9.8409,-0.066,0.35
17.939686,-0.0349,9.8262,-0.003,0.33
17.962056,0.0174,9.8076,0.0461,0.31
17.962664,0.0673,9.7836,0.0491,0.3
17.968554,0.0925,9.7717,0.0297,0.29
17.978459,0.0878,9.7938,-0.0501,0.31
17.996677,0.0609,9.8488,-0.1169,0.37
17.998172,0.0473,9.8728,-0.1402,0.4
18.012886,0.0444,9.8728,-0.1039,0.39
18.018454,0.0797,9.8437,-0.0873,0.36
18.028322,0.0868,9.8268,-0.0415,0.34
18.046748,0.076,9.8078,-0.0258,0.32
18.048102,0.0775,9.7749,0.0151,0.29
18.06223,0.0396,9.7911,0.042,0.3
18.068874,-0.0281,9.8232,0.0285,0.33
18.080842,-0.0861,9.8233,0.0368,0.34
18.099155,-0.123,9.8515,0.0161,0.37
18.099952,-0.1064,9.8446,-0.0125,0.36
18.11489,-0.0695,9.8116,-0.0437,0.32
18.118346,-0.0095,9.7996,-0.0777,0.31
18.132412,0.0064,9.8086,-0.0401,0.31
18.153685,-0.0098,9.8067,0.0037,0.31
18.156519,-0.0384,9.832699999999999,0.034,0.34
18.170174,-0.0547,9.8398,0.0305,0.35
18.171092,-0.0561,9.8329,0.0584,0.34
18.187851,-0.1126,9.824,0.0567,0.35
18.188463,-0.1132,9.7903,0.0617,0.32
18.204496,-0.0789,9.7404,0.0511,0.26
18.221239,-0.0236,9.7545,0.0542,0.26
18.221841,0.022,9.7665,0.0301,0.27
18.237384,0.0474,9.8123,-0.0238,0.32
18.238899,0.0739,9.8593,-0.0706,0.37
18.255504,0.0569,9.8913,-0.0582,0.4
18.272005,0.0213,9.8913,-0.0227,0.39
18.272681,-0.0022,9.8475,0.0267,0.35
18.28956,-0.0441,9.7956,0.0679,0.31
18.290184,-0.055,9.7857,0.0753,0.3
18.305832,-0.0372,9.7768,0.1169,0.3
18.323109,-0.0414,9.8049,0.0834,0.32
18.323698,-0.0122,9.8248,0.0261,0.33
18.340632,0.0157,9.8508,-0.0104,0.35
18.341279,0.0255,9.8367,-0.0284,0.34
18.35887,0.0017,9.8216,-0.0399,0.32
18.359452,-0.0387,9.8127,-0.0228,0.32
18.377005,-0.0736,9.8268,-0.0227,0.34
18.377612,-0.0729,9.8478,-0.0133,0.36
18.39917,-0.0569,9.8408,0.01,0.35
18.399979,-0.0593,9.8218,0.0076,0.33
18.416974,-0.0558,9.793,0.0257,0.3
18.418107,-0.0276,9.786,0.0314,0.29
18.434234,0.0012,9.7981,0.0948,0.31
18.450472,0.0316,9.8102,0.1077,0.33
18.45123,0.0455,9.8272,0.0837,0.34
18.467305,0.0257,9.8391,0.0206,0.34
18.468221,-0.0015,9.8249,-0.0243,0.33
18.485316,-0.0083,9.808,0.0047,0.31
18.502931,-0.0459,9.822,0.018,0.33
18.503553,-0.0551,9.8321,0.0083,0.34
18.519674,-0.0545,9.8483,0.0193,0.35
18.520308,-0.0423,9.8253,0.0369,0.33
18.538007,-0.0284,9.8275,0.0066,0.33
18.538667,-0.0254,9.8155,-0.0188,0.32
18.554128,-0.0016,9.8056,0.025,0.31
18.557803,-0.0117,9.8158,0.054,0.32
18.570603,0.0036,9.8139,0.0918,0.33
18.586996,-0.0365,9.821,0.0882,0.33
18.587765,-0.0457,9.8381,0.0871,0.35
18.603357,-0.0214,9.8612,0.0132,0.36
18.607629,-0.0161,9.8591,0.0132,0.36
18.6279,0.0004,9.8471,0.0197,0.35
18.629174,0.0372,9.8212,0.0359,0.33
18.642059,0.0905,9.7781,0.0353,0.29
18.659582,0.0703,9.7781,-0.0008,0.29
18.660227,0.0527,9.79,-0.0158,0.3
18.676432,0.0007,9.8301,-0.0111,0.33
18.694035,-0.0587,9.8542,-0.0203,0.36
18.694812,-0.0768,9.8542,-0.0087,0.36
18.710825,-0.0842,9.8403,0.0168,0.35
18.711437,-0.0601,9.8164,0.0688,0.33
18.731483,-0.0483,9.8064,0.07,0.32
18.732599,-0.0196,9.7974,0.0762,0.31
18.749603,-0.0267,9.8114,0.0517,0.32
18.750255,-0.0219,9.8305,0.0472,0.33
18.767096,-0.0134,9.8184,-0.0086,0.32
18.767729,-0.0036,9.8114,0.02,0.31
18.783208,-0.0345,9.8264,0.0009,0.33
18.799208,-0.0491,9.8354,0.001,0.34
18.799877,-0.0554,9.8235,0.011,0.33
18.816066,-0.0599,9.8286,-0.0055,0.33
18.81726,-0.0542,9.8474,-0.008,0.35
18.832903,-0.0488,9.8406,-0.0078,0.34
18.839008,-0.0554,9.8265,-0.0336,0.33
18.849403,-0.046,9.8286,-0.0097,0.33
18.865508,-0.027,9.8335,0.0023,0.33
18.882018,-0.0192,9.8065,0.0045,0.31
18.882744,0.0132,9.8215,0.0147,0.32
18.898374,0.0314,9.8334,0.0081,0.33
18.899162,0.0069,9.8454,0.0171,0.35
18.914744,-0.0005,9.8353,0.0099,0.34
18.931282,-0.0246,9.7994,0.0284,0.3
18.931939,-0.0293,9.7734,0.0024,0.28
18.947163,-0.0429,9.7704,-0.0186,0.27
18.963257,-0.0329,9.7992,-0.0171,0.3
18.963902,-0.017,9.7922,-0.0262,0.29
18.979872,-0.0094,9.826,-0.0293,0.33
18.980513,-0.0331,9.8588,-0.0155,0.36
18.99639,-0.0407,9.8638,-0.0046,0.37
18.997032,-0.0324,9.8687,0.0279,0.37
19.013394,-0.0369,9.8517,0.0532,0.36
19.030945,-0.0245,9.8345,0.0426,0.34
19.031644,-0.0391,9.8225,0.0394,0.33
19.051745,-0.0645,9.7916,0.0724,0.31
19.053123,-0.0659,9.7726,0.1369,0.31
19.065402,-0.0417,9.7677,0.1368,0.3
19.081214,-0.0091,9.7605,0.0785,0.27
19.081865,0.045,9.8102,0.0234,0.31
19.097294,0.051,9.8511,-0.0064,0.35
19.097958,0.0412,9.8818,-0.0346,0.39
19.115087,-0.0068,9.8957,-0.0442,0.4
19.13336,-0.0376,9.8436,-0.0115,0.35
19.134662,-0.0711,9.8455,0.0375,0.35
19.141386,-0.0774,9.8386,0.0791,0.36
19.156791,-0.0553,9.8165,0.0836,0.33
19.157643,-0.0293,9.8475,0.0293,0.35
19.177442,0.0161,9.8244,0.0513,0.33
19.178204,0.0415,9.8004,0.1001,0.32
19.196146,0.0239,9.7955,0.1021,0.31
19.196797,0.0217,9.8165,0.078,0.33
19.215901,0.0026,9.7884,0.0853,0.3
19.21698,-0.029,9.8044,0.0454,0.31
19.233447,-0.0613,9.8213,0.0181,0.33
19.253054,-0.0536,9.8383,-0.0244,0.34
19.253866,-0.0392,9.836,-0.0626,0.34
19.270035,-0.029,9.8669,-0.0809,0.38
19.270758,-0.0338,9.8758,-0.0935,0.39
19.287349,-0.0591,9.8686,-0.0766,0.38
19.288033,-0.0562,9.8806,-0.0285,0.39
19.304299,-0.0622,9.8756,-0.0279,0.38
19.32322,-0.0564,9.8757,-0.0054,0.38
19.323996,-0.0153,9.8617,0.0114,0.36
19.340145,-0.0032,9.832699999999999,0.0419,0.34
19.341001,0.0272,9.8236,0.0369,0.33
19.357305,0.0355,9.8187,0.0318,0.32
19.357924,0.0306,9.8137,0.0318,0.32
19.37445,0.0199,9.8036,0.0416,0.31
19.392158,-0.0117,9.8085,0.0346,0.31
19.392928,0.0015,9.7964,-0.0274,0.3
19.409438,0.0076,9.7963,-0.0045,0.3
19.410101,-0.0121,9.8203,0.0101,0.32
19.427232,0.0021,9.8373,0.0073,0.34
19.427877,0.0014,9.8181,0.0311,0.32
19.443968,-0.0396,9.823,0.037,0.33
19.462252,-0.0516,9.8251,0.0333,0.33
19.463312,-0.0852,9.813,0.0442,0.33
19.479804,-0.0915,9.825,0.0786,0.35
19.481046,-0.1196,9.825,0.0934,0.36
19.498087,-0.0986,9.8079,0.0721,0.33
19.498833,-0.06,9.7959,0.0416,0.3
19.516211,-0.0455,9.8269,-0.0312,0.33
19.516891,-0.0468,9.8509,-0.075,0.36
19.533694,-0.0325,9.8628,-0.0486,0.37
19.551636,-0.065,9.8659,-0.0194,0.37
19.55236,-0.0883,9.8348,-0.0238,0.35
19.572648,-0.0709,9.8248,-0.0256,0.33
19.57336,-0.05,9.8367,-0.043,0.34
19.59088,-0.0453,9.8386,-0.035,0.34
19.591585,-0.008,9.8486,-0.0313,0.35
19.60865,-0.0251,9.8456,-0.024,0.35
19.609357,-0.0441,9.8415,-0.029,0.35
19.627046,-0.0646,9.8266,-0.0461,0.34
19.627759,-0.0805,9.8026,-0.0245,0.31
19.644418,-0.0815,9.8177,-0.049,0.33
19.661874,-0.0687,9.8197,-0.0326,0.33
19.662639,-0.0403,9.7888,-0.0278,0.29
19.679414,-0.0132,9.8178,-0.0088,0.32
19.680129,0.0224,9.8538,0.0005,0.35
19.69708,0.0527,9.8387,-0.0198,0.34
19.697779,0.0213,9.8127,-0.0288,0.31
19.714551,0.0062,9.8315,0.006,0.33
19.716424,-0.0225,9.8246,0.0516,0.33
19.732663,-0.0383,9.788499999999999,0.0318,0.29
19.751046,-0.0478,9.8073,0.0094,0.31
19.751821,-0.0424,9.8293,-0.0433,0.33
19.769401,-0.0608,9.8602,-0.0633,0.37
19.770222,-0.0721,9.8692,-0.0617,0.38
19.785541,-0.0547,9.8621,-0.0725,0.37
19.786302,-0.0405,9.8361,-0.0669,0.35
19.802307,-0.0433,9.8141,-0.0598,0.32
19.822764,-0.0164,9.8241,-0.0146,0.32
19.823381,-0.0116,9.8242,0.0151,0.32
19.839374,-0.0076,9.8262,0.0162,0.33
19.840023,0.019,9.8483,0.0327,0.35
19.856981,0.0234,9.8603,0.0612,0.37
19.857681,0.0315,9.8312,0.0848,0.34
19.874897,0.0287,9.8172,0.0798,0.33
19.875704,0.0281,9.8191,0.0886,0.33
19.892083,-0.011,9.8311,0.0816,0.34
19.910926,-0.0467,9.8052,0.1006,0.32
19.911582,-0.0466,9.7951,0.0934,0.31
19.92827,-0.0297,9.7762,0.0322,0.28
19.928954,-0.001,9.783,0.0163,0.28
19.947157,0.0292,9.8139,-0.0541,0.32
19.963534,0.0047,9.8498,-0.0885,0.36
19.964189,-0.0165,9.8528,-0.0397,0.36
19.979725,-0.0365,9.8427,-0.0122,0.34
19.980474,-0.0216,9.8217,0.0587,0.33
19.999203,-0.0032,9.8167,0.0636,0.32
19.999855,-0.0088,9.7927,0.0617,0.3
20.020259,0.0094,9.7877,0.0736,0.3
20.020907,0.0304,9.7976,0.0637,0.31
20.039955,0.0383,9.7975,0.0503,0.3
20.040623,0.0164,9.8475,0.0579,0.35
20.058025,-0.0131,9.8524,0.0328,0.35
20.059696,-0.0629,9.8523,-0.0091,0.36
20.07372,-0.058,9.8422,-0.0202,0.35
20.090733,-0.0393,9.8252,0.0232,0.33
20.091409,-0.026,9.8331,0.0444,0.34
20.107522,0.0122,9.8301,0.0139,0.33
20.108199,0.0136,9.8251,0.0294,0.33
20.125494,0.0432,9.854,0.0414,0.36
20.127425,0.0212,9.8539,0.0125,0.35
20.143201,0.0172,9.8399,0.0177,0.34
20.162786,0.0535,9.8129,0.0673,0.32
20.163507,0.0549,9.7869,0.0454,0.3
20.180884,0.0386,9.8087,0.0506,0.32
20.181751,0.0234,9.8108,0.0644,0.32
20.204189,0.0442,9.8056,0.0602,0.31
20.20508,0.0261,9.7886,0.062,0.3
20.205885,-0.0105,9.8176,0.0381,0.32
20.223438,-0.0091,9.836500000000001,0.0028,0.34
20.238125,-0.0216,9.8275,0.0204,0.33
20.238816,-0.0141,9.8203,-0.0145,0.32
20.255453,-0.0054,9.8273,-0.0271,0.33
20.256148,0.0181,9.8412,-0.0431,0.34
20.276528,0.0227,9.8321,-0.0163,0.33
20.278039,-0.0064,9.8602,0.0009,0.36
20.293558,-0.0349,9.8432,0.0488,0.35
20.310448,-0.0197,9.7912,0.0743,0.3
20.311268,-0.0602,9.7842,0.108,0.31
20.327346,-0.0668,9.8033,0.0976,0.33
20.328125,-0.0663,9.7984,0.1191,0.33
20.344723,-0.0491,9.8033,0.1142,0.33
20.34565,0.0125,9.7812,0.0553,0.29
20.363057,0.0427,9.8122,0.0207,0.32
20.3799,0.0322,9.853,-0.0702,0.36
20.380576,-0.0388,9.8889,-0.0735,0.4
20.397407,-0.0603,9.8939,-0.0362,0.4
20.398055,-0.0701,9.8598,-0.009,0.37
20.416676,-0.0721,9.8197,0.0191,0.33
20.417633,-0.0672,9.7787,0.0813,0.3
20.435111,-0.0839,9.7498,0.0527,0.27
20.43581,-0.0411,9.7667,0.0579,0.28
20.453314,-0.0308,9.7806,0.0481,0.29
20.455216,-0.0374,9.8286,0.0043,0.33
20.47131,-0.004,9.8576,-0.0301,0.36
20.489213,-0.0082,9.8715,-0.0622,0.38
20.489914,0.0075,9.8955,-0.053,0.4
20.506367,0.02,9.8884,-0.0599,0.39
20.507152,0.0221,9.8624,-0.0376,0.37
20.524013,0.0082,9.8214,-0.0252,0.32
20.525165,0.0033,9.7854,0.0059,0.29
20.542493,0.0052,9.7903,-0.0222,0.29
20.560249,-0.0018,9.7853,-0.0182,0.29
20.561023,-0.0136,9.8022,0.0019,0.3
20.578937,0.0013,9.8142,0.063,0.32
20.579759,-0.0016,9.792,0.0193,0.29
20.597238,0.0134,9.8229,-0.0208,0.32
20.598535,-0.0031,9.8277,-0.0368,0.33
20.615397,-0.0244,9.8275,-0.0677,0.34
20.616097,-0.0403,9.8514,-0.0859,0.36
20.633128,-0.0413,9.8374,-0.0429,0.34
20.651069,-0.0428,9.8324,-0.0327,0.34
20.651948,-0.0472,9.8014,-0.0009,0.31
20.668859,-0.0279,9.8183,0.0182,0.32
20.669551,-0.0092,9.8273,0.0352,0.33
20.688024,0.0143,9.7984,0.0687,0.31
20.688966,0.0375,9.8133,0.0499,0.32
20.707629,0.0252,9.8272,0.0306,0.33
20.708402,-0.0171,9.8302,0.0536,0.33
20.727424,-0.04,9.8252,0.048,0.33
20.728956,-0.0528,9.7911,0.0276,0.3
20.744378,-0.0683,9.7962,0.02,0.3
20.745124,-0.058,9.8082,0.0279,0.31
20.761163,-0.0212,9.8271,0.0735,0.34
20.777471,0.0268,9.8341,0.0488,0.34
20.77822,0.0809,9.813,0.0265,0.32
20.796097,0.1156,9.8267,-0.0499,0.35
20.79687,0.1311,9.8606,-0.1075,0.4
20.812841,0.0925,9.8526,-0.0845,0.37
20.830092,0.014,9.8505,-0.0226,0.35
20.831089,-0.0663,9.8247,0.0657,0.34
20.847703,-0.1091,9.8128,0.1387,0.36
20.848588,-0.1023,9.8249,0.1456,0.37
20.865033,-0.0587,9.8249,0.1527,0.36
20.865957,0.001,9.8079,0.1227,0.33
20.882213,0.0567,9.7907,0.0809,0.31
20.889527,0.1244,9.7476,0.009,0.28
20.898807,0.0871,9.7264,0.016,0.24
20.916554,-0.0595,9.8644,0.0416,0.37
20.924706,-0.1239,9.8863,0.0197,0.41
20.934225,-0.1593,9.9054,-0.0013,0.44
20.957235,-0.1555,9.9125,0.0048,0.44
20.968349,-0.0376,9.7954,-0.0613,0.3
20.984947,-0.0588,9.7212,-0.0557,0.24
21.001121,-0.0383,9.7494,0.0464,0.26
21.007812,-0.0905,9.8196,0.1189,0.35
21.018799,-0.1235,9.8847,0.1164,0.42
21.025969,-0.1191,9.9107,0.0782,0.43
21.038337,-0.087,9.9008,0.0181,0.41
21.052822,-0.0293,9.8456,-0.0581,0.35
21.053995,-0.0106,9.8264,-0.0657,0.33
21.069411,-0.0137,9.7884,-0.0184,0.29
21.075291,-0.0056,9.7974,0.0348,0.3
21.086738,-0.015,9.8244,0.07,0.33
21.103436,-0.0145,9.8334,0.0589,0.34
21.104107,0.0195,9.8243,0.018,0.33
21.121211,0.045,9.8191,-0.0238,0.32
21.12398,0.0443,9.8118,-0.0727,0.32
21.137354,0.0764,9.7996,-0.0831,0.32
21.153637,-0.0038,9.8356,-0.0262,0.34
21.154313,-0.0364,9.8566,0.0294,0.36
21.170527,-0.0347,9.854800000000001,0.0908,0.37
21.174031,-0.0063,9.8549,0.1138,0.37
21.187716,0.0321,9.8669,0.1539,0.4
21.204732,0.0672,9.8118,0.1374,0.35
21.205509,0.1061,9.7636,0.0893,0.3
21.222695,0.1084,9.7363,-0.0097,0.26
21.224238,0.0605,9.7821,-0.0674,0.3
21.239166,-0.0069,9.8229,-0.0597,0.33
21.248054,-0.0713,9.8418,-0.0346,0.35
21.265672,-0.1197,9.8747,-0.013,0.39
21.266404,-0.132,9.9086,0.0158,0.43
21.282312,-0.098,9.9036,0.0114,0.42
21.299263,-0.1062,9.8964,-0.0494,0.41
21.316258,-0.0989,9.8743,-0.0882,0.4
21.334068,-0.1085,9.8242,-0.0191,0.34
21.334859,-0.103,9.8462,-0.0099,0.36
21.351386,-0.0855,9.8482,0.0005,0.36
21.3686,-0.0306,9.8412,-0.004,0.34
21.369403,0.0303,9.7981,-0.0221,0.3
21.385903,0.0867,9.783,-0.0361,0.3
21.38673,0.0635,9.7859,-0.0511,0.3
21.402694,0.0135,9.7908,-0.0291,0.29
21.403929,-0.0053,9.8188,-0.0234,0.32
21.419922,-0.0676,9.8289,0.0031,0.34
21.436666,-0.0857,9.8219,0.0187,0.33
21.437378,-0.0704,9.8289,-0.014,0.34
21.453937,-0.0328,9.8667,-0.0499,0.37
21.454958,-0.0007,9.8526,-0.0153,0.35
21.470889,-0.0014,9.8286,-0.0019,0.33
21.487955,-0.0059,9.8214,-0.0241,0.32
21.48868,-0.0377,9.8614,-0.0246,0.36
21.504835,-0.072,9.8423,-0.0186,0.35
21.505737,-0.0949,9.8113,-0.0278,0.33
21.522105,-0.0938,9.8353,-0.036,0.35
21.538497,-0.105,9.8233,-0.0334,0.34
21.539289,-0.0789,9.8284,-0.0192,0.34
21.555733,-0.0362,9.8544,-0.0092,0.36
21.556478,-0.0108,9.8593,-0.0284,0.36
21.573924,-0.0302,9.8614,0.002,0.36
21.574719,-0.0068,9.8454,0.0578,0.35
21.591227,0.0193,9.8164,0.0595,0.32
21.608457,0.0305,9.7924,0.0518,0.3
21.609189,0.0201,9.7873,0.0583,0.29
21.625956,0.0097,9.7974,0.0672,0.31
21.626738,-0.0025,9.782399999999999,0.0826,0.29
21.644093,0.0121,9.8112,0.0569,0.32
21.645027,0.0443,9.8471,-0.0219,0.35
21.661936,0.0198,9.8731,-0.0797,0.38
21.663363,0.0034,9.8709,-0.0785,0.38
21.680883,-0.009,9.8809,-0.0042,0.38
21.698802,-0.0384,9.8539,-0.0161,0.36
21.700052,-0.0627,9.8209,-0.0195,0.33
21.716342,-0.0628,9.8058,-0.0096,0.31
21.717115,-0.0304,9.7919,0.0127,0.29
21.734951,-0.0348,9.7987,0.0383,0.3
21.735803,-0.0328,9.8328,0.05,0.34
21.752699,-0.0515,9.8298,0.0327,0.34
21.753467,-0.0869,9.8399,-0.005,0.35
21.770836,-0.098,9.8809,0.0092,0.39
21.790766,-0.0874,9.8849,-0.047,0.4
21.80773,-0.04,9.8519,-0.0677,0.36
21.824096,-0.0044,9.8059,-0.0728,0.31
21.825011,0.0191,9.8039,-0.0511,0.31
21.841196,0.0305,9.8259,-0.0087,0.33
21.865811,0.011,9.828,0.0142,0.33
21.888782,-0.0108,9.7989,0.0019,0.3
21.889543,-0.021,9.8139,0.0022,0.31
21.907316,0.0005,9.8369,0.0113,0.34
21.908901,0.0092,9.8369,0.0144,0.34
21.922004,0.0277,9.8568,-0.0071,0.36
21.934221,0.0235,9.8418,-0.021,0.34
21.936954,-0.0054,9.8519,-0.0451,0.35
21.956176,-0.0223,9.8568,-0.0691,0.36
21.957635,-0.0126,9.8468,-0.0534,0.35
21.97648,0.0145,9.8419,-0.0588,0.35
21.995751,0.0308,9.844899999999999,-0.0356,0.35
22.018401,-0.0244,9.837,0.011,0.34
22.020283,-0.0598,9.816,-0.03,0.32
22.037566,-0.0591,9.837,-0.0187,0.34
22.038393,-0.0791,9.8641,-0.0178,0.37
22.058986,-0.1068,9.8711,-0.0161,0.39
22.059837,-0.1175,9.8494,0.0085,0.37
22.082989,-0.0604,9.8353,0.0067,0.34
22.084707,0.0087,9.8094,-0.0379,0.31
22.101855,0.0417,9.830400000000001,-0.0961,0.35
22.103552,0.0258,9.8286,-0.0152,0.33
22.118975,0.023,9.8216,0.0364,0.32
22.137884,0.0173,9.8097,0.0474,0.31
22.155584,0.0658,9.8189,0.007,0.33
22.177012,0.1145,9.865,-0.0277,0.38
22.177741,0.1392,9.882,-0.0276,0.41
22.195904,0.0855,9.87,-0.0128,0.38
22.19667,0.0284,9.8601,0.0108,0.36
22.213791,-0.0453,9.8384,-0.0061,0.34
22.215534,-0.0637,9.8364,0.0051,0.34
22.230491,-0.0405,9.8106,0.0258,0.31
22.232834,-0.0067,9.7767,0.0442,0.28
22.25781,0.0334,9.7438,0.0482,0.25
22.260087,0.0417,9.76,0.0007,0.26
22.286478,0.0323,9.7821,0.0143,0.28
22.300706,0.0007,9.8133,0.04,0.32
22.317408,-0.0308,9.8545,0.0343,0.36
22.318126,-0.0564,9.8805,0.0523,0.39
22.33508,-0.061,9.8925,0.0494,0.4
22.335784,-0.0843,9.8926,0.0364,0.4
22.354162,-0.0721,9.8736,0.0371,0.38
22.373148,-0.043,9.8239,0.0268,0.33
22.374779,-0.0361,9.783,0.0414,0.29
22.392727,-0.0144,9.7641,0.0667,0.27
22.394454,0.0208,9.7571,0.0622,0.27
22.409431,0.0526,9.776299999999999,0.0598,0.29
22.428922,0.0781,9.8213,0.0748,0.34
22.449745,0.091,9.8244,0.1205,0.36
22.45131,0.057,9.8195,0.1208,0.35
22.465781,-0.0153,9.8295,0.1209,0.35
22.482247,-0.0202,9.8386,0.1454,0.37
22.483463,-0.0201,9.8217,0.1657,0.36
22.500082,-0.0015,9.8147,0.1071,0.33
22.502955,0.029,9.8337,0.0622,0.34
22.517641,0.0524,9.8648,0.0227,0.37
22.534531,0.0279,9.8678,0.0404,0.37
22.536155,-0.0073,9.8679,0.1061,0.38
22.550214,-0.0432,9.8441,0.1178,0.37
22.552899,-0.0274,9.815,0.0923,0.33
22.566717,-0.0039,9.8101,0.1049,0.33
22.586371,-0.0113,9.7911,0.0525,0.3
22.587444,0.0171,9.8202,0.0657,0.33
22.601986,0.0214,9.8271,0.0428,0.33
22.602781,-0.0079,9.8443,0.0232,0.35
22.622862,-0.0272,9.8462,0.0065,0.35
22.623697,-0.0538,9.8493,-0.0143,0.35
22.638949,-0.0862,9.8534,-0.0007,0.36
22.655455,-0.128,9.8395,0.0044,0.36
22.656189,-0.1098,9.8207,0.0045,0.34
22.671942,-0.1087,9.7899,0.019,0.31
22.672657,-0.0768,9.804,0.0046,0.31
22.688617,-0.0553,9.8332,-0.0096,0.34
22.705222,-0.0399,9.8313,0.0138,0.33
22.705983,-0.0373,9.8455,-0.002,0.35
22.722194,-0.0536,9.8546,-0.0033,0.36
22.722953,-0.0459,9.8646,-0.0026,0.37
22.739138,-0.0475,9.8766,-0.041,0.38
22.756854,-0.0493,9.8627,-0.0555,0.37
22.757609,-0.073,9.8628,-0.0377,0.37
22.773829,-0.0607,9.8359,-0.046,0.34
22.774775,-0.1006,9.7981,-0.0428,0.32
22.791304,-0.0977,9.7932,-0.0192,0.31
22.792085,-0.0965,9.7744,-0.0334,0.29
22.80849,-0.0924,9.8036,-0.0255,0.32
22.824584,-0.0588,9.832699999999999,0.0032,0.34
22.825345,-0.0364,9.8518,-0.0275,0.35
22.84142,-0.0003,9.8538,-0.0695,0.36
22.842161,-0.0001,9.8759,-0.0345,0.38
22.858092,-0.0236,9.878,-0.0522,0.38
22.875143,-0.0332,9.8491,-0.0449,0.35
22.875892,-0.0564,9.8042,-0.0199,0.31
22.893258,-0.0692,9.8062,0.0026,0.31
22.894782,-0.0699,9.7895,0.0295,0.3
22.909246,-0.0479,9.8167,0.0649,0.33
22.926419,-0.0303,9.7948,0.0696,0.3
22.927391,0.0009,9.8,0.0131,0.3
22.937447,0.0269,9.8219,-0.0339,0.32
22.95462,0.0254,9.867,-0.0562,0.37
22.955564,0.0072,9.8813,-0.0271,0.38
22.975016,-0.007,9.9033,-0.0001,0.4
22.975669,-0.0461,9.8985,0.0099,0.4
22.98847,-0.0266,9.8436,0.039,0.35
23.006159,-0.0266,9.8268,0.0581,0.33
23.00761,-0.003,9.8059,0.0373,0.31
23.022999,0.0598,9.8199,0.0338,0.33
23.023647,0.09,9.8109,0.0438,0.33
23.039465,0.0767,9.803,0.016,0.31
23.055878,0.0523,9.8181,0.0604,0.33
23.056576,0.0401,9.8442,0.0657,0.35
23.074098,0.0112,9.830400000000001,0.0584,0.34
23.075673,-0.0025,9.8516,0.0699,0.36
23.089012,0.0165,9.8547,0.0558,0.36
23.104994,0.033,9.8448,0.0725,0.35
23.105821,0.048,9.8359,0.004,0.34
23.122497,0.064,9.859,0.0007,0.36
23.124121,0.058,9.838,-0.0174,0.34
23.140306,0.0363,9.836,-0.0155,0.34
23.142482,0.0119,9.8281,0.0326,0.33
23.156033,-0.0001,9.8242,0.0561,0.33
23.175802,-0.0285,9.8574,0.0513,0.36
23.176504,-0.0637,9.8677,0.0382,0.38
23.192948,-0.063,9.86,0.0686,0.37
23.195236,-0.0387,9.8633,0.0887,0.38
23.20921,-0.0437,9.8925,0.0868,0.4
23.227567,-0.0576,9.9187,0.0897,0.43
23.228425,-0.0649,9.9021,0.0538,0.41
23.246678,-0.068,9.8834,0.0603,0.39
23.248753,-0.0514,9.854800000000001,0.083,0.37
23.265116,-0.0398,9.8293,0.083,0.34
23.265797,-0.0232,9.8077,0.0759,0.32
23.281149,-0.0285,9.8042,0.0827,0.32
23.281783,-0.0404,9.8287,0.0716,0.34
23.29847,-0.0504,9.8362,0.0432,0.34
23.315633,-0.0848,9.8456,0.0184,0.36
23.317129,-0.0609,9.8801,0.0004,0.38
23.333517,-0.0614,9.9015,-0.0111,0.41
23.335287,-0.0365,9.9339,0.0038,0.44
23.349497,-0.0258,9.9145,-0.0189,0.42
23.350925,0.0173,9.899000000000001,-0.0075,0.4
23.366531,0.0462,9.8916,-0.0384,0.4
23.383173,0.0136,9.9093,-0.0388,0.41
23.383824,-0.0273,9.9271,-0.0528,0.43
23.39962,-0.0477,9.894,-0.0809,0.41
23.415893,-0.0993,9.8869,-0.1078,0.41
23.416558,-0.1233,9.8458,-0.1157,0.38
23.432365,-0.1448,9.8538,-0.1271,0.4
23.433031,-0.1331,9.8477,-0.0997,0.39
23.448815,-0.1122,9.8197,-0.0358,0.34
23.465544,-0.0928,9.7897,0.0661,0.31
23.46625,-0.0864,9.7269,0.1344,0.28
23.481789,-0.0603,9.704,0.1854,0.28
23.482525,-0.0147,9.693,0.2297,0.3
23.498865,0.0238,9.6837,0.2033,0.28
23.516005,0.0188,9.7012,0.1766,0.27
23.517347,-0.0103,9.7159,0.1293,0.25
23.533158,-0.0137,9.7622,0.1123,0.29
23.536755,-0.0531,9.8106,0.0748,0.32
23.548807,-0.0574,9.8609,-0.0199,0.37
23.565718,-0.043,9.9179,-0.0937,0.43
23.566418,-0.0191,9.9036,-0.1404,0.43
23.582263,0.0042,9.8656,-0.1495,0.39
23.583008,0.0014,9.8465,-0.0828,0.36
23.598847,0.0159,9.8128,0.0228,0.31
23.616176,-0.0014,9.772,0.1627,0.32
23.616882,-0.0142,9.7206,0.2744,0.35
23.63251,-0.0098,9.7039,0.3314,0.39
23.633262,-0.0177,9.7113,0.3312,0.39
23.654919,-0.0717,9.7594,0.2636,0.38
23.656454,-0.1097,9.8092,0.1695,0.37
23.670171,-0.1081,9.888,0.0751,0.41
23.671322,-0.0765,9.8926,0.0073,0.4
23.686689,0.002,9.8973,0.0109,0.4
23.703832,0.0385,9.878,0.0254,0.38
23.705373,0.0422,9.8108,0.1104,0.33
23.719318,0.0311,9.7747,0.1944,0.34
23.720559,-0.0072,9.7289,0.2866,0.37
23.736097,-0.053,9.7148,0.3194,0.39
23.754054,-0.0783,9.7438,0.2861,0.38
23.755765,-0.13,9.788499999999999,0.2213,0.39
23.771789,-0.109,9.8891,0.1551,0.43
23.773295,-0.096,9.9287,0.0784,0.45
23.787993,-0.0455,9.9481,0.0031,0.45
23.804196,0.0329,9.9477,-0.0574,0.45
23.804897,0.0696,9.9253,-0.0905,0.44
23.822039,0.038,9.9012,-0.0583,0.41
23.823596,-0.0241,9.8673,0.0063,0.37
23.839799,-0.0672,9.8004,0.0771,0.32
23.840827,-0.0556,9.7764,0.0883,0.3
23.864662,-0.0492,9.7604,0.0971,0.28
23.865529,-0.0599,9.8053,0.0718,0.32
23.886756,-0.0179,9.8561,0.0283,0.36
23.887394,0.0077,9.863,0.0214,0.36
23.90181,0.0066,9.9109,0.0084,0.41
23.90249,-0.0041,9.8909,0.0039,0.39
23.919033,-0.0403,9.8698,0.0019,0.37
23.936931,-0.0473,9.8438,0.0037,0.35
23.937592,-0.0572,9.7928,0.0083,0.3
23.955147,-0.0779,9.7808,0.004,0.29
23.955774,-0.0586,9.7666,-0.0606,0.28
23.961612,-0.0371,9.8042,-0.1019,0.32
23.970521,-0.0286,9.8308,-0.1268,0.36
23.980179,-0.0071,9.8544,-0.1448,0.38
23.98999,0.0158,9.9061,-0.1435,0.43
24.00581,0.0169,9.901,-0.0985,0.41
24.011224,0.0516,9.8867,-0.0777,0.4
24.024732,0.0385,9.8766,-0.059,0.38
24.030712,0.014,9.8533,-0.083,0.36
24.041592,0.0135,9.8451,-0.0841,0.36
24.057886,0.0181,9.8529,-0.0721,0.36
24.060639,-0.023,9.8287,-0.0681,0.34
24.074215,-0.0319,9.8286,-0.0613,0.34
24.079835,-0.016,9.8425,-0.0405,0.35
24.090641,0.0359,9.8523,-0.0201,0.35
24.108623,0.0298,9.8422,0.0199,0.34
24.111666,0.0387,9.8351,0.0446,0.34
24.127606,0.0782,9.8469,-0.007,0.36
24.129974,0.0808,9.8538,-0.0105,0.36
24.146363,0.0608,9.8776,0.0094,0.38
24.164215,0.0768,9.8844,-0.0209,0.39
24.165142,0.0712,9.9065,-0.0143,0.41
24.180068,0.0046,9.9066,-0.0395,0.41
24.180701,-0.0509,9.923,-0.018,0.43
24.196874,-0.0497,9.9572,-0.0119,0.46
24.213024,-0.0181,9.957699999999999,-0.0289,0.46
24.213694,0.0028,9.9701,-0.132,0.49
24.229845,0.0546,9.9706,-0.1812,0.51
24.230497,0.0555,9.9643,-0.2343,0.52
24.246355,0.0267,9.9741,-0.2928,0.56
24.264307,-0.0333,9.966,-0.3078,0.56
24.265153,-0.0502,9.988,-0.3173,0.58
24.281519,-0.0879,9.9752,-0.2726,0.55
24.282897,-0.1183,9.9457,-0.2301,0.52
24.298562,-0.1347,9.9252,-0.1644,0.48
24.299759,-0.137,9.8839,-0.096,0.42
24.3147,-0.0793,9.8288,-0.0494,0.34
24.330796,-0.0019,9.794599999999999,-0.0056,0.29
24.331451,0.0458,9.7793,-0.006,0.28
24.347351,0.0537,9.7738,-0.0642,0.29
24.349552,0.0369,9.7531,-0.1345,0.29
24.363901,0.0353,9.8121,-0.1923,0.37
24.382948,0.015,9.8939,-0.2693,0.48
24.383816,0.0001,9.9017,-0.2961,0.5
24.399043,0.0061,9.8647,-0.2526,0.44
24.400877,-0.0203,9.8396,-0.214,0.4
24.419833,-0.0778,9.8238,-0.169,0.37
24.420772,-0.0909,9.801,-0.1259,0.34
24.439923,-0.0928,9.7711,-0.047,0.29
24.440558,-0.0988,9.7931,-0.0294,0.31
24.453285,-0.0508,9.816,-0.06,0.33
24.472285,0.0451,9.8046,-0.073,0.32
24.473185,0.1257,9.8482,-0.0483,0.37
24.489106,0.1885,9.8657,-0.049,0.41
24.489705,0.2199,9.8322,-0.022,0.4
24.507966,0.168,9.7998,-0.0211,0.34
24.524897,0.1084,9.7666,0.0253,0.29
24.525573,0.0367,9.7363,0.0544,0.25
24.542487,0.0579,9.7561,0.089,0.28
24.543284,0.1492,9.7753,0.0607,0.32
24.558946,0.166,9.7685,0.0398,0.32
24.559672,0.1673,9.7752,0.0112,0.32
24.576376,0.1939,9.7867,-0.0275,0.35
24.593928,0.2111,9.8202,-0.0082,0.38
24.594626,0.2083,9.8048,0.1149,0.39
24.610962,0.2236,9.7425,0.1354,0.36
24.61188,0.0932,9.821,0.2091,0.39
24.628494,0.1295,9.7272,0.1362,0.29
24.630105,0.0867,9.7093,0.0594,0.23
24.646307,0.0612,9.7012,0.0826,0.23
24.663891,0.0349,9.7071,0.0773,0.22
24.664537,0.0368,9.6987,0.0747,0.22
24.683068,-0.0072,9.7047,0.1757,0.27
24.684041,-0.0889,9.6988,0.2887,0.36
24.701277,-0.1992,9.6837,0.3565,0.45
24.701939,-0.2597,9.6246,0.3668,0.47
24.718549,-0.2291,9.5728,0.2991,0.38
24.720079,-0.2019,9.6087,0.2415,0.33
24.736594,-0.1769,9.6662,0.1127,0.27
24.753923,-0.0792,9.7627,0.0174,0.27
24.754668,0.0126,9.9014,-0.0128,0.4
24.772833,0.0616,9.9686,0.0229,0.47
24.774206,0.0559,9.934,0.0545,0.44
24.789121,0.0457,9.8794,0.0731,0.39
24.789794,0.0077,9.83,0.079,0.34
24.807444,-0.0804,9.7808,0.0888,0.31
24.827142,-0.1093,9.7345,0.0876,0.27
24.82819,-0.143,9.6974,0.1285,0.28
24.829262,-0.2107,9.7274,0.176,0.36
24.845439,-0.2302,9.7863,0.2395,0.44
24.861649,-0.2067,9.8093,0.2799,0.47
24.862442,-0.1962,9.8702,0.3289,0.53
24.878677,-0.1865,9.9153,0.3275,0.56
24.879531,-0.1618,9.9523,0.313,0.57
24.895524,-0.1692,9.9606,0.2666,0.56
24.900752,-0.143,9.9748,0.2604,0.56
24.912178,-0.0437,9.9161,0.1989,0.46
24.930024,0.0469,9.8843,0.1673,0.42
24.930728,0.0941,9.8986,0.1484,0.44
24.947087,0.093,9.9069,0.1121,0.43
24.963998,0.0341,9.9645,0.0773,0.47
24.964657,-0.0114,10.0363,0.0943,0.54
24.981794,0.0189,9.992,0.1525,0.52
24.982473,0.0054,9.9971,0.1558,0.52
24.989405,-0.0604,9.983,0.1058,0.5
25.008798,-0.027,9.7674,0.1026,0.29
25.019342,-0.0683,9.707699999999999,0.158,0.27
25.030091,-0.1364,9.7013,0.2012,0.32
25.03879,-0.1547,9.7445,0.2111,0.36
25.048657,-0.1219,9.7908,0.2096,0.38
25.063627,-0.0766,9.867,0.1167,0.39
25.068623,-0.0496,9.8721,0.0324,0.38
25.080165,0.0122,9.7962,-0.0124,0.3
25.088748,0.0513,9.7265,0.0176,0.23
25.101053,0.0576,9.7487,0.052,0.26
25.11719,0.0264,9.849,0.0423,0.35
25.119395,0.026,9.9552,0.0091,0.46
25.132871,0.04,9.9623,-0.0149,0.46
25.138367,0.0814,9.9406,-0.0149,0.45
25.151544,0.0559,9.8978,-0.0304,0.4
25.167911,0.0168,9.8382,-0.0513,0.34
25.168542,-0.0276,9.7836,0.0083,0.29
25.183693,-0.0864,9.7701,-0.0191,0.28
25.191212,-0.1247,9.7395,-0.0332,0.27
25.203814,-0.1211,9.766,-0.0479,0.3
25.219143,-0.1472,9.8123,-0.0727,0.35
25.236441,-0.1146,9.8697,-0.1557,0.42
25.251991,-0.0079,9.9444,-0.1315,0.46
25.274302,-0.0178,9.9667,-0.144,0.49
25.29327,0.0463,9.9848,-0.0595,0.49
25.294142,0.0065,9.9652,-0.0414,0.47
25.311484,-0.0437,9.9038,-0.059,0.41
25.331113,-0.0828,9.8979,-0.0683,0.41
25.333666,-0.1105,9.8814,-0.1623,0.43
25.349095,-0.0543,9.8176,-0.3135,0.45
25.349729,0.0694,9.741,-0.3631,0.44
25.371117,0.0546,9.7177,-0.1825,0.29
25.371848,0.0348,9.803,0.0377,0.31
25.38707,0.0673,9.9693,0.1551,0.5
25.403582,0.0568,10.0285,0.0828,0.54
25.421359,0.0458,9.8985,-0.1078,0.42
25.437617,-0.0944,9.9628,-0.0053,0.47
25.43833,-0.0013,10.0671,0.0819,0.57
25.457128,0.0228,10.1144,0.1573,0.63
25.459897,-0.1222,10.1039,0.1076,0.63
25.472849,-0.0916,9.8824,0.0103,0.39
25.489946,-0.0392,9.7308,0.0166,0.23
25.490658,0.2727,9.7323,0.0192,0.36
25.507422,0.2646,9.6566,0.0828,0.32
25.50807,0.0952,9.8418,0.0198,0.36
25.528135,0.0774,10.0608,-0.0514,0.57
25.52954,0.0579,9.9979,-0.0965,0.51
25.548669,0.2103,9.6271,-0.009,0.25
25.550094,0.4842,9.2764,0.0466,0.54
25.562838,0.0186,9.5489,0.1502,0.16
25.579507,-0.1259,9.7918,0.0991,0.33
25.580854,0.2035,10.0896,0.0374,0.62
25.59551,-0.0051,10.0354,0.0407,0.54
25.617882,-0.2344,9.835,-0.0241,0.41
25.637556,-0.1308,9.4754,0.1035,0.17
25.651493,-0.1548,9.4115,0.1404,0.23
25.652298,-0.0389,9.5697,0.1055,0.13
25.668879,0.0192,9.9105,0.0572,0.41
25.687171,-0.1054,10.0427,-0.0167,0.55
25.691162,-0.1307,9.9329,0.0097,0.45
25.691853,-0.0651,9.8324,0.1112,0.36
25.704233,-0.064,9.7088,0.1916,0.29
25.720872,-0.0276,9.6562,0.1823,0.24
25.721898,-0.0719,9.6325,0.0731,0.17
25.737019,-0.2051,9.6759,0.1216,0.3
25.741798,-0.2552,9.7122,0.2414,0.41
25.753875,-0.0029,9.873,0.3113,0.49
25.769996,0.3326,9.9535,0.2051,0.6
25.771777,0.4139,9.9198,0.0456,0.59
25.787104,0.401,9.7612,-0.0557,0.48
25.79179,0.3021,9.7147,-0.0832,0.38
25.803507,0.2924,9.8587,-0.1637,0.49
25.820602,0.0773,9.9501,-0.2766,0.53
25.821657,-0.2101,9.9649,-0.2261,0.56
25.837081,-0.3194,9.8269,-0.021,0.46
25.841675,-0.4011,9.5672,0.3051,0.51
25.853657,-0.308,9.4183,0.5483,0.63
25.870788,-0.1872,9.5336,0.4899,0.53
25.871828,-0.173,9.7663,0.1534,0.35
25.887333,-0.0793,10.0237,-0.3433,0.63
25.891816,0.0562,9.9754,-0.4893,0.68
25.904176,0.1833,9.8565,-0.2987,0.5
25.911693,0.1481,9.6939,-0.1635,0.29
25.921651,-0.1093,9.5723,-0.0951,0.16
25.938763,-0.1656,9.783,-0.0694,0.34
25.941444,0.1048,9.7509,0.1473,0.31
25.955611,0.4958,9.5631,0.3665,0.62
25.961987,0.8796,9.7461,0.2811,0.96
25.972132,0.9287,9.7349,-0.0289,0.96
25.988626,0.565,9.6367,-0.3077,0.66
25.995075,-0.0836,9.6495,-0.5519,0.58
26.005597,-0.4214,10.066,-0.5777,0.91
26.012245,-0.4431,10.1659,-0.3268,0.86
26.028398,-0.4379,10.2043,-0.0905,0.83
26.043948,-0.4527,10.2189,0.0081,0.85
26.044624,-0.6527,10.0103,0.2938,0.88
26.060507,-0.4446,10.0074,0.3139,0.74
26.061197,-0.1687,9.9611,0.1992,0.53
26.077133,0.0133,9.7065,0.0826,0.22
26.092937,0.1361,9.6216,-0.169,0.25
26.09362,0.2221,9.7063,-0.4664,0.56
26.109637,0.168,9.7404,-0.5869,0.66
26.111216,0.0055,9.8025,-0.3559,0.47
26.125936,0.006,9.8894,-0.1408,0.41
26.143175,0.0194,9.7755,-0.0008,0.28
26.143852,-0.0806,9.6297,0.227,0.27
26.160179,-0.1034,9.6016,0.3837,0.41
26.162168,-0.0404,9.6015,0.4259,0.44
26.176969,0.0196,9.6339,0.3572,0.38
26.19399,0.0698,9.8786,0.0143,0.39
26.194761,0.212,10.1264,-0.0323,0.66
26.210368,0.1108,10.1588,0.0146,0.67
26.21117,-0.0697,10.086500000000001,-0.2111,0.63
26.227392,-0.1444,9.9996,-0.2981,0.6
26.244991,-0.2398,10.0193,-0.1005,0.58
26.245775,-0.2798,10.0239,0.1534,0.61
26.263822,-0.1671,10.1966,0.0778,0.72
26.265392,-0.0003,10.1569,0.0114,0.66
26.281221,0.1499,9.9015,-0.1419,0.45
26.282957,0.2273,9.6992,-0.3867,0.49
26.297745,0.3013,9.6484,-0.3045,0.45
26.316198,0.3454,9.6132,-0.0548,0.37
26.317084,0.1299,9.591,0.1111,0.19
26.333083,0.1511,9.6124,0.2226,0.29
26.335132,0.16,9.7378,0.2264,0.37
26.353228,0.0176,9.631,0.4257,0.45
26.354088,-0.092,9.4048,0.5281,0.54
26.37405,-0.2512,9.4455,0.2576,0.36
26.374817,-0.0794,9.6885,0.0317,0.21
26.39027,-0.133,9.8233,-0.0004,0.35
26.390999,-0.2622,9.7959,-0.0628,0.4
26.40665,-0.1599,9.7963,-0.1745,0.38
26.423524,-0.1433,10.115,-0.3753,0.73
26.424874,-0.0521,10.2767,-0.0873,0.78
26.438932,-0.0731,10.2297,0.0878,0.74
26.455225,-0.0312,10.1516,0.0397,0.65
26.455874,-0.0273,9.8866,0.0895,0.4
26.47249,-0.0238,9.6745,0.0417,0.18
26.47387,0.0132,9.6648,-0.1643,0.23
26.48843,-0.1245,9.8404,-0.2173,0.42
26.50539,-0.0573,9.949,-0.2514,0.52
26.506033,0.0794,9.9136,-0.0275,0.42
26.520778,0.0542,9.8591,-0.0513,0.37
26.521425,0.0214,9.8137,0.0343,0.32
26.537097,0.0311,9.6734,0.063,0.19
26.553666,0.104,9.8031,0.0326,0.32
26.554923,-0.0882,10.1197,-0.0521,0.63
26.568842,-0.1488,10.2404,-0.1562,0.77
26.585957,0.0341,9.9785,-0.1226,0.5
26.586663,0.0185,9.8718,-0.0409,0.37
26.60215,-0.1763,9.8712,-0.0286,0.41
26.602857,-0.1478,9.7883,-0.022,0.32
26.619514,-0.0568,9.6911,0.0939,0.22
26.620574,-0.0733,9.6505,0.1449,0.22
26.636094,0.0507,9.6456,0.1182,0.19
26.653177,0.1779,9.7101,0.0051,0.28
26.653865,0.1452,9.8177,-0.1287,0.37
26.669126,0.0829,10.0307,-0.3392,0.64
26.687113,0.0006,10.0862,-0.3341,0.67
26.687766,-0.0296,10.005,-0.1562,0.53
26.702972,-0.1174,9.8581,-0.0102,0.38
26.703694,-0.1021,9.7566,0.0727,0.29
26.719804,-0.1145,9.7549,0.1166,0.3
26.720473,-0.1052,9.7661,0.1017,0.3
26.736962,0.0128,9.7696,0.0907,0.28
26.754182,0.0772,9.8189,0.0389,0.33
26.755074,0.0926,9.837,-0.0501,0.35
26.770377,0.0847,9.8018,-0.1221,0.34
26.771667,0.0766,9.8243,-0.0828,0.34
26.787359,0.0402,9.9203,-0.0369,0.42
26.804499,-0.0325,9.8789,-0.0867,0.39
26.805927,-0.1369,9.8667,-0.0657,0.4
26.82151,-0.1032,9.9412,0.0365,0.45
26.822957,-0.1355,9.978,0.0266,0.5
26.837776,-0.1502,9.9602,-0.0144,0.48
26.854935,-0.0449,9.9184,-0.0436,0.42
26.855612,-0.1031,9.8786,-0.0768,0.4
26.871052,-0.1375,9.8296,-0.1037,0.37
26.871866,-0.1303,9.8351,-0.0639,0.37
26.88811,-0.1277,9.8356,-0.0147,0.36
26.905274,-0.014,9.7712,0.0459,0.28
26.906071,0.059,9.7478,0.013,0.26
26.923247,0.0583,9.8154,-0.0807,0.33
26.923946,-0.0276,9.9363,-0.1653,0.47
26.940172,-0.0032,10.066,-0.0967,0.57
26.940775,-0.0295,10.0094,-0.0394,0.51
26.956843,-0.0212,9.9061,-0.0326,0.41
26.974615,-0.0961,9.8885,0.0366,0.4
26.975339,-0.1338,9.9932,0.0477,0.51
26.991356,-0.1196,10.0704,0.0396,0.58
26.992025,-0.1297,9.9728,0.0458,0.49
27.007983,-0.1573,9.8006,0.0422,0.34
27.013927,-0.1101,9.7133,-0.0113,0.24
27.025161,-0.1234,9.7183,-0.1202,0.28
27.040524,-0.1654,9.7232,-0.1281,0.31
27.04117,-0.2099,9.6902,-0.1024,0.3
27.058365,-0.2075,9.6775,0.0028,0.27
27.076253,-0.0374,9.8201,0.1123,0.34
27.077602,0.0374,10.0771,0.1264,0.59
27.091938,0.0567,10.2031,-0.0099,0.71
27.092595,0.1006,10.124,-0.1501,0.65
27.109861,0.1319,10.0757,-0.1345,0.61
27.111482,0.0459,9.9607,-0.084,0.47
27.125317,-0.0396,9.8462,0.0917,0.36
27.141549,-0.0005,9.8709,0.1524,0.4
27.142242,-0.0697,9.952,0.0496,0.46
27.158149,-0.1046,9.9426,0.1211,0.47
27.175549,0.1158,9.8958,0.161,0.44
27.176376,0.158,9.7257,-0.0803,0.29
27.190911,0.1812,9.794599999999999,-0.137,0.37
27.191718,0.227,9.8849,-0.1308,0.47
27.207171,0.2243,9.6915,-0.2154,0.37
27.225409,0.1359,9.446,-0.0332,0.15
27.226052,-0.2701,10.247,0.0937,0.8
27.243,-0.1191,10.2486,-0.1119,0.77
27.243877,0.0924,9.997,-0.1068,0.52
27.261512,-0.0379,9.7635,0.0537,0.27
27.262637,-0.2079,9.7019,0.113,0.31
27.280026,-0.2035,9.8008,0.0414,0.37
27.280672,-0.1579,9.9647,-0.006,0.49
27.297642,-0.1126,9.917300000000001,-0.0034,0.43
27.315755,0.0122,9.8207,-0.0034,0.32
27.316945,0.0792,9.7684,0.0322,0.28
27.334345,0.0509,9.7716,0.0358,0.28
27.33507,0.08,9.7657,0.0345,0.28
27.352461,0.0538,9.7753,0.0986,0.3
27.353386,-0.0346,9.7775,0.1724,0.33
27.371015,-0.1253,9.7945,0.1226,0.34
27.371733,-0.1178,9.8707,0.1243,0.41
27.389215,-0.0952,9.9822,0.0334,0.49
27.389905,-0.0471,10.0741,-0.0466,0.58
27.406773,0.0025,10.0245,0.0124,0.52
27.424013,0.0711,9.9569,0.0224,0.46
27.424717,0.1639,9.9145,-0.0167,0.45
27.441304,0.1618,9.8799,0.0013,0.41
27.442233,0.0717,9.8834,0.0522,0.39
27.457802,-0.0568,9.7857,0.1323,0.32
27.476075,-0.1779,9.7032,0.1077,0.29
27.476883,-0.1497,9.7453,0.105,0.31
27.493479,-0.1302,9.7282,0.0438,0.27
27.494171,-0.1108,9.7404,0.0061,0.26
27.512958,0.0201,9.8367,0.0192,0.34
27.513654,0.0438,9.9179,0.0528,0.42
27.531471,-0.027,9.9467,0.0822,0.46
27.532334,-0.0902,10.0164,0.1151,0.54
27.549842,-0.0819,9.975,0.1406,0.5
27.55056,-0.1564,9.9053,0.1492,0.46
27.567979,-0.1895,9.9215,0.1553,0.49
27.569516,-0.1289,9.9354,0.1074,0.47
27.586493,-0.0626,9.8899,-0.0098,0.39
27.60445,0.0202,9.8413,-0.0263,0.34
27.605196,0.0466,9.7522,0.0717,0.27
27.621742,0.0525,9.6772,0.0953,0.21
27.622684,0.1187,9.6007,0.103,0.19
27.639624,0.1215,9.5457,0.1094,0.17
27.640326,0.0371,9.6582,0.0343,0.17
27.657411,0.0157,9.7524,-0.0082,0.25
27.674421,0.0187,9.879,0.0001,0.38
27.675345,-0.0279,10.0205,0.0276,0.52
27.691865,-0.049,10.123,0.0057,0.62
27.692642,-0.0536,10.0352,-0.019,0.54
27.708476,-0.0613,9.8644,0.0563,0.37
27.709161,-0.082,9.7896,0.1061,0.32
27.724905,-0.0807,9.8588,0.1175,0.39
27.741334,-0.0422,9.9984,0.0717,0.51
27.742262,-0.0322,9.9366,0.0304,0.44
27.75836,-0.0471,9.8364,0.011,0.34
27.759573,-0.0381,9.8387,-0.0509,0.34
27.775331,-0.0094,9.8674,-0.0446,0.37
27.792846,0.0634,9.8199,0.0092,0.33
27.793681,0.0309,9.7866,0.0612,0.29
27.808443,-0.0355,9.863,0.0754,0.37
27.809348,-0.0531,9.8877,0.1255,0.41
27.828693,-0.1017,9.8362,0.1693,0.39
27.829503,-0.0816,9.836,0.074,0.35
27.846777,-0.0555,9.8542,-0.002,0.36
27.865945,-0.0446,9.9293,-0.006,0.43
27.86664,-0.0342,9.9368,-0.0067,0.44
27.883106,0.0118,9.8734,0.0405,0.38
27.883792,0.0068,9.8691,0.0894,0.38
27.901225,-0.0611,9.8944,0.08,0.41
27.901988,-0.0897,9.8285,0.0717,0.35
27.91871,-0.0784,9.8344,-0.0075,0.34
27.919484,-0.0785,9.7829,-0.0807,0.3
27.935357,-0.0866,9.7678,-0.0569,0.29
27.952562,-0.0332,9.8115,-0.0515,0.32
27.95322,-0.0218,9.8957,-0.2196,0.45
27.970763,0.0434,9.9727,-0.1694,0.5
27.971419,-0.074,9.8538,0.1242,0.38
27.987841,-0.0992,9.7453,0.3125,0.41
27.989289,-0.0958,9.8067,0.3159,0.45
28.005829,-0.1032,9.8159,0.2023,0.39
28.023524,-0.0388,9.8092,0.1209,0.33
28.024176,-0.0194,9.8956,0.0374,0.4
28.040868,0.0121,9.9241,0.0409,0.43
28.041613,0.0578,9.9023,-0.0063,0.41
28.058463,0.0497,9.975,-0.0215,0.48
28.059211,0.0113,9.9523,-0.1192,0.47
