time,ax (m/s^2),ay (m/s^2),az (m/s^2),aT (m/s^2)
0.016726,-0.1337,0.2236,9.54,0.26
0.017142,0.1074,0.4677,9.3683,0.5
0.031567,-0.2024,0.4506,9.223,0.57
0.031901,-0.2551,0.1378,9.4292,0.3
0.048141,-0.0018,0.066,9.607,0.13
0.051057,0.027,0.0991,9.614,0.15
0.064809,0.0291,0.142,9.5534,0.15
0.070898,0.036,0.226,9.5032,0.23
0.084095,0.0493,0.3391,9.4787,0.34
0.099087,0.06,0.4112,9.4467,0.42
0.100935,0.0762,0.4391,9.4428,0.45
0.113935,0.0763,0.4373,9.394,0.46
0.120535,0.0458,0.3703,9.3682,0.4
0.132258,0.0324,0.3015,9.4088,0.32
0.148766,0.0122,0.2577,9.4577,0.26
0.1506,0.0219,0.2028,9.4862,0.2
0.163425,0.0447,0.153,9.494,0.16
0.170522,-0.0022,0.1651,9.5449,0.17
0.180513,0.0243,0.2113,9.5509,0.22
0.197598,0.0777,0.2703,9.5252,0.28
0.200616,0.0819,0.3163,9.4435,0.33
0.214516,0.1443,0.3453,9.4121,0.38
0.220967,0.1988,0.3473,9.3822,0.42
0.230974,0.227,0.3234,9.411,0.4
0.253063,0.2167,0.3065,9.4127,0.39
0.2535,0.2042,0.2786,9.416,0.36
0.264837,0.2201,0.2788,9.4425,0.36
0.270964,0.1818,0.286,9.4874,0.34
0.282948,0.1166,0.2882,9.5096,0.31
0.296889,-0.0588,0.2713,9.4909,0.28
0.300474,-0.1262,0.2935,9.5384,0.32
0.315242,-0.0256,0.3055,9.4325,0.31
0.320779,-0.113,0.2334,9.2409,0.37
0.3328,-0.2062,0.2402,9.2869,0.38
0.350686,-0.1272,0.2045,9.419,0.25
0.350945,-0.171,0.0948,9.547,0.2
0.365836,-0.2487,0.102,9.5878,0.28
0.371249,-0.2739,0.153,9.4804,0.31
0.382178,-0.248,0.1529,9.4064,0.31
0.397518,-0.2659,0.1808,9.3924,0.34
0.400819,-0.3734,0.2219,9.3932,0.45
0.417027,-0.4397,0.2147,9.3841,0.5
0.420828,-0.4208,0.2315,9.3428,0.51
0.433577,-0.4398,0.2625,9.3549,0.53
0.449309,-0.4643,0.2434,9.3365,0.55
0.450374,-0.4663,0.2124,9.336,0.54
0.466841,-0.4281,0.1683,9.3722,0.48
0.470938,-0.3074,0.1784,9.4732,0.36
0.484927,-0.1106,0.1974,9.5426,0.23
0.490798,0.0531,0.1921,9.5243,0.2
0.500643,0.2662,0.2139,9.4715,0.34
0.516138,0.236,0.2063,9.2961,0.37
0.520682,0.1704,0.1989,9.1617,0.43
0.534176,0.217,0.3274,9.1613,0.52
0.540748,0.1896,0.389,9.1652,0.55
0.551132,0.1502,0.4247,9.1724,0.56
0.56706,0.1204,0.4556,9.2319,0.54
0.570749,0.0007,0.4825,9.3229,0.51
0.585188,-0.2076,0.5174,9.4525,0.56
0.590818,-0.4505,0.5156,9.5189,0.68
0.600955,-0.6809,0.4828,9.5549,0.84
0.617909,-0.8476,0.4201,9.5527,0.95
0.620319,-1.0029,0.3963,9.4517,1.08
0.634188,-1.2767,0.3847,9.4321,1.34
0.640739,-1.5582,0.3712,9.472,1.6
0.651352,-1.7406,0.3479,9.4502,1.78
0.668652,-1.8791,0.3059,9.4326,1.91
0.670219,-2.0143,0.271,9.4736,2.03
0.68536,-1.9569,0.2671,9.4569,1.98
0.69041,-1.7081,0.2375,9.375,1.73
0.702441,-1.3252,0.2076,9.2903,1.36
0.719261,-0.9588,0.1536,9.1737,1.02
0.720529,-0.7324,0.0725,9.0561,0.86
0.734668,-0.6321,0.0154,8.9654,0.83
0.740454,-0.5513,0.1093,8.9176,0.81
0.752826,-0.4925,0.2552,8.955400000000001,0.78
0.768235,-0.4097,0.3691,9.0442,0.72
0.7698,-0.2562,0.4227,9.1174,0.63
0.785542,0.0603,0.4832,9.3027,0.53
0.789892,0.4119,0.6056,9.5457,0.73
0.802829,0.7375,0.6609,9.759,1.02
0.819924,0.9585,0.6318,9.9199,1.22
0.820215,1.057,0.5768,9.957,1.29
0.835316,0.9756,0.4755,9.9089,1.16
0.839663,0.6687,0.3895,9.8768,0.86
0.853567,0.2323,0.2968,9.8788,0.53
0.860454,-0.1807,0.2272,9.942,0.53
0.870252,-0.4216,0.1881,9.994,0.68
0.88761,-0.5789,0.1259,10.0014,0.78
0.890098,-0.6775,0.0818,10.0461,0.87
0.902007,-0.7354,0.0327,10.0394,0.91
0.910109,-0.7806,0.0527,10.0144,0.94
0.922049,-0.8827,0.0608,10.029,1.03
0.935852,-1.0205,0.0788,10.036,1.16
0.939594,-1.1362,0.204,10.1196,1.31
0.956052,-1.227,0.3539,10.2364,1.47
0.959936,-1.2725,0.46,10.2608,1.55
0.971749,-1.2803,0.5401,10.162,1.54
0.986972,-1.289,0.6111,10.026299999999999,1.52
0.990132,-1.3235,0.6075,9.9297,1.52
1.005822,-1.4266,0.5444,9.92,1.58
1.01011,-1.5436,0.3886,9.9971,1.67
1.020959,-1.7059,0.1957,10.0913,1.82
1.030052,-1.8391,0.0812,10.0982,1.94
1.040187,-1.91,-0.0484,10.1727,2.03
1.054966,-1.9915,-0.199,10.1063,2.09
1.059855,-2.0226,-0.3408,9.9441,2.1
1.069848,-1.9531,-0.4808,9.7899,2.03
1.087765,-1.9897,-0.4682,9.2621,2.06
1.089424,-1.8265,-0.1651,8.4421,2.12
1.104685,-1.1936,0.3186,8.4233,1.64
1.109499,-0.6913,0.9197,9.3581,1.16
1.120926,-0.2646,1.4984,9.7513,1.54
1.13711,0.2467,1.7321,8.9377,1.84
1.144373,0.5342,1.5896,7.6089,2.53
1.160984,0.8903,1.3203,6.6043,3.3
1.161409,1.5309,1.0834,6.3574,3.66
1.175242,2.1747,0.7825,6.547000000000001,3.75
1.179842,2.5259,0.4403,6.8012999999999995,3.72
1.192843,2.6895,0.0928,7.0046,3.67
1.217833,2.5028,-0.1158,7.1211,3.45
1.21801,1.9143,-0.0717,7.2877,2.93
1.23042,0.858,0.3797,7.398,2.3
1.230654,-0.3855,1.0619,7.3495,2.43
1.252674,-1.2639,1.6789,7.084,3.2
1.253084,-1.6705,2.0914,6.8498,3.77
1.259297,-1.7493,2.3076,6.7767,3.98
1.276615,-1.6405,2.2735,6.8495,3.86
1.279201,-1.2937,1.9189,6.867100000000001,3.51
1.290638,-0.8733,1.4745,7.0035,3.03
1.308948,-0.5245,1.1632,7.4154,2.44
1.309163,-0.3183,1.0176,7.8789,1.94
1.323405,-0.143,0.8474,8.0957,1.65
1.329629,-0.1475,0.5466,8.0918,1.52
1.339966,-0.2028,0.2678,8.0531,1.49
1.357747,-0.222,0.0257,8.0757,1.44
1.359308,-0.1426,-0.3083,8.1077,1.43
1.373987,-0.0532,-0.5313,8.0835,1.51
1.379319,0.051,-0.695,7.962,1.69
1.391413,0.1986,-0.7182,7.8420000000000005,1.82
1.405379,0.3123,-0.5063,7.7916,1.81
1.409255,0.4658,-0.2781,7.7789,1.8
1.424435,0.4806,-0.0829,7.7341,1.83
1.429219,0.4317,0.0987,7.7131,1.84
1.440761,0.3544,0.2141,7.6249,1.92
1.458598,0.2263,0.2349,7.5565999999999995,1.97
1.459426,0.0615,0.2352,7.6375,1.88
1.474971,-0.0626,0.2025,7.8114,1.7
1.479517,-0.1373,0.1968,7.9478,1.57
1.490593,-0.1155,0.202,8.103,1.42
1.507749,-0.1096,0.2729,8.2396,1.29
1.509211,-0.1194,0.3371,8.2977,1.25
1.524328,-0.056,0.4226,8.292,1.28
1.529248,-0.0153,0.5184,8.2657,1.34
1.540173,-0.0523,0.5422,8.21,1.4
1.557976,-0.1723,0.5541,8.1569,1.46
1.558867,-0.3226,0.5009,8.149799999999999,1.48
1.575179,-0.4597,0.4815,8.1954,1.46
1.57954,-0.6466,0.4719,8.2279,1.5
1.591801,-0.831,0.4231,8.2363,1.57
1.607714,-0.8848,0.3903,8.2699,1.56
1.608561,-0.813,0.3804,8.2955,1.5
1.625222,-0.6418,0.3868,8.3398,1.38
1.629151,-0.4101,0.3846,8.3606,1.27
1.641055,-0.1682,0.4229,8.4076,1.18
1.649052,0.0936,0.3975,8.418099999999999,1.16
1.658416,0.3107,0.3644,8.4287,1.17
1.673842,0.5393,0.3688,8.5046,1.19
1.678884,0.7461,0.3195,8.6253,1.19
1.691976,0.8543,0.2543,8.7002,1.2
1.69887,0.9733,0.1646,8.7112,1.26
1.709293,0.9862,0.0385,8.6976,1.27
1.726218,0.9709,-0.1428,8.7216,1.25
1.728469,0.8629,-0.3313,8.7394,1.2
1.742765,0.7716,-0.508,8.7643,1.18
1.749022,0.64,-0.616,8.8307,1.11
1.758869,0.5197,-0.6504,8.9091,1.02
1.775608,0.3898,-0.6193,8.9092,0.94
1.779426,0.2483,-0.521,8.9345,0.81
1.792984,0.096,-0.3565,8.9913,0.63
1.799056,-0.0555,-0.2464,9.0505,0.52
1.809882,-0.2282,-0.1681,8.955,0.61
1.826237,-0.3605,-0.1412,8.8607,0.75
1.828688,-0.5206,-0.226,8.8291,0.88
1.843657,-0.6887,-0.3974,8.7967,1.06
1.848853,-0.8127,-0.6665,8.7171,1.31
1.860216,-0.8674,-0.9663,8.5427,1.61
1.87737,-0.8419,-1.216,7.8347,2.23
1.878198,-0.8552,-1.1633,6.755599999999999,3.1
1.894077,-0.9654,-0.3077,6.8146,2.87
1.898912,-1.2,1.1976,7.6746,2.49
1.910714,-1.6511,2.8761,7.914,3.68
1.927674,-2.2259,4.1083,7.128,5.24
1.928417,-2.4301,4.5659,6.4605,6.0
1.943533,-2.0979,4.2075,6.2202,5.73
1.948851,-1.5686,3.2303,6.4552,4.71
1.961245,-0.9645,1.867,7.039899999999999,3.24
1.968683,-0.6923,0.5764,7.6116,2.09
1.978513,-0.7964,-0.4872,8.2844,1.53
1.994989,-1.0385,-1.3523,8.7337,1.87
1.998519,-1.1151,-2.099,8.8695,2.46
2.010688,-1.0714,-2.6565,8.9195,2.92
2.018654,-0.9557,-3.021,9.2069,3.18
2.028229,-0.6532,-3.2408,9.5979,3.31
2.04556,-0.1797,-3.2503,9.8806,3.28
2.061298,0.6755,-2.5742,9.9093,2.69
2.068281,0.8129,-1.9521,9.4889,2.11
2.078904,0.6272,-1.2214,9.0777,1.44
2.095157,0.2584,-0.4777,8.9793,0.75
2.098177,-0.3096,0.0864,8.9483,0.64
2.112386,-0.9341,0.443,8.9285,1.18
2.118602,-1.4921,0.6219,8.9705,1.7
2.12801,-2.0089,0.586,9.0566,2.14
2.146711,-2.3392,0.3594,9.1666,2.39
2.153838,-2.5192,-0.0232,9.1352,2.55
2.163728,-2.5363,-0.4636,9.14,2.6
2.167865,-2.4155,-0.9177,9.2225,2.6
2.177978,-2.0887,-1.3215,9.2908,2.48
2.195062,-1.6797,-1.6481,9.3601,2.36
2.198802,-1.2762,-1.8744,9.4398,2.27
2.213268,-0.9264,-1.9705,9.4871,2.18
2.21908,-0.5363,-1.9634,9.5494,2.04
2.228628,-0.0945,-1.9347,9.4276,1.94
2.250513,0.3198,-1.9313,9.2279,1.98
2.261709,0.7638,-1.8256,8.7697,2.11
2.279902,0.5068,-1.5597,7.7101,2.43
2.296563,0.1435,-1.3026,7.7396,2.19
2.297939,-0.3467,-0.9253,8.3101,1.55
2.315288,-1.1308,-0.5683,8.6924,1.5
2.318175,-1.7545,-0.3258,8.6359,1.98
2.331756,-1.8803,-0.1563,8.4043,2.18
2.337874,-1.3412,-0.1107,8.4237,1.72
2.349918,-0.3783,-0.0859,8.8477,0.76
2.364421,0.6188,0.0193,9.4367,0.62
2.367477,1.585,0.1549,9.9343,1.65
2.383158,2.2106,0.3428,9.9671,2.29
2.392741,1.7743,0.2484,9.3545,1.8
2.402828,0.0545,-0.294,8.230599999999999,1.3
2.415326,-1.8477,-0.78,7.5233,2.82
2.417303,-3.0958,-0.8307,7.7532,3.65
2.433392,-4.082,-0.5912,8.4592,4.25
2.437892,-4.9867,-0.0152,9.1795,5.0
2.448789,-5.103,0.9102,9.8932,5.2
2.464599,-4.5186,2.0252,10.241,5.01
2.467905,-3.5852,3.138,9.9928,4.79
2.481954,-2.5097,4.0509,9.3761,4.77
2.48821,-1.6634,4.5819,8.8215,4.92
2.499005,-1.3685,4.424,8.3659,4.77
2.514755,-1.2523,3.5407,8.0791,4.02
2.517968,-1.0666,2.2611,8.1827,2.83
2.531889,-0.7566,1.1314,8.7941,1.53
2.537999,-0.577,0.387,9.517,0.7
2.548513,-0.8923,-0.178,9.9793,1.03
2.565733,-1.105,-0.7031,10.3597,1.57
2.567348,-1.3417,-1.1551,10.6265,2.1
2.582492,-1.4299,-1.5412,10.7505,2.45
2.587809,-1.4048,-1.8471,10.6969,2.61
2.598922,-1.2573,-1.8575,10.575099999999999,2.49
2.616708,-0.7657,-1.8877,10.03,2.1
2.617634,-0.2793,-1.5513,9.7,1.59
2.631908,0.1507,-0.8725,9.3859,0.89
2.637658,0.4695,-0.1187,9.1077,0.62
2.648525,0.7933,0.4981,9.2256,0.98
2.666632,0.9527,0.7361,9.5479,1.2
2.667538,0.7195,0.6004,9.5522,0.94
2.683041,0.6144,0.3173,9.5003,0.69
2.687948,0.623,0.1021,9.2975,0.66
2.699178,0.9008,0.1516,9.1569,0.98
2.716302,1.1554,0.3958,9.3894,1.23
2.717026,1.3107,0.7336,10.1418,1.63
2.732718,1.1813,0.986,11.1986,2.29
2.7376,0.6885,1.5755,12.0275,3.06
2.750362,-0.277,2.3884,12.7006,4.0
2.75764,-1.3352,3.0354,13.0513,4.86
2.767446,-2.0195,3.1605,13.9381,5.81
2.784374,-2.2498,2.509,15.0359,6.48
2.787332,-2.2643,1.5193,15.421299999999999,6.52
2.799674,-2.1149,1.1587,14.8655,5.88
2.807616,-1.8276,1.4414,13.801400000000001,4.89
2.81766,-1.3089,2.0148,12.5071,3.85
2.834191,-0.6196,2.871,11.1692,3.38
2.836674,0.2537,3.8431,10.309,3.94
2.851255,0.8735,4.5182,9.7282,4.61
2.857492,1.1058,4.7185,9.3038,4.85
2.868097,1.0136,4.4915,9.342,4.61
2.88463,0.6759,3.7759,9.3796,3.84
2.887157,0.3766,2.6925,9.4147,2.72
2.901621,0.3355,1.5006,9.3836,1.54
2.907467,0.4916,0.3885,9.1578,0.71
2.91763,0.7542,-0.418,9.0475,0.97
2.934757,0.8286,-0.9909,9.089,1.36
2.937272,0.7742,-1.4138,9.153,1.65
2.951096,0.7159,-1.693,9.2648,1.85
2.95736,0.7203,-1.9431,9.4798,2.07
2.968426,0.792,-2.0845,9.6807,2.24
2.986563,0.8713,-2.0624,9.7974,2.26
2.987424,0.8412,-1.8232,9.7097,2.02
3.001548,0.5409,-1.3961,9.3659,1.5
3.007344,0.0822,-0.9799,9.105,1.06
3.018883,-0.4746,-0.4182,8.8958,0.87
3.03559,-0.882,0.0359,9.0274,1.0
3.036522,-1.1187,0.4509,9.294,1.22
3.052101,-1.1621,0.6776,9.6315,1.35
3.057552,-1.2483,0.6837,9.8261,1.46
3.068299,-1.4875,0.5776,9.759,1.62
3.087658,-1.8599,0.3508,9.551,1.89
3.088623,-2.3687,0.1205,9.187,2.39
3.102734,-2.6814,-0.102,8.9794,2.73
3.106797,-2.5125,-0.2667,9.1344,2.55
3.119961,-1.8637,-0.353,9.6938,1.91
3.127097,-0.9739,-0.3788,10.3713,1.36
3.136737,-0.2863,-0.3142,10.7973,1.37
3.152191,0.1226,-0.3455,11.094,1.64
3.158661,0.2223,-0.4752,11.1059,1.69
3.168141,0.2575,-0.675,10.7825,1.47
3.176565,0.182,-0.9025,10.3747,1.27
3.1864,0.0891,-1.1533,10.2944,1.4
3.202971,-0.161,-1.3639,10.4095,1.65
3.207126,-0.5452,-1.4527,10.302,1.75
3.219107,-0.9006,-1.374,10.2084,1.79
3.22806,-1.285,-1.2355,10.209,1.92
3.249222,-1.496,-1.043,10.1764,1.95
3.249524,-1.2948,-1.0518,10.075,1.76
3.256855,-1.1332,-1.0038,9.9062,1.57
3.274109,-1.2323,-1.098,9.8623,1.69
3.276457,-1.1288,-1.0595,9.996,1.63
3.286837,-1.0633,-0.9345,9.9583,1.49
3.30713,-1.1842,-0.7946,9.9394,1.49
3.30747,-1.1232,-0.6257,9.7945,1.32
3.319177,-0.9479,-0.5304,9.4713,1.09
3.326749,-0.9328,-0.4493,9.3448,1.05
3.33762,-0.9543,-0.425,9.1767,1.09
3.357411,-1.1004,-0.4065,9.0596,1.25
3.357737,-1.0707,-0.3288,9.1613,1.17
3.375477,-0.756,-0.2561,9.4256,0.8
3.376758,-0.1102,-0.2494,9.6427,0.31
3.389765,0.7632,-0.2799,9.7023,0.84
3.40923,1.626,-0.2497,9.6642,1.65
3.40967,2.1465,-0.0184,9.5212,2.15
3.432026,2.6337,0.2064,9.15,2.66
3.446985,2.1394,0.3617,8.7884,2.28
3.460166,1.5833,-0.0618,9.4068,1.59
3.473136,1.5613,-0.4241,9.6446,1.62
3.476029,1.7124,-0.6863,9.7181,1.86
3.488813,1.8575,-0.8807,9.5241,2.06
3.496014,1.9485,-0.913,9.1834,2.17
3.505904,2.0449,-0.8543,8.9144,2.29
3.523708,1.8807,-0.9038,8.6133,2.27
3.526416,1.8869,-1.1032,8.352,2.47
3.542032,1.8087,-1.2213,8.3865,2.45
3.545899,1.5063,-1.2131,8.432,2.21
3.556342,1.073,-1.0335,8.5549,1.76
3.575445,0.7712,-0.951,8.9124,1.36
3.575724,0.6032,-0.9766,8.9381,1.28
3.590205,0.5858,-1.0481,8.8703,1.36
3.595913,0.6575,-1.12,8.7916,1.48
3.606425,0.6689,-1.1612,8.6807,1.57
3.623247,0.7353,-1.206,8.7244,1.61
3.625733,0.822,-1.3607,8.793,1.74
3.640104,0.8283,-1.5104,8.7168,1.89
3.645718,0.637,-1.5299,8.5645,1.9
3.655911,0.4591,-1.4596,8.5275,1.81
3.671962,0.3094,-1.3995,8.4661,1.77
3.675699,0.192,-1.3066,8.2685,1.81
3.689075,0.0044,-1.1617,8.1467,1.78
3.695572,-0.22,-0.9406,8.375399999999999,1.48
3.705615,-0.2196,-0.6907,8.6807,1.09
3.72201,0.0683,-0.5845,8.604,1.07
3.725784,0.4373,-0.747,8.2175,1.55
3.740181,0.659,-0.6281,8.2662,1.53
3.745853,0.197,-0.1325,8.6889,0.85
3.75632,-0.0656,0.3933,9.1722,0.52
3.774013,-0.3346,0.637,9.3165,0.74
3.775643,-0.3723,0.7294,9.2869,0.85
3.789924,-0.1711,0.7696,9.2852,0.82
3.795847,0.1199,0.8579,9.5323,0.87
3.807383,-0.0684,1.0786,9.9217,1.16
3.823522,-0.0174,1.307,10.0378,1.41
3.825349,-0.4113,1.3201,10.374,1.64
3.840501,-0.9641,1.1081,10.938,2.06
3.845369,-1.4311,0.7314,11.0736,2.25
3.857424,-2.0443,0.4262,11.065,2.61
3.865365,-2.3806,0.4136,10.786,2.74
3.875843,-2.65,0.7024,10.4141,2.89
3.89145,-2.872,1.2218,10.169,3.19
3.895891,-3.1908,1.8058,9.9634,3.7
3.908239,-3.7296,2.2757,10.0226,4.4
3.915478,-4.0306,2.3234,10.3822,4.74
3.925355,-4.1494,2.0895,10.5854,4.77
3.941641,-4.2712,1.6084,10.7121,4.72
3.946379,-4.4608,1.0469,10.8005,4.76
3.958783,-4.5372,0.6216,10.3015,4.65
3.96554,-4.379,0.3103,9.7243,4.4
3.975455,-4.1784,0.1943,9.1047,4.2
3.991352,-3.9198,0.2318,8.5848,4.03
3.995612,-3.503,0.3314,8.4097,3.68
4.008785,-2.9585,0.3777,8.4421,3.16
4.016239,-2.63,0.3023,8.6328,2.79
4.026204,-2.4189,0.1535,8.4574,2.64
4.044324,-2.3356,0.1377,7.9688,2.8
4.045265,-2.5677,0.2673,7.5715,3.22
4.059057,-3.0366,0.5457,7.2348,3.83
4.065349,-3.4209,1.0659,6.9011,4.43
4.076957,-3.6113,1.5809,6.8773,4.73
4.09185,-3.5808,1.7737,7.391,4.52
4.095727,-3.3039,1.5196,8.1435,3.88
4.108846,-2.806,0.9915,8.6213,3.1
4.115503,-2.0191,0.4754,8.9075,2.16
4.12687,-1.1664,0.0401,9.3551,1.18
4.14325,-0.6395,-0.1576,9.5882,0.66
4.145529,-0.325,-0.0902,9.3633,0.36
4.159287,-0.2603,0.2264,9.0131,0.6
4.165751,-0.2344,0.6631,9.0107,0.86
4.177499,-0.1457,1.0538,9.225999999999999,1.1
4.193253,-0.0517,1.367,9.7596,1.39
4.195452,0.1573,1.4548,10.2394,1.64
4.210029,0.5762,1.1446,10.3494,1.54
4.216416,1.0216,0.5762,10.068999999999999,1.3
4.225698,1.215,0.0616,9.7533,1.24
4.243066,1.2784,-0.2931,9.579,1.31
4.259853,1.442,-0.388,9.5251,1.49
4.260165,1.7341,-0.3062,9.5586,1.76
4.265462,1.9764,-0.1173,9.5445,1.98
4.277467,1.7635,0.2227,9.6974,1.79
4.285173,1.9484,0.6707,10.0934,2.14
4.295419,1.9413,0.9344,10.409,2.34
4.310124,1.4005,0.9247,9.9449,1.74
4.315568,0.8223,0.791,9.7026,1.16
4.327574,0.5206,0.6528,9.6983,0.86
4.334951,0.41,0.4184,9.7691,0.64
4.345396,0.5775,0.1192,9.8902,0.71
4.359922,0.8827,-0.1345,10.1519,1.11
4.366191,1.2886,-0.3663,10.5409,1.7
4.380595,1.5669,-0.632,10.8099,2.14
4.384897,1.4284,-0.9677,11.0506,2.32
4.395588,0.9786,-1.3665,11.1939,2.39
4.420212,0.4432,-1.7209,11.0921,2.39
4.420429,-0.0707,-2.0262,10.8294,2.42
4.430369,-0.7257,-2.2238,10.391,2.5
4.434669,-1.1782,-2.3317,9.8561,2.64
4.446174,-1.1542,-2.2198,9.5775,2.5
4.462496,-0.8457,-1.8183,9.5281,2.01
4.464554,-0.4978,-1.1072,9.6621,1.22
4.478245,-0.111,-0.3783,9.7724,0.48
4.485124,0.1551,0.1541,9.8034,0.37
4.495779,0.1953,0.3445,9.7648,0.48
4.512327,0.0414,0.2574,9.5206,0.26
4.51489,-0.2602,0.1269,9.04,0.54
4.530271,-0.6625,-0.0177,8.5429,1.16
4.534902,-1.1269,-0.1198,8.0973,1.8
4.546336,-1.5628,-0.1108,7.8446,2.28
4.564879,-1.8102,-0.0054,7.8296,2.46
4.565138,-1.7842,0.1634,8.068200000000001,2.29
4.582001,-1.3757,0.4182,8.6795,1.66
4.584545,-0.7209,0.6843,9.4099,1.0
4.598762,-0.1399,0.8256,9.9553,0.95
4.604591,0.4214,0.77,10.3942,1.25
4.616022,0.8916,0.5736,10.71,1.61
4.631683,1.1736,0.344,10.891,1.85
4.63432,1.3702,0.0893,10.9407,1.99
4.649955,1.4101,-0.146,10.7116,1.86
4.65459,1.3772,-0.3425,10.211500000000001,1.59
4.664536,1.2552,-0.4728,9.5786,1.34
4.681487,1.0735,-0.5673,9.0399,1.3
4.68449,0.8658,-0.6617,8.8213,1.28
4.7,0.6273,-0.7415,8.9508,1.12
4.704311,0.3134,-0.7224,9.2148,0.84
4.714222,-0.0073,-0.624,9.5308,0.62
4.73106,-0.4122,-0.4917,9.667,0.66
4.734661,-0.8227,-0.3652,9.6299,0.91
4.747932,-1.1439,-0.1423,9.3442,1.16
4.75468,-1.3351,0.1636,8.9451,1.46
4.765033,-1.3469,0.5401,8.7538,1.63
4.780282,-1.1661,0.8193,8.7065,1.63
4.784346,-0.9318,0.9656,8.8203,1.5
4.797485,-0.6904,0.9891,9.0437,1.29
4.804515,-0.4837,0.9077,9.38,1.04
4.814776,-0.3768,0.7883,9.7726,0.92
4.833774,-0.3974,0.686,10.1138,1.0
4.834126,-0.4966,0.5016,10.2224,1.01
4.851932,-0.5696,0.3904,10.1039,0.92
4.854112,-0.5664,0.2559,9.8194,0.7
4.865715,-0.6122,0.1491,9.5998,0.64
4.87476,-0.7119,0.0879,9.4694,0.72
4.885152,-0.8174,0.0076,9.4581,0.82
4.899344,-0.9816,-0.0351,9.5405,0.98
4.904124,-1.0485,-0.1368,9.6975,1.08
4.913992,-0.953,-0.2456,9.8718,1.05
4.930866,-0.8782,-0.3679,9.84,1.01
4.935033,-0.686,-0.3109,9.7217,0.79
4.948087,-0.4441,-0.2481,9.4876,0.51
4.954356,-0.2597,-0.1107,9.2458,0.38
4.964224,-0.1091,-0.0356,9.0885,0.43
4.974231,0.0433,0.0132,9.0433,0.46
4.984113,0.1933,0.0656,9.1113,0.44
4.999538,0.2796,0.1189,9.2853,0.37
5.004401,0.335,0.1035,9.4275,0.36
5.014961,0.3695,0.0624,9.5457,0.38
5.024354,0.3089,-0.0389,9.6019,0.33
5.034094,0.1512,-0.1523,9.5919,0.23
5.052406,0.0115,-0.2127,9.5945,0.23
5.054657,-0.0924,-0.1793,9.6667,0.26
5.068625,-0.0866,-0.0916,9.5825,0.15
5.07441,0.0229,0.0366,9.3831,0.12
5.084202,0.1689,0.174,9.2248,0.37
5.101509,0.2694,0.2824,9.1716,0.51
5.103864,0.3355,0.3106,9.2346,0.53
5.117946,0.3431,0.2814,9.3759,0.46
5.12443,0.3385,0.2006,9.5389,0.4
5.134673,0.291,0.0916,9.6789,0.35
5.149946,0.2425,0.0228,9.8582,0.43
5.154268,0.1849,-0.0248,9.9956,0.53
5.167413,0.1595,0.01,9.9885,0.51
5.174754,0.0793,0.092,9.9449,0.46
5.183644,-0.0094,0.1525,9.8142,0.35
5.200196,-0.1002,0.2337,9.705,0.33
5.20364,-0.19,0.2506,9.6465,0.35
5.21633,-0.2906,0.1809,9.5799,0.35
5.224276,-0.3773,0.1229,9.5647,0.4
5.23427,-0.4119,0.1203,9.5707,0.43
5.256784,-0.4329,0.1562,9.5797,0.47
5.257387,-0.4501,0.1857,9.5017,0.49
5.267558,-0.4476,0.2112,9.427,0.5
5.274107,-0.3717,0.1697,9.4074,0.42
5.285258,-0.2442,0.1139,9.469,0.27
5.301338,-0.1429,0.0596,9.6151,0.19
5.303554,-0.0661,0.0111,9.7871,0.29
5.319066,-0.0218,-0.0583,9.955400000000001,0.46
5.323966,-0.0311,-0.118,10.0538,0.57
5.336089,-0.0624,-0.1455,10.1068,0.63
5.352497,-0.1025,-0.0993,10.0707,0.59
5.353351,-0.1922,-0.0111,9.9704,0.51
5.368944,-0.3162,0.0777,9.8348,0.47
5.376041,-0.403,0.1762,9.6381,0.46
5.390132,-0.3831,0.255,9.4694,0.46
5.393534,-0.319,0.2923,9.3895,0.45
5.403305,-0.2467,0.2567,9.365,0.38
5.421425,-0.1278,0.1849,9.4108,0.24
5.425064,-0.0398,0.1028,9.4966,0.11
5.441301,0.0204,0.035,9.5877,0.1
5.444026,0.0247,-0.0384,9.6765,0.18
5.453505,0.0543,-0.1024,9.7605,0.29
5.47219,0.0637,-0.1564,9.8553,0.39
5.473626,0.0711,-0.162,9.8554,0.4
5.48903,0.0391,-0.1938,9.8148,0.37
5.493742,0.0406,-0.1958,9.7545,0.32
5.503624,0.0241,-0.142,9.7031,0.25
5.521851,0.0116,-0.0922,9.6076,0.14
5.523396,0.0017,-0.0467,9.5203,0.05
5.539565,0.0481,0.0435,9.4681,0.07
5.543837,0.1115,0.1345,9.42,0.19
5.555753,0.1705,0.2261,9.302,0.35
5.572988,0.2322,0.3059,9.2261,0.47
5.573329,0.2594,0.3366,9.2024,0.52
5.590219,0.2978,0.347,9.2439,0.52
5.59355,0.2781,0.2837,9.3062,0.44
5.605654,0.2287,0.216,9.3976,0.33
5.622728,0.158,0.1016,9.4717,0.19
5.623027,0.1092,-0.032,9.573,0.14
5.639348,0.0575,-0.0923,9.6611,0.19
5.643521,0.0231,-0.1063,9.714,0.24
5.656755,0.0302,-0.1321,9.745,0.28
5.672444,0.0221,-0.1093,9.7518,0.28
5.673305,0.0348,-0.0525,9.6916,0.2
5.690176,0.0344,-0.004,9.6444,0.15
5.693514,-0.0022,0.0386,9.5793,0.09
5.706123,-0.0443,0.1036,9.5552,0.13
5.72104,-0.0695,0.1244,9.5168,0.14
5.723152,-0.0712,0.1475,9.4416,0.17
5.739284,-0.0883,0.1622,9.4493,0.19
5.743455,-0.1096,0.1721,9.47,0.21
5.755156,-0.1153,0.1414,9.5227,0.18
5.762911,-0.1206,0.0804,9.5825,0.17
5.773415,-0.1187,0.0373,9.6445,0.19
5.78964,-0.0904,-0.0108,9.7134,0.23
5.793418,-0.0494,-0.033,9.7182,0.23
5.806829,-0.0646,-0.046,9.7231,0.24
5.813402,-0.0978,-0.038,9.7041,0.23
5.823397,-0.0668,-0.017,9.675,0.19
5.839385,-0.0508,-0.0251,9.63,0.14
5.843171,-0.0517,-0.0184,9.6322,0.14
5.856835,-0.0409,-0.0044,9.6371,0.14
5.863533,-0.0767,-0.0192,9.6421,0.16
5.873468,-0.0629,-0.0234,9.6921,0.2
5.890176,-0.0425,0.0213,9.6661,0.17
5.89306,-0.0331,0.1352,9.4913,0.14
5.907192,0.0347,0.2152,9.3476,0.27
5.913093,0.0691,0.2186,9.3187,0.29
5.924017,0.0647,0.1461,9.3379,0.23
5.940012,0.0464,0.1295,9.484,0.14
5.943187,0.0218,0.0344,9.5972,0.11
5.957385,-0.0026,-0.0867,9.6592,0.18
5.96284,-0.0029,-0.1682,9.7362,0.29
5.973175,-0.0084,-0.2087,9.7744,0.34
5.991142,0.0029,-0.2044,9.7534,0.33
5.992467,0.0191,-0.1286,9.7054,0.24
6.008138,0.032,-0.0553,9.6674,0.18
6.01295,0.0507,0.0209,9.5874,0.1
6.024637,0.0227,0.0728,9.5495,0.09
6.041181,-0.0059,0.1187,9.4895,0.12
6.042827,0.0259,0.0883,9.4656,0.1
6.058531,0.006,0.0735,9.4776,0.08
6.062803,0.0103,0.053,9.5016,0.05
6.07483,0.0018,0.0045,9.5257,0.03
6.092226,-0.0019,-0.0128,9.5805,0.08
6.092667,0.0106,-0.0166,9.5906,0.09
6.108741,-0.0037,0.0043,9.5736,0.07
6.112848,-0.0307,0.0265,9.5735,0.08
6.125002,-0.0301,0.0732,9.5784,0.11
6.142022,-0.0231,0.0948,9.5374,0.1
6.143074,-0.017,0.0605,9.5495,0.08
6.159303,-0.0227,0.039,9.5765,0.09
6.163021,-0.0367,0.0264,9.5525,0.07
6.176313,-0.0552,-0.0215,9.6114,0.13
6.18348,-0.0523,-0.0219,9.6143,0.13
6.192431,-0.0727,-0.0277,9.6093,0.13
6.208024,-0.0783,-0.021,9.6021,0.13
6.212783,-0.0432,-0.0302,9.6021,0.11
6.226876,-0.0026,-0.0285,9.5851,0.09
6.232773,-0.0061,0.0007,9.6021,0.1
6.255696,-0.002,0.0157,9.5782,0.08
6.256311,-0.0137,0.0243,9.5762,0.08
6.2625,-0.0057,0.0117,9.5562,0.06
6.274939,0.0046,0.0122,9.5443,0.05
6.282612,0.0093,-0.0124,9.5473,0.05
6.292523,0.024,-0.0198,9.5543,0.06
6.308939,0.0209,-0.0202,9.5473,0.06
6.312364,0.0088,0.0051,9.5473,0.05
6.32928,0.0268,0.0299,9.5594,0.07
6.345529,0.016,0.0415,9.5406,0.06
6.362066,0.0098,0.0243,9.5426,0.05
6.362618,0.009,-0.0055,9.5716,0.07
6.377027,0.0107,-0.0052,9.6098,0.11
6.382178,-0.0168,-0.0121,9.6147,0.12
6.393898,-0.0026,-0.0291,9.6196,0.12
6.410779,0.0024,-0.0099,9.6217,0.12
6.411856,-0.0016,-0.0122,9.5835,0.08
6.428957,0.0243,0.0351,9.5595,0.07
6.432333,0.0242,0.015,9.5445,0.05
6.44491,0.0102,0.0281,9.5306,0.04
6.461036,-0.0254,0.0333,9.5205,0.05
6.461897,-0.0035,0.0182,9.5286,0.03
6.476263,-0.0088,0.0159,9.5565,0.06
6.482643,-0.0279,0.0128,9.5546,0.06
6.494811,-0.0071,-0.0256,9.5737,0.08
6.511322,0.0028,0.0022,9.6146,0.11
6.51212,0.0168,0.0064,9.5996,0.1
6.52855,0.0197,-0.0184,9.6076,0.11
6.532395,-0.002,-0.0147,9.6216,0.12
6.54537,-0.0157,-0.0257,9.5906,0.1
6.552375,-0.0085,-0.0359,9.5905,0.1
6.562777,-0.0201,-0.0046,9.5995,0.1
6.583361,-0.0081,0.0071,9.5685,0.07
6.595336,-0.0124,0.0224,9.5234,0.03
6.61209,-0.0022,0.041,9.5255,0.05
6.628596,0.0353,0.0055,9.5615,0.07
6.633082,0.0512,-0.0214,9.6075,0.12
6.646632,0.02,-0.0633,9.6675,0.18
6.65333,-0.009,-0.0754,9.7296,0.24
6.663397,-0.0377,-0.075,9.6956,0.21
6.678906,-0.0665,-0.0201,9.6096,0.13
6.683243,-0.0502,0.0434,9.5186,0.07
6.695594,-0.0089,0.1218,9.4107,0.15
6.703132,0.0472,0.1918,9.3228,0.27
6.713779,0.072,0.1749,9.3229,0.26
6.729201,0.0699,0.1105,9.418,0.15
6.732825,0.0436,0.0377,9.5238,0.06
6.748166,0.0165,-0.0403,9.6198,0.13
6.75307,0.0019,-0.1438,9.7059,0.25
6.764731,-0.0258,-0.1928,9.7127,0.29
6.779518,-0.0453,-0.173,9.7078,0.27
6.782749,-0.0489,-0.1096,9.6407,0.18
6.798285,0.0033,-0.0439,9.5858,0.1
6.802959,0.0039,0.0197,9.5566,0.06
6.814004,0.0193,0.0542,9.4946,0.06
6.831438,0.0076,0.1242,9.4736,0.13
6.833785,0.0075,0.1098,9.5086,0.11
6.847984,0.0278,0.0411,9.5497,0.07
6.852794,0.0249,-0.014,9.6027,0.11
6.86355,-0.0301,-0.0553,9.6527,0.17
6.881141,-0.0419,-0.0994,9.6477,0.18
6.882256,-0.0443,-0.06,9.6217,0.14
6.897836,-0.0357,-0.0,9.5596,0.07
6.902954,-0.0398,0.0705,9.5115,0.08
6.91609,-0.0022,0.1035,9.4636,0.11
6.930691,0.0108,0.0869,9.4587,0.1
6.932115,0.0033,0.094,9.4497,0.11
6.947785,-0.0058,0.0602,9.4877,0.06
6.952656,-0.011,0.0134,9.5547,0.06
6.965568,-0.0154,-0.015,9.6357,0.14
6.982317,-0.0006,-0.0566,9.6676,0.18
6.982682,-0.0084,-0.0731,9.6985,0.21
6.999869,-0.0121,-0.0634,9.7124,0.22
7.002652,0.0292,-0.0676,9.6935,0.21
7.015411,0.0546,-0.022,9.6215,0.14
7.023567,0.0389,0.008,9.5716,0.08
7.033334,0.0671,0.0406,9.5289,0.08
7.04947,0.0845,0.0375,9.485,0.09
7.052502,0.0558,0.0326,9.4573,0.08
7.064852,0.0246,0.02,9.4665,0.05
7.072751,-0.0076,-0.0327,9.5056,0.03
7.083486,-0.0463,-0.0521,9.5695,0.1
7.101187,-0.0604,-0.0439,9.6415,0.16
7.102089,-0.0703,-0.0582,9.6775,0.2
7.117448,-0.0681,-0.055,9.6685,0.19
7.122686,-0.051,-0.027,9.6685,0.18
7.133941,-0.0197,-0.0285,9.6295,0.13
7.151621,-0.0004,-0.0106,9.5866,0.09
7.152101,0.0239,-0.0293,9.5454,0.06
7.168127,0.0294,-0.0042,9.5295,0.04
7.172031,0.0344,0.0201,9.5315,0.05
7.184305,0.0479,-0.0095,9.5265,0.06
7.192315,0.0572,-0.0032,9.5656,0.09
7.205469,0.0393,-0.0223,9.6107,0.12
7.219401,-0.0112,-0.0494,9.6126,0.12
7.221759,-0.0216,-0.0458,9.6007,0.11
7.234739,-0.0343,-0.0055,9.5677,0.08
7.253965,-0.0489,0.0091,9.5577,0.08
7.266882,0.0466,0.1122,9.4289,0.14
7.282632,0.0643,0.0895,9.453,0.12
7.301301,0.0323,0.0309,9.5339,0.06
7.301642,-0.0054,-0.0455,9.6279,0.14
7.316789,-0.0114,-0.1057,9.6998,0.23
7.322829,-0.0435,-0.1613,9.7327,0.29
7.331652,-0.048,-0.1627,9.7187,0.28
7.349655,-0.0475,-0.1397,9.6587,0.22
7.351642,-0.0142,-0.0685,9.6156,0.14
7.367368,-0.0108,0.0055,9.5886,0.09
7.372119,-0.002,0.0511,9.5297,0.06
7.38635,0.0072,0.0556,9.4698,0.06
7.392227,0.0111,0.0572,9.5008,0.06
7.402878,0.0124,0.0169,9.5319,0.04
7.420535,-0.007,-0.0261,9.5699,0.07
7.421368,-0.0022,-0.0365,9.6039,0.11
7.436934,0.0117,-0.0134,9.6009,0.1
7.441925,0.0232,-0.0037,9.5609,0.07
7.453371,0.0105,0.0197,9.525,0.03
7.469688,0.0146,0.0329,9.5061,0.04
7.471783,0.0236,0.0487,9.4981,0.05
7.486707,-0.0125,0.0624,9.5011,0.06
7.491954,-0.0207,0.045,9.5082,0.05
7.503154,-0.0156,-0.0001,9.5581,0.06
7.52081,-0.0122,-0.0303,9.6112,0.12
7.521661,-0.0144,-0.0527,9.6471,0.16
7.536744,-0.004,-0.0576,9.649,0.16
7.542046,-0.0017,-0.0483,9.625,0.13
7.553732,0.0035,-0.025,9.604,0.11
7.57088,0.0199,0.0017,9.5421,0.05
7.571804,0.0093,0.0185,9.5302,0.04
7.58686,0.0086,0.0195,9.4913,0.02
7.592031,0.0127,-0.0247,9.4892,0.03
7.604226,0.0072,0.0042,9.4863,0.02
7.619786,0.007,-0.0443,9.5443,0.06
7.621197,0.01,-0.0527,9.5923,0.11
7.637666,-0.0046,-0.0363,9.6043,0.11
7.64305,-0.0013,-0.0353,9.6282,0.13
7.654289,0.0176,-0.0378,9.5993,0.11
7.67108,0.0105,-0.0259,9.5942,0.1
7.671486,-0.0118,-0.0164,9.5803,0.08
7.687978,0.0116,-0.0085,9.5703,0.07
7.691408,-0.0028,-0.0046,9.5634,0.06
7.704658,-0.0149,0.0092,9.5324,0.04
7.721775,-0.013,-0.0066,9.5324,0.04
7.722183,-0.0061,-0.0002,9.5444,0.04
7.738271,-0.0066,-0.0286,9.5584,0.07
7.741495,0.0077,-0.022,9.5704,0.07
7.755228,0.0019,-0.018,9.5945,0.1
7.761695,0.0269,-0.0103,9.6306,0.13
7.771863,-0.0051,-0.0019,9.6427,0.14
7.786397,-0.0283,-0.004,9.6258,0.13
7.791289,-0.0129,0.0075,9.648,0.15
7.805748,-0.0195,-0.0036,9.598,0.1
7.812073,-0.0088,-0.0089,9.5591,0.06
7.823231,-0.0304,0.0173,9.5232,0.04
7.839107,-0.0171,0.0134,9.4763,0.03
7.844521,-0.0225,0.0191,9.4524,0.06
7.858761,-0.0123,0.0039,9.4684,0.03
7.86105,0.0136,0.0047,9.5284,0.03
7.872138,0.045,-0.0295,9.5524,0.08
7.891408,0.051,-0.0554,9.6024,0.13
7.891916,0.0541,-0.0688,9.6625,0.18
7.910657,0.0105,-0.0696,9.6915,0.2
7.912114,-0.0277,-0.0695,9.6656,0.18
7.922769,-0.0592,-0.0565,9.6346,0.16
7.939852,-0.0529,-0.0158,9.5767,0.09
7.940874,0.0237,0.0762,9.5028,0.08
7.957491,0.0571,0.1562,9.3811,0.2
7.961372,0.098,0.1724,9.3283,0.26
7.971994,0.1043,0.1191,9.3503,0.22
7.989753,0.0501,0.0506,9.4432,0.09
7.990982,0.0234,-0.0231,9.575,0.08
8.006497,-0.0165,-0.1168,9.639,0.18
8.010644,-0.0326,-0.1722,9.6489,0.23
8.022809,-0.0299,-0.1796,9.6818,0.26
8.039446,-0.0264,-0.1553,9.6608,0.23
8.040437,-0.0139,-0.0918,9.6347,0.16
8.057124,0.0076,-0.0235,9.6107,0.11
8.06127,0.0249,0.025,9.5717,0.08
8.073734,0.0111,0.0456,9.5558,0.07
8.090525,0.0013,0.053,9.5457,0.07
8.091014,-0.0106,0.0043,9.5528,0.05
8.108136,-0.0414,-0.0097,9.5768,0.09
8.111005,-0.0278,-0.0248,9.6027,0.11
8.124385,-0.0304,-0.0461,9.6538,0.16
8.14107,-0.0414,-0.0383,9.6438,0.15
8.141468,-0.0306,-0.0212,9.637,0.14
8.157816,-0.0199,-0.002,9.6031,0.11
8.160978,-0.016,0.0355,9.5683,0.08
8.172134,-0.0258,0.0252,9.4964,0.04
8.180808,-0.0368,0.0298,9.4384,0.08
8.190204,-0.0257,0.0492,9.4215,0.1
8.206248,-0.0046,0.0488,9.4456,0.07
8.210293,-0.0171,0.0016,9.4866,0.02
8.221669,0.0063,-0.035,9.5346,0.05
8.230656,0.0195,-0.0577,9.5897,0.11
8.254123,0.0288,-0.0472,9.5997,0.11
8.254676,0.0372,-0.0236,9.6188,0.13
8.260376,0.0623,-0.0208,9.6019,0.12
8.273148,0.0716,-0.0427,9.6238,0.15
8.28065,0.0757,-0.0059,9.614,0.14
8.290431,0.0598,-0.0139,9.5691,0.09
8.306638,0.0513,-0.0048,9.5491,0.07
8.310783,0.0547,-0.008,9.5543,0.08
8.322253,0.0529,-0.0052,9.5494,0.07
8.330099,0.0277,-0.0051,9.5355,0.05
8.340254,0.0178,-0.0075,9.5236,0.03
8.356749,0.0193,-0.004,9.5187,0.03
8.360495,-0.0093,0.0056,9.5165,0.02
8.375597,0.0098,-0.0193,9.4946,0.02
8.38077,-0.0316,-0.0066,9.5215,0.04
8.39389,-0.0388,-0.0111,9.5423,0.06
8.407801,0.0025,-0.0156,9.5452,0.05
8.410056,0.0021,-0.0125,9.597,0.1
8.425002,0.0037,-0.0175,9.616,0.12
8.43064,0.0378,-0.0154,9.6448,0.15
8.443887,0.0179,-0.0083,9.6518,0.15
8.459091,-0.0269,-0.0243,9.6236,0.13
8.460279,-0.066,-0.0103,9.6326,0.15
8.477659,-0.077,0.023,9.5875,0.12
8.480167,-0.0971,0.061,9.5104,0.12
8.49126,-0.0958,0.0271,9.4694,0.1
8.507666,-0.0535,0.0386,9.4882,0.07
8.509884,-0.0327,0.0147,9.5412,0.05
8.526254,0.0029,-0.0308,9.5989,0.1
8.530308,0.0202,-0.0874,9.6779,0.2
8.541646,0.0449,-0.0924,9.7569,0.28
8.55038,0.0515,-0.091,9.7709,0.29
8.560222,0.027,-0.0737,9.69,0.21
8.576621,-0.0397,-0.0778,9.6232,0.15
8.580144,-0.0551,-0.0239,9.5104,0.06
8.592022,-0.0149,0.0389,9.4176,0.09
8.600328,0.0271,0.0892,9.3769,0.15
8.610204,0.0602,0.1429,9.3601,0.21
8.626828,0.0511,0.1509,9.3722,0.2
8.630179,0.0547,0.0805,9.3943,0.14
8.643778,0.0438,0.0016,9.4873,0.05
8.650351,-0.0061,-0.0629,9.5783,0.1
8.661118,-0.0127,-0.1292,9.6672,0.21
8.678265,-0.0174,-0.1526,9.6911,0.25
8.680379,0.0091,-0.1331,9.6691,0.22
8.695,0.0078,-0.1126,9.672,0.21
8.700048,0.0582,-0.0427,9.6501,0.17
8.710524,0.0599,-0.0053,9.5831,0.1
8.727956,0.0759,0.0389,9.5592,0.1
8.729459,0.0422,0.0516,9.5334,0.07
8.743872,0.0227,0.0425,9.5163,0.05
8.749945,0.0072,0.0177,9.5185,0.03
8.760179,-0.0257,-0.0028,9.5095,0.03
8.777401,-0.007,0.0118,9.5354,0.04
8.780169,-0.0101,0.0056,9.5494,0.05
8.79509,0.0017,-0.0057,9.5455,0.05
8.800125,-0.0047,-0.0099,9.5403,0.04
8.812647,-0.0277,0.0055,9.5523,0.06
8.828991,-0.008,0.0128,9.5693,0.07
8.829881,-0.014,0.0268,9.5641,0.07
8.846733,-0.0184,0.0076,9.5692,0.07
8.849686,-0.0317,-0.0231,9.588,0.1
8.861318,-0.0363,-0.026,9.5691,0.08
8.879953,-0.0478,-0.0233,9.552,0.07
8.880418,-0.0189,-0.0151,9.585,0.09
8.897669,-0.0093,-0.0345,9.6,0.11
8.899408,-0.0128,-0.0113,9.5812,0.08
8.912149,-0.0037,0.0168,9.5692,0.07
8.919988,-0.0025,-0.0055,9.5732,0.07
8.930101,0.0272,-0.0313,9.5713,0.08
8.94719,0.0265,-0.017,9.5785,0.08
8.949173,0.026,-0.0446,9.5924,0.11
8.965034,0.031,-0.0472,9.5834,0.1
8.96957,0.0408,-0.0114,9.5714,0.08
8.979608,0.0217,0.0187,9.5545,0.06
8.996368,0.0468,-0.0057,9.5405,0.06
8.999647,0.0477,-0.0009,9.5236,0.05
9.013195,0.0297,-0.0027,9.5117,0.03
9.019351,0.0502,0.0063,9.4928,0.05
9.029251,0.0443,-0.0174,9.5549,0.07
9.047065,0.0318,-0.0093,9.5619,0.07
9.049142,0.0177,-0.0075,9.5839,0.09
9.064414,0.0009,-0.0199,9.582,0.08
9.069107,-0.0279,-0.0186,9.5839,0.09
9.07989,-0.0551,-0.0144,9.5789,0.1
9.099915,-0.0504,0.0066,9.5598,0.08
9.100515,-0.0324,0.0264,9.5257,0.05
9.117666,-0.0143,0.0169,9.5067,0.02
9.119622,0.0152,0.014,9.5097,0.02
9.13357,0.0396,0.0246,9.5356,0.06
9.152638,0.0304,-0.0101,9.5786,0.08
9.153026,0.0314,-0.0422,9.6145,0.13
9.165088,-0.0001,-0.0211,9.6453,0.15
9.169542,-0.0225,-0.0306,9.6331,0.14
9.179825,-0.0195,-0.0782,9.6381,0.16
9.199025,-0.0189,-0.0686,9.631,0.15
9.199446,-0.0071,-0.0152,9.6021,0.1
9.217034,0.0041,0.0186,9.5281,0.03
9.219268,0.0357,0.0796,9.4704,0.09
9.229688,0.0563,0.1048,9.4324,0.14
9.252764,0.0367,0.0896,9.4425,0.11
9.25324,0.0297,0.0435,9.4924,0.05
9.267741,0.0233,-0.0171,9.5424,0.05
9.268854,-0.0336,-0.0619,9.6193,0.14
9.283816,-0.0427,-0.1199,9.6622,0.21
9.290299,-0.0338,-0.1261,9.6951,0.23
9.300917,-0.0289,-0.1258,9.674,0.22
9.315181,-0.0129,-0.0798,9.6329,0.16
9.320041,0.0233,-0.0269,9.5879,0.09
9.33115,0.0389,0.0067,9.583,0.09
9.33905,0.0291,0.0331,9.5421,0.06
9.349036,0.0066,0.0312,9.5161,0.04
9.366626,-0.0004,0.0182,9.5352,0.04
9.368827,-0.0144,0.0013,9.5352,0.04
9.38133,0.0141,0.0084,9.5542,0.06
9.389027,0.0272,0.0086,9.5762,0.08
9.399117,0.0008,-0.0096,9.5522,0.05
9.417199,-0.0196,-0.0092,9.5573,0.06
9.418815,0.0071,0.0244,9.5544,0.06
9.433893,0.009,0.024,9.5214,0.03
9.43902,0.024,0.024,9.5403,0.05
9.449948,0.0258,0.0176,9.5403,0.05
9.46616,0.0188,-0.0056,9.5574,0.06
9.4676,0.0158,-0.0119,9.5593,0.06
9.484073,-0.0198,-0.0143,9.5783,0.08
9.489079,-0.0285,-0.0466,9.5852,0.1
9.501131,-0.0162,-0.0395,9.6242,0.13
9.517957,0.0079,-0.0395,9.6023,0.11
9.519127,0.0082,-0.0162,9.6162,0.12
9.534331,-0.0083,-0.0035,9.5922,0.09
9.539198,0.0135,-0.0044,9.5612,0.06
9.550269,0.0288,-0.0049,9.5353,0.05
9.567009,0.0164,-0.0168,9.5523,0.06
9.568737,0.0003,-0.0211,9.5283,0.04
9.585139,0.0186,-0.0126,9.5214,0.03
9.588861,0.0322,-0.0234,9.5133,0.04
9.60146,-0.0031,-0.018,9.5283,0.03
9.620057,0.0029,-0.0168,9.5372,0.04
9.620608,0.0091,0.008,9.5692,0.07
9.636344,-0.0203,0.0187,9.604,0.11
9.638433,-0.0273,-0.0044,9.6118,0.12
9.652025,-0.0266,-0.0016,9.5758,0.08
9.659173,-0.0401,0.0255,9.5778,0.09
9.670532,-0.0234,0.007,9.5468,0.05
9.68501,-0.0236,0.0077,9.5329,0.04
9.691642,0.0069,0.0156,9.5329,0.04
9.703293,0.0375,0.0095,9.5229,0.04
9.708499,0.0478,-0.0161,9.5659,0.08
9.720418,0.0409,-0.0267,9.6157,0.13
9.746611,0.0422,-0.0277,9.6446,0.15
9.760254,0.0237,-0.0494,9.7186,0.23
9.773573,0.0137,-0.0677,9.7067,0.22
9.78871,-0.0284,-0.0838,9.6597,0.18
9.789286,-0.0346,-0.0838,9.5829,0.12
9.803332,-0.0006,-0.0189,9.504,0.02
9.808702,0.0093,0.0296,9.4253,0.08
9.820131,0.0122,0.0798,9.3585,0.16
9.839133,0.0297,0.1404,9.3316,0.22
9.839548,0.0389,0.1172,9.3516,0.19
9.854059,0.0222,0.0536,9.4256,0.09
9.858563,-0.0172,-0.0219,9.5354,0.05
9.871018,0.0009,-0.0991,9.6553,0.18
9.887622,-0.0147,-0.1324,9.7391,0.27
9.888574,-0.0253,-0.1519,9.767,0.31
9.905442,-0.0195,-0.1401,9.7889,0.32
9.908522,0.0096,-0.0716,9.746,0.26
9.921736,0.0283,-0.023,9.664,0.17
9.937028,0.0393,0.0121,9.5761,0.09
9.938003,0.0374,0.0461,9.4923,0.06
9.954676,0.0102,0.0781,9.4375,0.1
9.958246,-0.0265,0.0612,9.3986,0.12
9.970744,-0.0268,0.0541,9.4205,0.1
9.986678,-0.0127,0.0331,9.4665,0.05
9.987882,0.0184,0.0003,9.5375,0.04
10.015108,0.0069,-0.0173,9.5734,0.08
10.01548,-0.0063,-0.0346,9.6164,0.12
10.032758,0.0114,-0.0424,9.6043,0.11
10.033195,0.0038,-0.016,9.5762,0.08
10.050281,0.004,-0.009,9.5693,0.07
10.050813,-0.005,0.0093,9.5353,0.04
10.066138,0.0039,-0.0105,9.5783,0.08
10.083395,-0.0081,-0.0113,9.5423,0.04
10.083869,-0.0287,-0.0024,9.5852,0.09
10.102204,-0.0262,0.029,9.5882,0.1
10.102893,-0.0192,0.007,9.5852,0.09
10.121425,0.0005,-0.0123,9.5813,0.08
10.123106,0.0118,0.0067,9.6093,0.11
10.138785,0.0082,-0.0002,9.6144,0.11
10.13936,0.0334,-0.0169,9.5815,0.09
10.155002,0.0476,-0.0239,9.6075,0.12
10.171601,0.0421,-0.0476,9.5696,0.09
10.172546,0.028,-0.0555,9.5475,0.08
10.187899,0.0302,-0.0172,9.5375,0.05
10.18877,0.0321,-0.0014,9.5336,0.05
10.203558,0.0046,-0.0103,9.5255,0.03
10.218734,-0.0099,0.0177,9.5306,0.04
10.219246,-0.0119,0.0268,9.5355,0.05
10.237581,-0.01,0.0183,9.5375,0.04
10.256598,-0.0258,0.0112,9.5595,0.07
10.272935,-0.0251,0.0347,9.5854,0.1
10.277815,-0.0056,0.0105,9.5954,0.1
10.290026,-0.0097,0.0132,9.5904,0.09
10.304481,-0.0139,0.0131,9.5664,0.07
10.307457,0.0037,-0.0107,9.5663,0.07
10.323589,0.0179,-0.0275,9.5972,0.1
10.327531,0.0345,-0.0204,9.6122,0.12
10.339983,0.0168,-0.0021,9.6243,0.13
10.355575,0.0095,-0.0054,9.6164,0.12
10.357407,-0.0031,-0.0425,9.6124,0.12
10.373662,-0.023,-0.0574,9.5885,0.11
10.377594,-0.0336,-0.0279,9.5615,0.08
10.390522,-0.0077,0.0062,9.4977,0.01
10.40492,0.0084,0.0403,9.4567,0.06
10.407247,0.0166,0.0907,9.4328,0.11
10.421903,0.0468,0.1128,9.3919,0.16
10.42738,0.0451,0.0806,9.4069,0.13
10.442172,0.0339,0.0035,9.4758,0.04
10.447885,0.001,-0.0562,9.5427,0.07
10.458093,-0.0165,-0.0776,9.6164,0.14
10.47571,-0.0292,-0.0892,9.6602,0.19
10.479537,-0.0517,-0.0908,9.6552,0.19
10.497299,-0.0296,-0.0857,9.6741,0.2
10.497903,-0.0202,-0.042,9.679,0.18
10.509739,0.0207,-0.0153,9.6209,0.12
10.527086,0.0403,0.0286,9.6069,0.12
10.527626,0.055,0.0149,9.5829,0.1
10.547593,0.0376,0.0135,9.5639,0.08
10.548131,-0.0033,0.0027,9.559,0.06
10.567419,0.0049,-0.0049,9.547,0.05
10.567971,0.0171,0.0168,9.521,0.03
10.582364,0.0074,0.0048,9.509,0.01
10.595947,0.0025,0.0257,9.4799,0.03
10.59715,0.0173,0.0144,9.5159,0.03
10.609056,0.0122,0.0016,9.53,0.03
10.6241,0.0263,0.0049,9.5589,0.06
10.627392,0.0057,-0.0247,9.5488,0.06
10.642535,-0.0137,-0.0285,9.5757,0.08
10.648318,-0.0318,-0.0157,9.6037,0.11
10.6612,-0.0482,-0.0296,9.6497,0.16
10.676261,-0.0513,-0.037,9.6476,0.16
10.677168,-0.0347,-0.0448,9.6516,0.16
10.691691,-0.0309,-0.0086,9.6035,0.11
10.697603,0.0023,0.0085,9.5705,0.07
10.708358,0.0004,0.0165,9.5275,0.03
10.726641,0.0001,0.0099,9.4696,0.03
10.727214,-0.0022,0.03,9.4727,0.04
10.743452,-0.0123,0.0279,9.4967,0.03
10.746776,0.0233,-0.0278,9.5207,0.04
10.75819,0.0209,-0.0364,9.5537,0.07
10.767444,0.0037,-0.0234,9.5756,0.08
10.777761,0.0325,-0.0175,9.5707,0.08
10.79179,0.0154,-0.0269,9.5687,0.08
10.800223,0.0102,-0.0027,9.5567,0.06
10.810161,-0.0018,-0.0028,9.5846,0.08
10.817293,0.008,-0.003,9.5707,0.07
10.826715,-0.0037,-0.0239,9.5636,0.07
10.842397,-0.031,-0.0052,9.5395,0.05
10.847238,-0.0117,0.0084,9.5565,0.06
10.85916,-0.0263,0.0271,9.5582,0.07
10.867363,-0.0216,0.0035,9.5531,0.06
10.877539,0.0193,0.0073,9.5459,0.05
10.894689,0.0421,-0.0017,9.5817,0.09
10.896842,0.0559,-0.0293,9.5955,0.11
10.911154,0.0554,-0.0304,9.6144,0.13
10.917011,0.0349,-0.0014,9.6053,0.11
10.926922,0.0035,-0.0186,9.6052,0.11
10.942932,-0.0052,-0.045,9.6051,0.11
10.947021,-0.0178,-0.0557,9.6121,0.13
10.959369,-0.0131,-0.0447,9.581,0.09
10.966677,-0.0148,-0.0203,9.5619,0.07
10.986428,0.0455,0.0687,9.4972,0.08
10.996828,0.0408,0.0707,9.4323,0.11
11.009726,0.0554,0.0816,9.4403,0.12
11.016938,0.0592,0.0028,9.5023,0.06
11.027111,0.0164,-0.06,9.5554,0.08
11.044732,-0.0375,-0.0892,9.6412,0.17
11.046338,-0.0431,-0.1016,9.6841,0.21
11.062909,-0.0328,-0.1112,9.696,0.23
11.066396,-0.0283,-0.1012,9.6768,0.21
11.076673,-0.0016,-0.0722,9.6618,0.18
11.094849,0.0127,-0.0166,9.6337,0.14
11.096449,0.0483,-0.0004,9.5978,0.11
11.111847,0.0263,0.0021,9.543,0.05
11.116891,-0.0017,0.0307,9.5401,0.05
11.127295,0.0053,0.0306,9.5072,0.03
11.143828,-0.0153,0.0295,9.5212,0.04
11.146678,-0.004,0.031,9.5142,0.03
11.162325,0.0099,0.0155,9.5333,0.04
11.166916,0.0092,0.0015,9.5284,0.03
11.17978,0.0059,0.0005,9.5263,0.03
11.187038,0.0205,0.0034,9.5504,0.05
11.198417,0.0255,0.011,9.5714,0.08
11.213073,0.0138,0.0117,9.5814,0.08
11.216497,0.0041,0.0031,9.5743,0.07
11.23064,-0.0027,-0.0205,9.5813,0.08
11.237744,-0.0007,0.0011,9.5863,0.09
11.259101,-0.0183,-0.036,9.5863,0.1
11.278958,-0.0046,0.0047,9.5385,0.04
11.287323,0.0092,-0.0079,9.5406,0.04
11.296969,0.0002,-0.0151,9.5505,0.05
11.31195,-0.0076,-0.0109,9.5646,0.07
11.316039,0.0025,-0.0225,9.5796,0.08
11.328231,-0.0045,-0.0289,9.5675,0.07
11.336814,0.0125,-0.0233,9.5455,0.05
11.348639,0.0193,-0.016,9.5505,0.06
11.364159,0.0277,-0.0247,9.5556,0.07
11.366606,0.0131,-0.0105,9.5576,0.06
11.380566,-0.0249,0.0065,9.5796,0.08
11.386179,-0.0231,-0.0106,9.6106,0.11
11.403399,-0.016,-0.0084,9.5887,0.09
11.416903,-0.0227,-0.0104,9.6105,0.11
11.417353,-0.0084,0.013,9.6105,0.11
11.430926,0.0073,0.0241,9.5796,0.08
11.436437,0.0134,0.0421,9.5885,0.1
11.447835,0.0263,0.0128,9.5623,0.07
11.46502,0.0169,-0.011,9.5674,0.07
11.466007,0.027,-0.0057,9.5884,0.09
11.480284,0.036,0.0231,9.6004,0.11
11.485912,-0.0166,0.0011,9.5952,0.1
11.498186,-0.0232,-0.0299,9.6003,0.11
11.513385,-0.0369,-0.066,9.6292,0.15
11.517693,-0.0461,-0.0568,9.5982,0.12
11.532656,-0.0034,-0.0324,9.5692,0.08
11.536308,0.0041,0.0253,9.5284,0.04
11.547349,0.0406,0.0757,9.4764,0.09
11.565069,0.06,0.0798,9.4476,0.11
11.566074,0.0687,0.0748,9.4666,0.11
11.583534,0.054,0.029,9.4927,0.06
11.585987,0.0186,-0.053,9.5506,0.08
11.599532,-0.0111,-0.107,9.6224,0.16
11.606331,-0.0302,-0.1063,9.7014,0.23
11.617139,-0.0146,-0.1035,9.7444,0.27
11.633224,-0.0122,-0.1087,9.6773,0.21
11.636733,-0.0093,-0.0743,9.6814,0.2
11.649505,0.0088,-0.0259,9.6054,0.11
11.65638,0.0081,-0.0127,9.5864,0.09
11.666552,0.0548,0.0184,9.5456,0.07
11.684262,0.0249,0.0328,9.5237,0.05
11.685767,-0.0013,0.0329,9.5198,0.04
11.69905,-0.0277,0.027,9.4977,0.04
11.706072,-0.0475,0.0128,9.4996,0.05
11.716074,-0.0278,0.0101,9.5145,0.03
11.734144,0.0102,0.0394,9.5336,0.05
11.735693,-0.0016,0.0114,9.5475,0.05
11.750321,0.0052,0.0106,9.5286,0.03
11.755884,0.015,0.0168,9.5316,0.04
11.766586,0.0196,0.0065,9.5286,0.04
11.783377,0.0194,0.0049,9.5625,0.07
11.785274,0.0009,-0.0335,9.5886,0.09
11.801494,-0.0106,-0.0475,9.6104,0.12
11.805785,-0.0148,-0.0272,9.6244,0.13
11.815802,-0.0119,-0.0376,9.6223,0.13
11.83353,-0.0049,-0.036,9.6124,0.12
11.836404,0.0002,0.0177,9.5713,0.07
11.85107,-0.0019,0.0518,9.5503,0.07
11.855991,-0.0185,0.0269,9.5623,0.07
11.867754,-0.0249,0.0008,9.5194,0.03
11.884752,-0.0057,-0.0153,9.5333,0.04
11.886046,0.0299,-0.021,9.5383,0.05
11.901498,0.0229,-0.0169,9.5573,0.06
11.905858,0.0254,-0.0355,9.5763,0.09
11.91756,0.0207,-0.0461,9.5981,0.11
11.933607,0.0071,-0.0233,9.6172,0.12
11.935257,-0.0026,-0.0276,9.6051,0.11
11.949145,0.0176,-0.0243,9.6261,0.13
11.955939,0.0096,-0.0172,9.6311,0.13
11.968228,-0.0043,-0.0226,9.5931,0.1
11.987117,-0.0023,0.0174,9.5831,0.08
11.98813,0.0175,0.0116,9.5381,0.04
12.005471,0.0193,0.0015,9.5351,0.04
12.006127,0.0384,0.0321,9.5711,0.09
12.020587,0.0388,0.013,9.5861,0.1
12.025848,0.0276,-0.0247,9.61,0.12
12.040279,0.0162,-0.0077,9.6121,0.11
12.061246,0.0027,0.0035,9.602,0.1
12.077426,-0.0335,-0.0291,9.598,0.11
12.091408,0.0056,-0.0213,9.5501,0.05
12.105968,0.0203,0.0135,9.5573,0.06
12.106509,0.0062,0.0411,9.5333,0.05
12.121637,0.0116,0.0492,9.4902,0.05
12.125431,0.0025,0.0454,9.4833,0.05
12.136367,0.0012,0.0296,9.5231,0.04
12.152096,-0.0007,-0.0295,9.547,0.06
12.155561,-0.0156,-0.0625,9.6099,0.13
12.169462,-0.0457,-0.0874,9.6839,0.21
12.175353,-0.0333,-0.1182,9.6959,0.23
12.186212,-0.026,-0.0935,9.6888,0.21
12.203913,-0.0142,-0.0519,9.6768,0.18
12.205006,0.006,-0.0182,9.6189,0.12
12.22113,0.0267,0.0289,9.569,0.08
12.225159,0.0322,0.0411,9.5402,0.07
12.236115,0.0206,0.0323,9.5143,0.04
12.257096,0.0058,0.0212,9.5503,0.05
12.257628,-0.0168,0.0112,9.5334,0.04
12.269243,-0.0169,-0.0106,9.5114,0.02
12.274746,-0.0004,0.0045,9.5075,0.01
12.285938,0.018,0.0076,9.5335,0.04
12.295833,0.0257,0.0087,9.5354,0.04
12.304774,0.0276,-0.026,9.5435,0.06
12.319574,0.0231,0.0014,9.5934,0.1
12.324688,0.0027,0.0131,9.5863,0.09
12.336178,0.0099,0.0097,9.5593,0.06
12.34517,0.0001,0.0094,9.5593,0.06
12.35463,0.0168,-0.0167,9.5743,0.08
12.369097,-0.0005,-0.0051,9.5885,0.09
12.374551,0.009,-0.0004,9.5885,0.09
12.386709,0.0038,0.0149,9.5624,0.06
12.394411,0.0108,0.0243,9.5765,0.08
12.404503,0.004,0.0004,9.5744,0.07
12.419966,-0.0054,-0.0127,9.5525,0.05
12.424881,-0.0065,-0.0332,9.5813,0.09
12.436708,0.0162,-0.0603,9.5763,0.1
12.445084,0.0186,-0.0508,9.5622,0.08
12.454713,0.0024,-0.0409,9.5831,0.09
12.472055,0.0148,-0.0304,9.5571,0.07
12.474382,-0.0019,-0.0164,9.5791,0.08
12.491395,-0.0201,0.0054,9.59,0.09
12.49454,-0.0098,-0.0256,9.571,0.08
12.506095,-0.0309,-0.0253,9.576,0.09
12.523798,-0.0337,0.0005,9.6169,0.12
12.525171,-0.0215,0.0147,9.5898,0.09
12.539611,-0.0302,0.0629,9.5637,0.09
12.550353,-0.0203,0.0234,9.5583,0.07
12.558962,-0.0104,-0.0002,9.5611,0.06
12.574298,0.0329,-0.0143,9.5939,0.1
12.574846,0.0604,-0.0207,9.5698,0.09
12.590001,0.0639,-0.0121,9.5846,0.11
12.594921,0.0374,-0.0156,9.5796,0.09
12.604286,0.005,-0.0239,9.5884,0.09
12.621244,-0.0194,-0.0197,9.5913,0.1
12.624764,-0.0182,-0.027,9.6202,0.12
12.638848,-0.0204,-0.0247,9.6321,0.14
12.644111,0.0108,-0.0186,9.6081,0.11
12.655569,0.016,0.0227,9.5811,0.09
12.671394,0.0139,0.0569,9.5312,0.07
12.675131,0.0275,0.0741,9.5002,0.08
12.687978,0.032,0.0406,9.4762,0.06
12.694118,0.0179,0.0031,9.4903,0.02
12.704523,0.0083,-0.0208,9.5602,0.06
12.714417,-0.0081,-0.0536,9.5911,0.11
12.724042,-0.0453,-0.0769,9.6341,0.16
12.739421,-0.0394,-0.092,9.663,0.19
12.744396,-0.0251,-0.0696,9.6649,0.18
12.755834,0.0125,-0.0532,9.675,0.18
12.764657,0.0082,-0.0027,9.629,0.13
12.774017,0.0194,0.0172,9.6001,0.1
12.789954,0.0423,0.0056,9.5451,0.06
12.794672,0.0431,-0.004,9.5433,0.06
12.807578,0.0184,0.0027,9.5483,0.05
12.814614,0.0179,-0.0023,9.5483,0.05
12.824274,0.0129,0.0008,9.5243,0.03
12.841345,0.0059,0.0147,9.5243,0.03
12.844425,0.0396,0.0355,9.5453,0.07
12.857316,0.0413,0.0353,9.5385,0.07
12.864322,0.0075,0.0218,9.5213,0.03
12.875038,-0.0077,0.0138,9.5534,0.06
12.890868,0.0137,-0.0137,9.5653,0.07
12.894378,0.0121,-0.0153,9.5623,0.07
12.908465,-0.0112,-0.0143,9.5982,0.1
12.914341,-0.017,-0.0176,9.6171,0.12
12.925659,-0.0228,-0.0056,9.6221,0.12
12.942084,-0.0384,-0.0137,9.6239,0.13
12.944545,-0.0376,-0.0327,9.6029,0.11
12.960366,-0.0084,-0.026,9.5859,0.09
12.964386,0.0123,-0.0114,9.5838,0.09
12.976411,0.0119,-0.0351,9.5688,0.08
12.992901,0.037,-0.0376,9.574,0.09
12.994105,0.0445,-0.0411,9.574,0.1
13.010542,0.0275,-0.0405,9.5809,0.09
13.014311,-0.0058,-0.0165,9.6119,0.11
13.025909,-0.0074,-0.0214,9.5859,0.09
13.043896,-0.012,0.0023,9.5769,0.08
13.044469,-0.019,-0.0198,9.5958,0.1
13.060841,-0.0093,-0.0032,9.5928,0.09
13.063699,-0.0053,-0.0018,9.5669,0.07
13.077572,-0.0003,-0.0161,9.5669,0.07
13.084278,0.0354,0.003,9.565,0.07
13.094492,0.0254,0.015,9.5689,0.07
13.111844,0.0188,0.0135,9.5769,0.08
13.113616,0.031,-0.0048,9.6078,0.11
13.125823,0.0616,-0.0071,9.6318,0.15
13.134396,0.0425,-0.0207,9.6389,0.15
13.143903,0.0303,-0.0141,9.622,0.13
13.162135,-0.015,-0.0249,9.6199,0.12
13.164072,-0.0207,-0.0421,9.617,0.13
13.176643,-0.0166,-0.0558,9.6151,0.13
13.185441,-0.0209,-0.0103,9.5812,0.08
13.198303,-0.024,0.0299,9.5333,0.05
13.21304,0.0061,0.0512,9.5074,0.05
13.213655,0.0289,0.0682,9.4855,0.08
13.228623,0.0329,0.0868,9.4716,0.1
13.235165,0.03,0.0502,9.4765,0.06
13.261598,0.0216,-0.0184,9.5195,0.03
13.273385,-0.0142,-0.1023,9.6703,0.2
13.284338,-0.0308,-0.0966,9.7033,0.23
13.294296,-0.0186,-0.0833,9.7232,0.24
13.310746,-0.0095,-0.0502,9.6703,0.18
13.31312,-0.0117,0.0283,9.6122,0.12
13.326402,0.0183,0.0116,9.5793,0.08
13.333777,0.0269,0.0135,9.5484,0.06
13.344306,0.0038,0.0338,9.5485,0.06
13.360454,-0.0041,0.0114,9.5336,0.04
13.363651,-0.0115,-0.0025,9.5246,0.03
13.376859,-0.0076,-0.0154,9.5387,0.04
13.383765,-0.0093,-0.029,9.5726,0.08
13.394648,0.0097,-0.0209,9.5966,0.1
13.411645,0.0522,-0.0107,9.5966,0.11
13.414253,0.0379,0.0078,9.6056,0.11
13.430037,0.0086,0.0171,9.5557,0.06
13.432981,0.008,0.0201,9.5438,0.05
13.444099,0.0072,0.0292,9.5629,0.07
13.453791,0.0015,0.0285,9.5389,0.05
13.463214,-0.0129,0.0145,9.527,0.03
13.478059,-0.0112,0.0076,9.53,0.03
13.483527,-0.008,0.0049,9.5319,0.03
13.494813,0.0013,-0.0151,9.5439,0.05
13.50368,-0.0167,-0.007,9.5457,0.05
13.51304,-0.0175,-0.0326,9.5606,0.07
13.529576,-0.0024,-0.0284,9.5747,0.08
13.533748,0.0199,-0.0138,9.6055,0.11
13.545434,0.022,-0.0202,9.5986,0.1
13.55349,0.0196,-0.0298,9.6085,0.11
13.563069,0.019,-0.0247,9.5987,0.1
13.58194,-0.012,-0.0199,9.6296,0.13
13.583394,-0.0151,-0.0269,9.6486,0.15
13.598085,-0.0171,-0.0134,9.6107,0.11
13.603565,-0.0288,0.0129,9.5987,0.1
13.614435,0.0005,0.0212,9.5936,0.1
13.630246,-0.011,0.0345,9.5776,0.09
13.633604,0.029,0.0395,9.5316,0.06
13.648603,0.0107,0.0045,9.5485,0.05
13.653419,0.0417,0.0039,9.5885,0.1
13.665378,0.0445,-0.0201,9.5866,0.1
13.680854,0.0611,-0.0262,9.6125,0.13
13.683336,0.0153,-0.0318,9.6684,0.17
13.698812,-0.0206,-0.0434,9.6605,0.17
13.703526,-0.0209,-0.051,9.6725,0.18
13.71457,-0.0217,-0.062,9.6466,0.16
13.73189,-0.0197,-0.0014,9.6037,0.11
13.733083,0.0377,0.0434,9.5488,0.08
13.748444,0.0714,0.0777,9.513,0.11
13.753219,0.0537,0.0866,9.4981,0.1
13.765846,0.0428,0.1164,9.4513,0.13
13.783138,0.0088,0.0864,9.4433,0.1
13.783743,-0.0164,0.0198,9.4771,0.03
13.798556,-0.0248,-0.0301,9.549,0.06
13.802719,-0.0342,-0.0821,9.6449,0.17
13.816034,-0.0406,-0.0915,9.6898,0.21
13.836261,-0.0261,-0.0998,9.7088,0.23
13.836725,-0.0068,-0.0875,9.6998,0.22
13.851503,-0.009,-0.0467,9.6758,0.18
13.852774,0.0075,-0.0196,9.6249,0.13
13.866375,0.0136,0.0043,9.601,0.1
13.872719,0.0216,0.0125,9.5511,0.06
13.883228,0.0117,0.0202,9.5302,0.04
13.89935,0.0158,0.0158,9.5252,0.03
13.903316,-0.0116,0.0179,9.5342,0.04
13.915082,0.0121,0.0066,9.5393,0.04
13.92301,0.0237,0.0174,9.5803,0.09
13.933377,0.0047,0.0292,9.6133,0.12
13.951472,0.0237,0.0261,9.6092,0.11
13.952848,0.0048,0.0164,9.6012,0.1
13.966171,0.0168,0.0119,9.5822,0.08
13.972869,0.0167,0.02,9.5732,0.08
13.98381,-0.0089,0.029,9.5582,0.07
13.999927,0.015,0.0153,9.5582,0.06
14.002293,0.012,0.0053,9.5682,0.07
14.0166,-0.0086,-0.0088,9.5682,0.07
14.022732,0.0174,0.0001,9.5581,0.06
14.032707,0.0242,0.0001,9.5753,0.08
14.050174,0.0102,-0.0,9.5633,0.06
14.052128,-0.0014,-0.0023,9.5701,0.07
14.06704,0.0177,-0.0072,9.5802,0.08
14.072735,-0.004,-0.012,9.6011,0.1
14.082968,-0.0196,-0.016,9.6061,0.11
14.10131,-0.0344,-0.014,9.6251,0.13
14.102591,-0.0106,-0.0139,9.6451,0.15
14.117276,0.0013,-0.0328,9.6371,0.14
14.122491,-0.0177,-0.0073,9.6301,0.13
14.134015,-0.0036,0.0141,9.5921,0.09
14.150811,0.032,0.0322,9.5542,0.07
14.152438,0.018,0.0222,9.5562,0.06
14.16752,0.0315,0.0187,9.5562,0.07
14.17263,0.0478,0.0118,9.5612,0.08
14.183015,0.047,0.0007,9.5873,0.1
14.200258,0.049,-0.0057,9.6014,0.11
14.201938,0.0427,-0.0024,9.6094,0.12
14.21984,-0.0008,-0.0196,9.6255,0.13
14.222163,-0.0066,-0.0154,9.6335,0.13
14.234823,-0.0313,-0.0216,9.6186,0.12
14.255974,-0.0341,-0.0231,9.6117,0.12
14.257066,-0.0197,0.0146,9.5616,0.07
14.268064,0.014,0.0364,9.5348,0.05
14.273829,0.0486,0.091,9.497,0.1
14.286301,0.036,0.1004,9.487,0.11
14.291964,0.0209,0.0949,9.4591,0.11
14.30195,0.0167,0.0671,9.4711,0.07
14.318032,0.0086,0.0181,9.5311,0.04
14.336502,-0.0115,-0.0894,9.6549,0.18
14.342592,-0.0491,-0.0712,9.6929,0.21
14.352771,-0.0213,-0.0652,9.6889,0.2
14.36957,-0.0184,-0.0464,9.6839,0.19
14.372288,0.0024,-0.0257,9.6529,0.16
14.386209,0.0375,0.0035,9.61,0.12
14.392364,0.0534,0.0166,9.583,0.1
14.403495,0.0423,0.0219,9.5621,0.08
14.421255,0.0156,0.0158,9.5472,0.05
14.422333,0.0196,0.0318,9.5044,0.04
14.438669,-0.0096,0.0317,9.4993,0.03
14.44265,-0.0097,0.0358,9.5263,0.05
14.453434,-0.0025,0.0297,9.5383,0.05
14.470282,0.0165,0.0375,9.5674,0.08
14.471599,0.0009,0.0228,9.5883,0.09
14.488549,0.0219,0.014,9.5903,0.09
14.491763,0.0287,0.006,9.5933,0.1
14.503627,0.0337,-0.0152,9.6143,0.12
14.519864,0.0315,-0.0028,9.5883,0.09
14.523638,0.0098,0.016,9.5933,0.1
14.537266,0.0048,0.0035,9.5832,0.08
14.544258,0.0078,-0.0161,9.5693,0.07
14.564233,0.0097,0.0189,9.5523,0.06
14.584456,-0.0041,0.0175,9.5073,0.02
14.586054,0.0198,0.0177,9.5283,0.04
14.605793,0.013,0.0162,9.5352,0.04
14.606352,-0.0153,-0.0066,9.5742,0.08
14.621105,-0.0149,-0.0391,9.6341,0.14
14.639436,-0.0136,-0.0465,9.658,0.17
14.656297,-0.0199,-0.0365,9.698,0.2
14.674404,0.0181,-0.0001,9.605,0.11
14.690436,0.0238,0.0313,9.5451,0.06
14.691464,0.026,0.031,9.5432,0.06
14.70944,0.0394,0.0075,9.5592,0.07
14.711882,0.0372,0.0101,9.5712,0.08
14.726056,0.0366,0.0183,9.5982,0.11
14.739635,-0.0045,0.0036,9.6003,0.1
14.741901,-0.0046,-0.0274,9.6192,0.12
14.757141,-0.0238,-0.0467,9.6653,0.17
14.762193,-0.0207,-0.0624,9.6724,0.18
14.774339,-0.0137,-0.0369,9.6175,0.12
14.790598,0.0038,0.0273,9.5797,0.08
14.791563,0.0311,0.0655,9.5438,0.08
14.807288,0.0358,0.0764,9.4999,0.08
14.812405,0.0127,0.1074,9.479,0.11
14.822853,-0.002,0.1034,9.4332,0.12
14.837883,0.0067,0.0544,9.4722,0.06
14.841285,0.0,-0.0274,9.5201,0.03
14.854808,-0.0135,-0.0561,9.6199,0.13
14.861246,-0.0128,-0.1023,9.7019,0.23
14.8717,0.0167,-0.1044,9.7588,0.28
14.887839,-0.005,-0.0814,9.7299,0.24
14.890941,0.0167,-0.0568,9.6969,0.21
14.905394,0.0227,-0.0067,9.6439,0.15
14.911239,0.0261,0.0182,9.5601,0.07
14.923267,0.0158,0.0442,9.5272,0.05
14.940278,0.0237,0.0439,9.4914,0.05
14.941315,0.0083,0.0425,9.5087,0.04
14.955787,0.019,0.0264,9.4867,0.04
14.961457,-0.005,0.029,9.5328,0.04
14.972873,-0.0073,0.0114,9.5276,0.03
14.981149,0.0203,0.008,9.5656,0.07
14.991137,0.0248,0.0126,9.6085,0.11
15.006394,0.0372,0.0139,9.6155,0.12
15.011469,0.0375,0.0119,9.6135,0.12
15.022589,0.0119,0.0121,9.6084,0.11
15.031493,0.0338,0.0098,9.5964,0.1
15.041035,0.0253,0.0161,9.5964,0.1
15.056382,0.0111,0.0202,9.5754,0.08
15.061461,-0.0196,-0.0045,9.5514,0.06
15.074101,-0.0119,0.0118,9.5484,0.05
15.081036,-0.0041,0.0182,9.5363,0.04
15.090786,-0.0083,0.0196,9.5564,0.06
15.106892,0.0002,0.0126,9.5632,0.06
15.111574,0.0162,0.0079,9.5563,0.06
15.123017,0.0002,-0.0085,9.5992,0.1
15.131019,-0.0149,-0.012,9.6393,0.14
15.141145,-0.0389,-0.0434,9.6472,0.16
15.158159,-0.0339,-0.0353,9.6613,0.17
15.161627,-0.0267,-0.0078,9.651299999999999,0.15
15.174128,-0.0383,0.0113,9.6682,0.17
15.182675,-0.0309,0.0361,9.6082,0.12
15.191945,-0.0038,0.0306,9.5842,0.09
15.208018,0.0167,0.0207,9.5413,0.05
15.210762,0.031,0.0056,9.5583,0.07
15.224468,0.0514,0.0272,9.5993,0.12
15.23109,0.0272,-0.0118,9.5943,0.1
15.25354,0.0419,-0.0331,9.6443,0.15
15.25419,0.0295,-0.0026,9.6544,0.16
15.261565,-0.0049,-0.0128,9.6324,0.13
15.273811,-0.0146,-0.0549,9.6065,0.12
15.281066,0.0032,-0.0377,9.5826,0.09
15.296182,0.026,-0.0092,9.5448,0.05
15.310701,0.025,0.0612,9.5059,0.07
15.311363,0.0479,0.0991,9.4799,0.11
15.327748,0.056,0.0904,9.4821,0.11
15.332711,0.0486,0.0886,9.4701,0.11
15.35404,0.0313,0.0546,9.516,0.06
15.354627,0.0159,-0.0066,9.5849,0.09
15.366131,-0.0007,-0.0602,9.6359,0.15
15.380101,0.0049,-0.0851,9.6949,0.21
15.380636,-0.0166,-0.0718,9.7238,0.24
15.394836,-0.0352,-0.0651,9.7027,0.22
15.400276,-0.0231,-0.0496,9.6878,0.2
15.410236,-0.021,-0.0187,9.6308,0.13
15.424857,-0.0042,0.0168,9.6208,0.12
15.430207,0.019,0.0128,9.5879,0.09
15.446978,-0.0039,0.0184,9.542,0.05
15.450123,-0.0166,0.0175,9.5571,0.06
15.461237,-0.0094,0.012,9.5471,0.05
15.47741,-0.0156,0.0083,9.5641,0.07
15.480722,-0.0234,0.0016,9.5473,0.05
15.492429,-0.0006,0.0062,9.5493,0.05
15.500228,-0.0164,0.01,9.5594,0.06
15.511147,-0.0241,0.0126,9.6004,0.1
15.527598,-0.0109,0.0249,9.6195,0.12
15.531673,0.01,0.0112,9.6196,0.12
15.546181,0.0088,0.0201,9.6216,0.12
15.550757,0.0124,0.0262,9.5838,0.09
15.562947,-0.004,0.0091,9.591,0.09
15.577888,-0.0073,0.0145,9.5701,0.07
15.580788,-0.0104,0.0011,9.5531,0.05
15.595952,0.0196,0.0087,9.5433,0.05
15.600793,0.0331,0.0174,9.5193,0.04
15.613079,0.0377,0.003,9.5293,0.05
15.628386,0.0227,0.0028,9.5483,0.05
15.630665,0.0115,0.0165,9.5483,0.05
15.644817,0.001,0.0164,9.5584,0.06
15.653093,0.002,-0.0162,9.5934,0.09
15.666625,-0.0007,-0.0159,9.6224,0.12
15.680778,-0.0128,0.0121,9.6255,0.13
15.681475,0.016,-0.0186,9.6085,0.11
15.696518,0.0301,0.0006,9.6085,0.11
15.700791,0.0372,0.0177,9.6134,0.12
15.722106,0.0475,0.0134,9.5915,0.1
15.72272,0.0449,0.0004,9.6035,0.11
15.737578,0.0295,-0.0126,9.6103,0.11
15.752704,0.03,-0.0286,9.6253,0.13
15.753223,0.0274,-0.0095,9.6293,0.13
15.7683,0.0136,0.0019,9.6203,0.12
15.769938,-0.0358,-0.0111,9.6202,0.13
15.783573,-0.0406,-0.053,9.6102,0.13
15.798403,-0.0237,-0.0305,9.5823,0.09
15.799957,0.0035,0.0289,9.5363,0.05
15.813104,0.0113,0.0618,9.4955,0.06
15.819857,0.006,0.0861,9.5075,0.09
15.829881,-0.001,0.117,9.4885,0.12
15.845745,0.0029,0.0877,9.5054,0.09
15.851042,0.0128,0.0519,9.5465,0.07
15.862731,0.0109,0.0102,9.6104,0.11
15.870321,-0.0206,-0.0414,9.6683,0.17
15.880524,-0.0338,-0.0825,9.6942,0.21
15.895925,-0.0402,-0.1,9.7472,0.27
15.89964,-0.0189,-0.0901,9.6941,0.21
15.912541,0.0028,-0.0467,9.6342,0.14
15.920141,0.0092,-0.01,9.5892,0.09
15.929943,0.0133,0.0352,9.5533,0.07
15.946653,0.0431,0.0469,9.5245,0.07
15.94973,0.0321,0.0457,9.5176,0.06
15.96317,0.0508,0.0031,9.5197,0.05
15.970158,0.0145,-0.0125,9.5437,0.05
15.980854,0.0025,-0.0298,9.5487,0.06
15.997557,-0.0023,0.0004,9.582699999999999,0.08
15.999829,0.0098,0.0128,9.5746,0.08
16.016402,0.019,0.0082,9.5936,0.1
16.019906,0.0191,0.0086,9.6176,0.12
16.032808,0.0195,0.0347,9.6296,0.14
16.049374,0.0437,0.0208,9.6156,0.13
16.049941,0.0418,-0.0047,9.6255,0.13
16.065637,0.0297,0.0284,9.6056,0.11
16.069859,0.0156,0.0025,9.5676,0.07
16.081381,0.0088,-0.0212,9.5485,0.05
16.097852,0.0126,0.0063,9.5655,0.07
16.099448,-0.0059,0.0084,9.5605,0.06
16.115126,-0.0339,0.0127,9.5384,0.05
16.120731,-0.0131,0.0141,9.5345,0.04
16.131492,-0.0342,-0.0026,9.5584,0.07
16.147729,-0.0119,0.0008,9.5963,0.1
16.149415,-0.0146,0.0032,9.6102,0.11
16.16554,-0.0312,-0.0253,9.6172,0.12
16.169847,-0.0327,-0.0387,9.6532,0.16
16.182837,-0.0395,-0.0166,9.6562,0.16
16.189213,-0.0274,-0.003,9.6412,0.14
16.199983,-0.0013,0.0106,9.6152,0.12
16.216131,0.0107,0.0369,9.5792,0.09
16.219393,0.0107,0.0131,9.5651,0.07
16.23591,0.0394,0.0037,9.5842,0.09
16.251667,0.0412,-0.0331,9.6052,0.12
16.252309,0.0647,-0.0154,9.6322,0.15
16.267064,0.0452,-0.0183,9.6273,0.14
16.269423,0.0153,-0.007,9.6223,0.12
16.284278,0.0194,-0.0052,9.5934,0.1
16.291829,-0.0079,-0.0382,9.5826,0.09
16.302605,-0.0156,-0.0156,9.5746,0.08
16.318707,0.0284,-0.007,9.5318,0.04
16.319315,0.0517,0.0511,9.5368,0.08
16.334228,0.0375,0.0754,9.5349,0.09
16.339298,0.0372,0.0976,9.5009,0.1
16.351431,0.0411,0.0806,9.5249,0.09
16.370046,0.0015,0.042,9.5559,0.07
16.370662,-0.0029,-0.0088,9.5897,0.09
16.386758,-0.0003,-0.0402,9.6226,0.13
16.390672,-0.0067,-0.0738,9.6656,0.18
16.403333,-0.0084,-0.056,9.6846,0.19
16.420731,-0.0111,-0.0463,9.7015,0.21
16.421428,0.0107,-0.0237,9.6636,0.17
16.436256,0.0103,-0.0253,9.6416,0.14
16.439054,0.0098,0.0244,9.5626,0.07
16.460813,-0.0004,0.0277,9.5297,0.04
16.466714,-0.0093,0.0218,9.5177,0.03
16.478032,-0.012,-0.0086,9.5468,0.05
16.494562,-0.0302,-0.0194,9.5626,0.07
16.495096,-0.0127,-0.0219,9.5775,0.08
16.514667,-0.0142,-0.0164,9.5935,0.1
16.515267,-0.0236,-0.0006,9.6155,0.12
16.53016,0.0077,0.0237,9.6275,0.13
16.53074,0.0028,0.0373,9.6054,0.11
16.545901,-0.0162,0.025,9.6134,0.12
16.564101,0.0101,0.0109,9.6055,0.11
16.564632,0.0182,0.0342,9.5796,0.09
16.580286,0.0155,0.0255,9.582699999999999,0.09
16.580837,-0.0134,0.0089,9.5656,0.07
16.598383,-0.0079,0.0121,9.5796,0.08
16.5991,-0.002,-0.0071,9.5916,0.09
16.615533,0.0216,-0.0095,9.5915,0.09
16.631077,0.0386,-0.0097,9.5465,0.06
16.631694,0.0554,-0.0027,9.5605,0.08
16.6497,0.0452,-0.0168,9.5796,0.09
16.650893,-0.0047,-0.0121,9.5676,0.07
16.665825,-0.0167,0.0132,9.5865,0.09
16.682026,-0.0218,-0.0109,9.5965,0.1
16.682733,-0.0217,-0.011,9.5965,0.1
16.697387,-0.0487,0.0385,9.6104,0.13
16.699015,-0.0002,0.0128,9.5825,0.08
16.714683,0.0123,0.0019,9.6133,0.11
16.733072,0.0166,-0.0064,9.6034,0.1
16.733697,0.0292,-0.0253,9.6462,0.15
16.749125,0.042,-0.0307,9.6941,0.2
16.749736,0.0186,-0.021,9.6842,0.19
16.76583,0.0284,-0.0213,9.6461,0.15
16.783599,0.0088,-0.0225,9.6491,0.15
16.784217,-0.0037,-0.0314,9.6342,0.14
16.800602,-0.0165,-0.0099,9.6173,0.12
16.801222,-0.0125,-0.0222,9.5675,0.07
16.816208,0.0102,0.0092,9.5126,0.02
16.832866,0.02,0.0752,9.4598,0.09
16.833509,0.0242,0.085,9.4599,0.1
16.849665,0.029,0.1007,9.4698,0.11
16.850308,0.0241,0.1051,9.5028,0.11
16.8678,-0.0031,0.0686,9.5198,0.07
16.868846,-0.0125,0.012,9.5677,0.07
16.884607,-0.012,-0.0677,9.6015,0.12
16.90041,-0.0351,-0.0954,9.6734,0.2
16.901014,-0.0324,-0.0773,9.7044,0.22
16.915546,-0.0201,-0.0718,9.6874,0.2
16.9311,-0.0216,-0.0438,9.6703,0.18
16.931746,-0.0076,-0.0235,9.6173,0.12
16.947718,0.0209,0.0143,9.5964,0.1
16.965004,0.037,0.0412,9.6036,0.12
16.965624,0.0525,0.0042,9.5726,0.09
16.983155,0.0415,0.0037,9.5438,0.06
16.98495,-0.0017,0.0037,9.5798,0.08
16.998922,-0.0155,0.0041,9.5607,0.06
16.99966,-0.0271,0.0213,9.5677,0.08
17.017252,-0.0111,0.0219,9.5506,0.06
17.019164,-0.013,0.0201,9.5677,0.07
17.031162,0.0176,0.0411,9.5797,0.09
17.048271,0.0222,0.0015,9.6106,0.11
17.048938,0.0172,-0.0111,9.6037,0.11
17.06833,0.0054,0.0004,9.5937,0.09
17.06899,0.0055,0.0087,9.6086,0.11
17.087586,0.0087,-0.0013,9.6176,0.12
17.08864,0.0197,0.0101,9.6256,0.13
17.10401,0.0008,0.0161,9.5986,0.1
17.121311,0.0091,0.0081,9.5866,0.09
17.121903,0.0318,0.0022,9.5847,0.09
17.137596,0.0105,0.0179,9.5536,0.06
17.138569,0.0055,0.0215,9.5487,0.05
17.154537,0.0083,-0.0012,9.5417,0.04
17.170561,-0.0235,0.0319,9.5417,0.06
17.17117,-0.0319,0.0201,9.5626,0.07
17.186969,0.0116,0.0058,9.6136,0.11
17.188245,0.0003,-0.0117,9.5966,0.1
17.203242,-0.0154,-0.0122,9.6054,0.11
17.219261,0.003,-0.0413,9.6253,0.13
17.219914,0.0301,-0.0634,9.6731,0.19
17.23563,0.0223,-0.0456,9.6801,0.19
17.251647,0.0134,-0.0318,9.658,0.16
17.252283,0.0117,-0.0155,9.632,0.13
17.268083,0.0204,0.0108,9.646,0.15
17.268684,-0.0161,0.0206,9.6291,0.13
17.286637,-0.0259,0.0045,9.6252,0.13
17.30267,-0.0418,-0.0165,9.6222,0.13
17.303267,-0.0279,-0.0044,9.5844,0.09
17.310403,0.0116,0.0124,9.5196,0.03
17.31984,0.0433,0.0256,9.4767,0.06
17.335934,0.0796,0.0739,9.4629,0.11
17.35095,0.0624,0.0986,9.4819,0.12
17.351538,0.0187,0.0561,9.5009,0.06
17.367963,0.0031,0.0209,9.5199,0.03
17.368518,-0.023,-0.0018,9.5967,0.1
17.387294,-0.0238,-0.0614,9.6375,0.15
17.388554,-0.0329,-0.0869,9.6704,0.19
17.403923,-0.0241,-0.0906,9.7044,0.22
17.419369,-0.0098,-0.0652,9.6733,0.19
17.419977,0.0143,-0.031,9.6845,0.19
17.436619,0.035,-0.0232,9.6175,0.12
17.437851,0.0422,0.024,9.5796,0.09
17.45404,0.0245,0.0525,9.5536,0.08
17.472441,0.0305,0.0272,9.5177,0.04
17.473051,0.0177,0.0062,9.5178,0.03
17.489632,-0.0064,0.007,9.5178,0.02
17.490333,0.0032,-0.0134,9.5268,0.03
17.512435,0.0084,-0.0235,9.5708,0.08
17.513815,-0.0033,-0.0268,9.5847,0.09
17.528304,0.0128,-0.0159,9.6017,0.1
17.528927,-0.0025,-0.0014,9.6106,0.11
17.549016,-0.019,0.0105,9.5966,0.1
17.549805,-0.0217,0.0081,9.5655,0.07
17.564425,-0.0,0.0269,9.5797,0.08
17.579878,0.0304,0.0219,9.5746,0.08
17.58061,-0.0006,-0.0157,9.582699999999999,0.08
17.602032,0.0111,-0.0084,9.5607,0.06
17.602699,0.0251,0.0016,9.5797,0.08
17.621642,0.0068,0.0201,9.5707,0.07
17.622208,0.0141,0.0217,9.5467,0.05
17.638076,0.0215,0.0126,9.5586,0.06
17.638697,0.0106,-0.0208,9.5826,0.09
17.655105,0.0074,-0.0153,9.5865,0.09
17.670398,-0.0115,-0.0196,9.5966,0.1
17.671026,-0.0248,-0.0144,9.6415,0.14
17.685962,-0.0123,0.0094,9.6134,0.11
17.704915,0.0068,0.0064,9.6014,0.1
17.705612,0.0042,-0.005,9.5705,0.07
17.722387,-0.0072,0.0056,9.5914,0.09
17.723392,0.0102,-0.0035,9.6103,0.11
17.738972,0.0629,-0.0281,9.6253,0.14
17.739667,0.0439,-0.0324,9.6563,0.17
17.755508,0.027,0.0032,9.6463,0.15
17.771277,0.0283,-0.0067,9.6204,0.12
17.771917,0.0065,-0.0271,9.6494,0.15
17.788719,-0.0185,-0.0485,9.6465,0.16
17.789328,0.0089,-0.0379,9.5918,0.1
17.804636,-0.0073,-0.0107,9.5508,0.05
17.824305,0.0086,0.0412,9.5059,0.04
17.824886,0.0062,0.0739,9.501,0.07
17.840763,0.0201,0.0911,9.458,0.1
17.841354,0.0173,0.0742,9.453,0.09
17.856978,0.0157,0.0477,9.477,0.06
17.857581,0.0231,0.0118,9.5299,0.04
17.874054,0.0188,-0.0276,9.6208,0.13
17.890992,-0.0084,-0.0629,9.6947,0.2
17.891609,0.0009,-0.0633,9.7066,0.22
17.909455,-0.0125,-0.0831,9.7256,0.24
17.910755,0.0045,-0.0742,9.6826,0.2
17.924893,0.0092,-0.0142,9.6277,0.13
17.941333,0.0242,0.0192,9.5848,0.09
17.94256,0.03,0.0149,9.511,0.04
17.958362,-0.0053,0.0187,9.5029,0.02
17.959077,-0.0289,0.0068,9.4909,0.03
17.975,-0.0312,0.0114,9.5298,0.04
17.991064,-0.0136,0.0124,9.5178,0.03
17.991726,0.0105,-0.0049,9.5468,0.05
18.007367,0.0037,-0.0052,9.5588,0.06
18.007969,0.0366,-0.0036,9.5937,0.1
18.024405,0.0347,0.0095,9.6087,0.11
18.041254,0.0112,0.0153,9.6037,0.11
18.041871,0.0207,-0.0038,9.6256,0.13
18.057624,0.019,0.0068,9.5895,0.09
18.058247,0.0123,0.012,9.6036,0.11
18.073832,0.0057,0.0239,9.6055,0.11
18.090734,-0.0036,0.0087,9.5965,0.1
18.091458,-0.0115,0.0045,9.5914,0.09
18.107441,0.0101,-0.0076,9.5963,0.1
18.108176,0.0152,-0.0148,9.5983,0.1
18.12524,0.0106,0.0034,9.5824,0.08
18.142435,0.006,0.0117,9.5673,0.07
18.143391,-0.0073,0.0091,9.5583,0.06
18.160705,-0.0168,0.0041,9.5651,0.07
18.161409,-0.0187,0.0233,9.5702,0.08
18.177701,-0.0068,0.0148,9.5771,0.08
18.178391,-0.0136,0.0106,9.5722,0.07
18.19438,0.0006,0.0,9.5702,0.07
18.212153,0.0366,-0.0166,9.6291,0.14
18.213164,0.0258,-0.0147,9.6699,0.17
18.229121,0.0271,-0.0473,9.6959,0.2
18.229781,0.0323,-0.0395,9.7058,0.21
18.246505,0.0288,-0.0317,9.6839,0.19
18.264444,-0.0099,-0.0189,9.704,0.21
18.26511,-0.0084,-0.0326,9.67,0.17
18.279933,0.0017,-0.0584,9.6153,0.13
18.28059,0.0119,-0.0388,9.5795,0.09
18.295279,0.0262,-0.0106,9.5265,0.04
18.3135,0.025,0.0779,9.4797,0.08
18.314262,0.0106,0.1121,9.4479,0.12
18.328302,0.0177,0.1083,9.4359,0.13
18.329121,0.011,0.0894,9.4578,0.1
18.33856,0.023,0.0687,9.4959,0.07
18.352463,0.0112,0.0084,9.5348,0.04
18.370822,-0.0052,-0.0739,9.5846,0.11
18.371716,-0.0184,-0.0944,9.6846,0.21
18.395191,0.0062,-0.0761,9.7285,0.24
18.395841,-0.0147,-0.0734,9.7134,0.23
18.396399,-0.0328,-0.044,9.6733,0.18
18.412051,-0.0108,0.0137,9.6534,0.15
18.428194,0.0265,0.035,9.6055,0.11
18.428758,0.0117,0.0346,9.5346,0.05
18.445427,0.0027,0.0234,9.5366,0.04
18.446962,-0.007,0.0277,9.5127,0.03
18.461162,-0.0007,0.0307,9.5057,0.03
18.480101,-0.0245,0.01,9.5198,0.03
18.481427,-0.0284,-0.0049,9.5536,0.06
18.496215,-0.0203,0.0142,9.5825,0.09
18.49747,-0.0162,-0.0146,9.6253,0.13
18.511458,0.0153,-0.0296,9.6293,0.13
18.533662,0.0269,-0.0371,9.6013,0.11
18.534515,0.0429,-0.0203,9.6034,0.11
18.549864,0.044,0.0183,9.5935,0.1
18.550563,0.0294,0.0148,9.5796,0.09
18.566112,0.0106,0.0173,9.5605,0.06
18.56725,-0.0058,0.0166,9.5605,0.06
18.582481,0.0021,0.0229,9.5844,0.09
18.598345,0.0028,0.0126,9.5773,0.08
18.59918,0.0133,-0.0181,9.6034,0.11
18.615151,0.0221,-0.0111,9.6053,0.11
18.632127,-0.0181,0.0209,9.5653,0.07
18.649338,0.0177,-0.0031,9.5863,0.09
18.666681,-0.0191,0.0095,9.6172,0.12
18.683747,0.0222,-0.0194,9.6101,0.11
18.70057,0.0177,-0.0231,9.6371,0.14
18.717617,0.0186,-0.02,9.658,0.16
18.734712,0.0181,-0.0278,9.6561,0.16
18.752138,-0.0164,-0.0218,9.6461,0.15
18.770573,-0.0274,-0.0641,9.5963,0.12
18.787502,0.0036,0.0198,9.5265,0.03
18.788211,0.0337,0.0696,9.4867,0.08
18.804922,0.0481,0.0765,9.4697,0.1
18.806076,0.0188,0.1134,9.4598,0.12
18.822715,0.0104,0.097,9.5078,0.1
18.840789,0.0029,0.0256,9.5266,0.04
18.841504,-0.0341,-0.0284,9.5865,0.1
18.858596,-0.0195,-0.0293,9.6515,0.16
18.859605,0.0078,-0.0773,9.6634,0.18
18.876334,-0.0204,-0.1043,9.6753,0.21
18.877079,-0.015,-0.0485,9.6942,0.2
18.894642,-0.001,-0.0101,9.6462,0.15
18.913411,0.0274,0.0101,9.5843,0.09
18.930437,0.0252,0.0267,9.5125,0.04
18.946051,0.0161,0.0052,9.5386,0.04
18.946908,-0.0432,-0.0284,9.5586,0.08
18.964029,-0.0216,-0.0162,9.5825,0.09
18.984494,-0.0039,-0.0143,9.5844,0.09
19.004673,0.0234,0.0086,9.6102,0.11
19.005853,0.0335,-0.0122,9.6273,0.13
19.020738,0.0095,-0.0068,9.6252,0.13
19.036756,0.0313,-0.0118,9.6083,0.11
19.037371,0.0128,-0.0122,9.5823,0.08
19.052775,-0.0068,0.0175,9.5583,0.06
19.069582,-0.0083,0.0077,9.5462,0.05
19.070267,0.0206,-0.0047,9.5222,0.03
19.086149,-0.0076,0.0091,9.5342,0.04
19.086856,-0.0088,0.0121,9.5431,0.05
19.102441,0.0194,0.0045,9.5551,0.06
19.119208,0.0012,0.01,9.582,0.08
19.120015,-0.007,-0.0017,9.603,0.1
19.135735,-0.0161,-0.0218,9.6149,0.12
19.136901,-0.0203,-0.0281,9.5958,0.1
19.152457,-0.0028,0.0034,9.6097,0.11
19.170297,0.0046,0.0041,9.5787,0.08
19.170992,-0.0041,0.005,9.5957,0.1
19.18716,0.0199,-0.0127,9.6406,0.14
19.18787,0.039,-0.0235,9.6796,0.19
19.204027,0.0296,-0.0306,9.6866,0.19
19.205202,0.0365,-0.0304,9.6746,0.18
19.220945,0.0224,-0.0263,9.6526,0.16
19.23735,-0.0038,-0.0247,9.6336,0.14
19.238183,-0.0334,-0.0384,9.6336,0.14
19.257468,-0.0411,-0.0363,9.5647,0.08
19.258116,-0.0144,-0.0097,9.5018,0.02
19.276787,0.032,0.0285,9.481,0.05
19.277432,0.0527,0.064,9.4522,0.1
19.293036,0.0371,0.0981,9.4623,0.11
19.294997,0.0298,0.1043,9.4673,0.11
19.309179,0.0115,0.0692,9.4983,0.07
19.327445,-0.0165,-0.0018,9.529,0.03
19.32822,0.0062,-0.0365,9.6151,0.12
19.345346,-0.015,-0.0694,9.6579,0.17
19.346102,0.0175,-0.0844,9.6799,0.2
19.362977,0.0028,-0.062,9.6839,0.19
19.379625,0.0079,-0.0423,9.6578,0.16
19.380296,0.0127,0.0103,9.6149,0.12
19.397601,0.0284,0.0109,9.582,0.09
19.398286,0.0168,0.0092,9.5619,0.06
19.416484,0.0228,0.0356,9.5341,0.05
19.41721,0.0153,0.0309,9.5171,0.04
19.436678,-0.0185,-0.0025,9.5121,0.02
19.437763,-0.0048,-0.006,9.5261,0.03
19.45842,0.0118,-0.0115,9.5531,0.06
19.459123,0.0355,-0.0071,9.5792,0.09
19.475873,0.0284,-0.0255,9.5822,0.09
19.476594,0.0287,-0.0191,9.6081,0.11
19.493968,-0.0043,-0.0064,9.6339,0.13
19.495297,-0.0003,0.0179,9.627,0.13
19.51666,-0.0161,-0.0074,9.5819,0.08
19.517494,-0.0206,-0.0121,9.5698,0.07
19.532793,0.0012,0.0207,9.5857,0.09
19.549542,0.0337,0.0181,9.5699,0.08
19.550421,0.0483,0.0193,9.5738,0.09
19.568106,0.0077,0.0215,9.5309,0.04
19.573884,-0.0206,0.011,9.5339,0.04
19.575019,-0.0014,-0.0098,9.5527,0.05
19.584897,-0.0263,0.0089,9.5837,0.09
19.595058,-0.0302,-0.001,9.5956,0.1
19.607185,-0.0224,0.0021,9.6076,0.11
19.614697,0.007,-0.0006,9.5835,0.08
19.6249,-0.0046,0.0165,9.5974,0.1
19.642882,0.0175,-0.0187,9.5974,0.1
19.645393,0.0339,-0.0264,9.6044,0.11
19.659201,0.0276,-0.0094,9.6264,0.13
19.675552,0.0388,-0.0314,9.6553,0.16
19.692512,0.0645,-0.0428,9.6692,0.19
19.695381,0.0331,-0.0234,9.667300000000001,0.17
19.710814,0.0035,-0.0207,9.6404,0.14
19.714641,-0.006,-0.0415,9.6244,0.13
19.728695,-0.0219,-0.0456,9.6245,0.13
19.747309,-0.0585,-0.0077,9.5786,0.1
19.76476,0.0329,0.0318,9.4709,0.05
19.782541,0.0216,0.1146,9.464,0.12
19.800025,0.0501,0.0607,9.4741,0.08
19.817905,-0.0085,-0.0176,9.5768,0.08
19.835883,-0.0089,-0.0692,9.6696,0.18
19.836664,-0.0152,-0.0683,9.6867,0.2
19.853735,-0.0467,-0.0755,9.6935,0.21
19.854897,0.0043,-0.0409,9.6676,0.17
19.875341,0.0161,-0.0029,9.6027,0.1
19.876006,0.0345,0.019,9.5697,0.08
19.893786,0.0472,0.0389,9.5219,0.06
19.894694,0.0444,0.035,9.5189,0.06
19.911118,0.0181,0.0142,9.5289,0.04
19.928701,0.0013,-0.0271,9.5378,0.05
19.929393,-0.0053,-0.0138,9.5819,0.08
19.946657,-0.0131,0.0028,9.5618,0.06
19.947621,0.0071,0.0018,9.5598,0.06
19.963553,0.0216,-0.023,9.6047,0.11
19.964259,0.0124,0.0104,9.6077,0.11
19.981199,0.018,0.0107,9.6027,0.1
19.998827,0.0254,-0.001,9.5836,0.09
19.999549,-0.0189,0.0277,9.5816,0.09
20.016825,-0.0185,0.0254,9.5545,0.06
20.018007,0.0106,-0.0155,9.5695,0.07
20.035214,0.0317,-0.0155,9.5734,0.08
20.036141,0.015,0.0031,9.5835,0.08
20.053669,0.0459,-0.0113,9.5614,0.08
20.054375,0.0268,-0.0185,9.5254,0.04
20.071255,0.003,0.0088,9.5545,0.06
20.088753,0.0063,-0.0037,9.5815,0.08
20.08945,-0.005,-0.006,9.5905,0.09
20.10879,-0.0191,0.0079,9.6313,0.13
20.109803,-0.0203,0.0079,9.6143,0.12
20.126841,-0.008,0.011,9.6092,0.11
20.127562,0.0279,-0.0006,9.6043,0.11
20.143635,0.0366,-0.012,9.5903,0.1
20.144378,0.0208,-0.042,9.6162,0.13
20.160857,0.028,-0.0342,9.6263,0.13
20.179097,0.0328,-0.0202,9.6092,0.12
20.17987,0.0039,0.0033,9.6122,0.11
20.196862,-0.01,-0.0115,9.6383,0.14
20.197785,-0.0272,-0.0315,9.6362,0.14
20.215049,-0.0543,-0.0567,9.6362,0.16
20.215771,-0.0207,-0.0447,9.6093,0.12
20.237947,0.0213,0.0125,9.5785,0.08
20.238826,0.0458,0.0503,9.5187,0.07
20.256849,0.0239,0.0822,9.4708,0.09
20.257616,0.04,0.0953,9.4688,0.11
20.264035,0.0159,0.088,9.4788,0.09
20.284409,0.004,0.0506,9.5047,0.05
20.285318,0.0064,-0.0169,9.5548,0.06
20.300777,0.0117,-0.0542,9.6197,0.13
20.304141,-0.0187,-0.0903,9.6836,0.21
20.317902,-0.0089,-0.091,9.6985,0.22
20.330633,0.0136,-0.0673,9.6645,0.18
20.342618,-0.0147,-0.0449,9.6625,0.17
20.357768,0.0043,-0.0023,9.6244,0.12
20.358419,0.0236,0.0273,9.5426,0.06
20.365006,0.0262,0.0225,9.5016,0.03
20.374933,0.0231,0.0401,9.5098,0.05
20.391615,-0.0081,0.0215,9.5218,0.03
20.408513,-0.0149,-0.0062,9.5308,0.03
20.409141,-0.0008,-0.0115,9.5698,0.07
20.424869,0.0093,-0.0072,9.5957,0.1
20.425554,0.021,-0.0178,9.5698,0.07
20.441451,0.0206,0.0069,9.5818,0.08
20.458608,0.0089,-0.0023,9.5766,0.08
20.459255,0.0248,-0.0226,9.5886,0.09
20.475054,0.0113,-0.0031,9.5736,0.07
20.475723,0.0019,0.0178,9.5766,0.08
20.492101,-0.0183,0.0243,9.5855,0.09
20.510303,0.0112,0.003,9.5475,0.05
20.51183,0.0184,-0.021,9.5575,0.06
20.514044,0.0303,0.0047,9.5475,0.06
20.534918,0.0205,0.0139,9.5475,0.05
20.53629,0.0002,-0.0202,9.5695,0.07
20.55663,-0.0043,-0.0154,9.5974,0.1
20.558302,-0.0442,0.0034,9.5973,0.11
20.573586,-0.0334,0.0011,9.6163,0.12
20.575114,-0.0239,0.013,9.6263,0.13
20.591286,-0.007,0.0033,9.5882,0.09
20.610769,0.0099,-0.015,9.5612,0.06
20.611472,0.0189,-0.0343,9.5762,0.09
20.626783,0.0274,-0.0288,9.5971,0.1
20.627455,0.0062,-0.0295,9.6281,0.13
20.643852,0.0048,-0.057,9.652,0.16
20.645729,0.0376,-0.0277,9.648,0.16
20.664211,0.0281,-0.0376,9.636,0.14
20.664922,-0.0063,-0.0623,9.6431,0.16
20.682193,-0.0186,-0.0469,9.6402,0.15
20.700358,0.0045,-0.0419,9.6092,0.12
20.702021,0.0018,-0.0058,9.5784,0.08
20.717132,0.0196,0.0152,9.4995,0.02
20.717879,0.0236,0.0859,9.4546,0.1
20.724034,0.0266,0.1284,9.4497,0.14
20.748615,0.0359,0.1122,9.4378,0.13
20.750837,0.0375,0.0867,9.4567,0.1
20.769922,0.0219,0.0026,9.5237,0.03
20.77084,0.0079,-0.0481,9.6095,0.12
20.773124,-0.0101,-0.0903,9.6505,0.18
20.793337,-0.0311,-0.0949,9.7173,0.24
20.794039,-0.0185,-0.0756,9.7313,0.24
20.812995,0.0085,-0.0647,9.6863,0.2
20.813665,0.017,-0.0002,9.6144,0.12
20.835319,0.0262,0.0188,9.5785,0.08
20.835966,0.03,0.0182,9.5546,0.06
20.85314,0.0218,0.0215,9.4997,0.03
20.853808,0.0111,0.0211,9.4738,0.04
20.871244,-0.0294,0.0184,9.5287,0.04
20.888266,-0.0308,0.0126,9.5697,0.08
20.889187,0.0054,-0.0001,9.5616,0.06
20.905205,0.0196,-0.0036,9.6046,0.11
20.906918,0.0078,-0.0044,9.6165,0.12
20.921176,0.025,0.0221,9.6125,0.12
20.922931,0.0269,0.0176,9.6146,0.12
20.939096,0.0111,0.0061,9.5885,0.09
20.95673,0.0064,0.0063,9.5644,0.07
20.957402,0.0138,0.0094,9.5785,0.08
20.974304,-0.0025,-0.0008,9.6214,0.12
20.975094,-0.0089,0.0107,9.5954,0.1
20.991491,0.0085,0.0052,9.5713,0.07
21.011668,0.0108,0.0095,9.5713,0.07
21.013316,0.0158,0.0157,9.5523,0.06
21.014879,0.009,0.0129,9.5473,0.05
21.028807,-0.0093,0.0128,9.5732,0.07
21.045649,-0.0304,0.0078,9.6002,0.1
21.046423,-0.0154,0.0032,9.5881,0.09
21.06353,-0.0264,-0.0013,9.585,0.09
21.064216,0.0081,0.0024,9.602,0.1
21.08033,0.0301,-0.0015,9.614,0.12
21.097034,0.032,-0.0288,9.6089,0.12
21.097736,0.0302,-0.0345,9.6359,0.14
21.113339,0.0531,-0.0353,9.6449,0.16
21.114024,0.0275,-0.0209,9.6599,0.16
21.129349,0.0225,-0.0214,9.6449,0.15
21.146257,0.0066,-0.0194,9.6449,0.15
21.147043,-0.0326,-0.0445,9.6239,0.14
21.163178,-0.0267,-0.0392,9.621,0.13
21.164096,-0.0063,-0.0291,9.5692,0.08
21.180698,0.0322,0.0083,9.5284,0.04
21.197691,0.042,0.0794,9.4996,0.09
21.198409,0.0313,0.093,9.4517,0.11
21.214209,0.0223,0.092,9.4348,0.11
21.215,0.0108,0.1021,9.4737,0.11
21.232214,0.0135,0.0608,9.5376,0.07
21.232956,0.0241,-0.0216,9.5975,0.1
21.254943,0.0148,-0.0708,9.6484,0.17
21.255722,0.0051,-0.0702,9.7004,0.21
21.269314,-0.0105,-0.0693,9.6984,0.21
21.27235,-0.0183,-0.0508,9.6723,0.18
21.286837,-0.027,-0.0118,9.6403,0.14
21.293147,-0.0009,0.0285,9.6123,0.12
21.304814,0.0204,0.0144,9.5695,0.07
21.322321,0.0352,0.0012,9.5405,0.05
21.323154,0.0301,0.0262,9.5457,0.06
21.339941,-0.0041,-0.0025,9.5337,0.03
21.342359,-0.0014,-0.0019,9.5406,0.04
21.35656,-0.0095,0.0256,9.5496,0.06
21.376867,0.0026,0.0092,9.5616,0.06
21.377731,0.011,-0.0206,9.5975,0.1
21.388932,0.0153,-0.0146,9.5975,0.1
21.401483,0.0237,-0.003,9.5955,0.1
21.403117,0.0307,0.0074,9.6045,0.11
21.418672,0.026,0.0147,9.6004,0.1
21.435613,0.0121,0.0193,9.5644,0.07
21.436557,0.0041,0.0286,9.5785,0.08
21.459322,0.0188,0.008,9.5955,0.1
21.460001,0.0274,0.0123,9.5836,0.09
21.477347,0.0135,0.0332,9.5645,0.07
21.478051,0.0154,0.0255,9.5546,0.06
21.497722,-0.0097,0.0082,9.5696,0.07
21.49838,-0.0107,0.0081,9.5834,0.08
21.517575,-0.0243,-0.0017,9.5904,0.09
21.519209,-0.0251,-0.0033,9.6072,0.11
21.537342,-0.0074,0.0177,9.6382,0.14
21.539214,0.0067,0.0089,9.6142,0.11
21.554413,0.0258,-0.0024,9.5851,0.09
21.555204,0.0238,-0.0113,9.5951,0.1
21.571456,0.0243,-0.026,9.633,0.14
21.572167,0.0271,-0.0089,9.667,0.17
21.591833,0.0224,-0.0104,9.6689,0.17
21.592556,0.0251,-0.0271,9.628,0.13
21.611364,0.0125,-0.0294,9.6501,0.15
21.613032,0.0118,-0.0373,9.6502,0.16
21.631603,-0.0198,-0.0703,9.6312,0.15
21.650644,-0.0329,-0.058,9.6193,0.14
21.652213,0.01,0.0039,9.5784,0.08
21.65379,0.035,0.0093,9.5164,0.04
21.66662,0.0173,0.0752,9.4755,0.08
21.689068,0.0404,0.111,9.4566,0.13
21.689809,0.0449,0.1182,9.4737,0.13
21.711985,0.0345,0.0687,9.5117,0.08
21.728715,0.0012,-0.0732,9.7225,0.23
21.74855,-0.0063,-0.1005,9.7413,0.26
21.749349,-0.0029,-0.062,9.7123,0.22
21.770745,-0.0007,-0.0379,9.6883,0.19
21.771522,-0.0197,-0.0026,9.6243,0.13
21.772312,0.0175,0.0017,9.5715,0.07
21.790929,0.0384,0.0118,9.5456,0.06
21.816065,0.0234,0.0277,9.5357,0.05
21.834663,-0.006,-0.008,9.5457,0.05
21.835401,0.0198,-0.0046,9.5577,0.06
21.863637,0.0145,0.0111,9.5856,0.09
21.865307,0.0243,0.0183,9.5886,0.09
21.867095,0.0447,0.0257,9.5767,0.09
21.895263,0.0444,0.0241,9.5838,0.1
21.897487,0.0187,0.0312,9.6007,0.11
21.899736,-0.0045,0.0076,9.5766,0.08
21.915269,0.0004,-0.0041,9.6195,0.12
21.945054,0.0168,0.0028,9.6045,0.11
21.963319,-0.0323,-0.0001,9.5884,0.09
21.982018,0.0146,-0.0087,9.5955,0.1
21.983613,-0.011,0.0128,9.6025,0.1
22.006287,0.0032,0.0075,9.5974,0.1
22.023059,0.0089,0.0028,9.6025,0.1
22.039269,0.0272,-0.0138,9.6573,0.16
22.055809,0.0229,-0.0249,9.6863,0.19
22.05649,0.056,-0.0385,9.6672,0.18
22.073243,0.0297,-0.0149,9.6552,0.16
22.073961,0.0239,0.0128,9.6403,0.14
22.090308,-0.0062,-0.0227,9.6314,0.13
22.09289,-0.0045,-0.0619,9.5885,0.11
22.109293,0.0012,-0.0582,9.5837,0.1
22.124862,0.0072,-0.0032,9.5788,0.08
22.125602,0.0066,0.0441,9.5258,0.05
22.14149,0.0094,0.0841,9.498,0.08
22.142858,0.021,0.1112,9.476,0.12
22.156492,0.0317,0.0968,9.495,0.1
22.175078,0.0278,0.0437,9.5289,0.06
22.175928,-0.0024,-0.013,9.5838,0.08
22.191594,-0.0098,-0.0434,9.6527,0.16
22.192316,0.0057,-0.0767,9.7056,0.22
22.207681,-0.011,-0.0724,9.7246,0.24
22.224915,-0.0178,-0.0559,9.7156,0.22
22.226442,-0.0206,-0.0335,9.6867,0.19
22.242229,-0.0056,-0.0075,9.6366,0.14
22.257645,0.0296,0.0005,9.5647,0.07
22.274088,0.0486,0.0059,9.531,0.06
22.299255,-0.0062,-0.0181,9.5819,0.08
22.317548,0.0093,-0.0143,9.6338,0.13
22.334213,0.0107,0.0201,9.6199,0.12
22.3358,-0.0035,0.0167,9.5959,0.1
22.352482,-0.0116,0.0163,9.5978,0.1
22.353933,0.0034,0.031,9.5888,0.09
22.369549,0.0175,0.0257,9.5909,0.1
22.386509,0.0159,0.0254,9.5888,0.09
22.387239,0.0168,0.0183,9.6078,0.11
22.406004,0.0027,0.0129,9.5668,0.07
22.406758,-0.0053,0.0009,9.5886,0.09
22.412595,0.0162,0.0126,9.6267,0.13
22.424228,0.0077,0.0259,9.6125,0.12
22.440234,-0.002,-0.0003,9.6046,0.1
22.440904,-0.0138,-0.015,9.6335,0.14
22.464407,-0.0019,0.0207,9.6286,0.13
22.465955,-0.004,0.0187,9.6316,0.13
22.482383,0.0051,-0.0148,9.6125,0.11
22.484047,0.0082,0.0215,9.6165,0.12
22.506307,0.0321,0.0103,9.6245,0.13
22.508078,0.0257,-0.0263,9.6505,0.15
22.525822,-0.0024,-0.0252,9.6693,0.17
22.526725,0.0072,-0.0241,9.6763,0.18
22.545022,0.0245,-0.0186,9.6693,0.17
22.545696,0.0106,-0.0255,9.6812,0.18
22.56184,-0.0085,-0.0619,9.6793,0.19
22.562569,-0.0074,-0.0802,9.6644,0.18
22.578385,-0.0038,-0.058,9.6266,0.14
22.596021,0.0306,0.013,9.6077,0.11
22.596633,0.0548,0.0743,9.5498,0.1
22.612327,0.0742,0.1061,9.4931,0.13
22.612971,0.0437,0.0988,9.4932,0.11
22.633198,0.0261,0.0767,9.4954,0.08
22.633858,0.0175,0.024,9.5673,0.07
22.649567,-0.0056,-0.0204,9.5722,0.08
22.650684,-0.01,-0.0501,9.6631,0.17
22.665956,-0.0311,-0.0615,9.711,0.22
22.682808,-0.0207,-0.0653,9.7299,0.24
22.683508,-0.0033,-0.0517,9.7079,0.21
22.699019,0.0106,-0.036,9.6699,0.17
22.715185,0.0103,-0.0051,9.627,0.13
22.715919,0.0404,0.0012,9.5931,0.1
22.731459,0.0463,0.0187,9.5771,0.09
22.732169,0.0177,0.0299,9.5583,0.07
22.747938,0.0355,0.0082,9.5533,0.06
22.764079,0.0079,0.0013,9.5554,0.06
22.764781,0.0054,0.0117,9.5844,0.09
22.780433,-0.0087,0.0139,9.5794,0.08
22.781118,-0.0067,0.0125,9.6034,0.1
22.797136,-0.0183,0.0101,9.6293,0.13
22.8135,-0.0077,0.0058,9.6372,0.14
22.814177,-0.0098,0.0184,9.6222,0.12
22.829866,-0.0226,0.0005,9.6321,0.13
22.830623,0.0093,-0.0107,9.656,0.16
22.846222,0.012,-0.0076,9.639,0.14
22.862694,0.0387,0.0106,9.5979,0.11
22.863457,0.05,0.0028,9.598,0.11
22.878901,0.0376,0.0054,9.5822,0.09
22.896227,-0.0033,0.0211,9.5672,0.07
22.897676,-0.0149,0.0229,9.5891,0.09
22.912213,-0.0282,0.0172,9.5911,0.1
22.913723,-0.0308,0.0169,9.629,0.13
22.927429,-0.0208,0.026,9.61,0.11
22.94344,-0.0136,0.0247,9.598,0.1
22.944151,0.024,-0.0147,9.646,0.15
22.959726,0.0596,-0.0268,9.646,0.16
22.960739,0.0389,-0.0318,9.675,0.18
22.976626,0.0465,-0.0334,9.684,0.19
22.997284,0.0521,-0.0348,9.7009,0.21
22.998213,0.0521,-0.0349,9.6889,0.2
23.014569,-0.0026,-0.0121,9.6769,0.18
23.015413,-0.0486,-0.005,9.6488,0.16
23.030946,-0.0512,-0.0349,9.6799,0.19
23.031832,-0.0451,-0.0401,9.646,0.16
23.050823,-0.0133,0.0152,9.5771,0.08
23.051547,0.0077,0.0296,9.5243,0.04
23.071475,0.0189,0.0598,9.5054,0.06
23.072109,0.0303,0.0951,9.4985,0.1
23.087889,0.0323,0.0976,9.4865,0.1
23.08978,0.026,0.0563,9.5345,0.07
23.104888,0.0216,-0.0004,9.5893,0.09
23.122558,0.0155,-0.0429,9.6322,0.14
23.124,-0.0008,-0.0662,9.6962,0.21
23.139817,-0.038,-0.0769,9.7711,0.28
23.14121,-0.0354,-0.0583,9.7539,0.26
23.156697,-0.0231,-0.0547,9.711,0.22
23.173803,-0.0081,-0.0163,9.656,0.16
23.174588,0.0151,0.0016,9.5721,0.07
23.190946,0.0329,0.0298,9.5463,0.06
23.191612,0.003,0.0516,9.5344,0.06
23.207681,0.002,0.0433,9.5024,0.04
23.225071,-0.0057,0.0127,9.5175,0.02
23.225792,-0.0277,0.0002,9.5485,0.06
23.242632,-0.0055,0.0057,9.5915,0.09
23.259718,0.0089,0.0056,9.6133,0.11
23.277809,0.0086,-0.0122,9.6772,0.18
23.295005,0.0378,-0.0273,9.6611,0.17
23.295889,0.0044,-0.0301,9.6561,0.16
23.31491,0.0143,-0.0,9.6651,0.17
23.315575,0.0092,0.0135,9.6101,0.11
23.332366,0.0228,0.0119,9.5793,0.08
23.333108,0.0254,0.0222,9.5433,0.05
23.349189,0.0202,0.0277,9.5653,0.07
23.349917,0.0132,0.0013,9.5723,0.07
23.366231,-0.0248,-0.0068,9.5772,0.08
23.384153,-0.0541,-0.0015,9.5792,0.1
23.38488,-0.0497,-0.0012,9.6031,0.11
23.403539,-0.0178,-0.0095,9.627,0.13
23.404365,0.0038,-0.0167,9.6218,0.12
23.420855,0.024,-0.0077,9.6248,0.13
23.421597,0.0332,-0.0264,9.6168,0.12
23.439479,0.0147,-0.02,9.6817,0.18
23.44029,0.0136,-0.0377,9.6957,0.2
23.456933,-0.0008,-0.0441,9.7056,0.21
23.473525,-0.008,-0.0158,9.6606,0.16
23.4903,-0.016,-0.0458,9.6727,0.18
23.506932,0.0135,-0.0185,9.593,0.1
23.523214,0.0502,0.034,9.4955,0.06
23.540369,0.0354,0.0815,9.4716,0.09
23.54104,0.0277,0.0856,9.4695,0.09
23.558364,0.0077,0.0664,9.4934,0.07
23.559621,0.0206,0.0241,9.5483,0.06
23.57509,0.0145,-0.041,9.5913,0.1
23.591711,-0.0083,-0.083,9.682,0.2
23.608682,-0.0055,-0.0933,9.744,0.26
23.62494,-0.0054,-0.0219,9.6939,0.2
23.644144,0.0209,-0.0037,9.622,0.12
23.662344,0.0192,0.036,9.5673,0.08
23.683267,-0.0368,0.0065,9.5433,0.06
23.683939,-0.0146,-0.009,9.5502,0.05
23.699297,0.0074,0.0094,9.5652,0.07
23.699969,0.0074,-0.0128,9.5771,0.08
23.716134,-0.021,-0.0444,9.6272,0.14
23.733835,-0.0132,-0.0073,9.62,0.12
23.734561,-0.0002,0.0033,9.6219,0.12
23.750714,-0.0063,-0.0061,9.6389,0.14
23.751412,-0.0005,-0.0008,9.6648,0.16
23.767631,0.0036,0.016,9.6148,0.12
23.768888,0.0374,0.0154,9.6128,0.12
23.784169,0.0154,0.0048,9.6098,0.11
23.800862,0.0183,0.0038,9.6078,0.11
23.801605,0.0064,0.0008,9.6029,0.1
23.817269,-0.0032,0.0121,9.5618,0.06
23.834514,-0.0098,0.0352,9.5909,0.1
23.852515,-0.019,-0.0076,9.6127,0.11
23.869145,-0.0072,0.0123,9.5718,0.07
23.869872,0.0446,-0.0051,9.5888,0.1
23.885872,0.0517,-0.0088,9.6148,0.13
23.903505,0.0353,-0.0124,9.6217,0.13
23.904205,0.0388,-0.0114,9.6456,0.15
23.921422,0.0295,-0.0177,9.6676,0.17
23.922149,0.0041,-0.0056,9.6866,0.19
23.938666,-0.0079,-0.0007,9.6626,0.16
23.939398,-0.0014,-0.0472,9.6837,0.19
23.95576,-0.0196,-0.0673,9.6727,0.19
23.973531,0.0108,-0.0521,9.6338,0.14
23.974263,0.0244,0.0018,9.5581,0.06
23.992622,0.0205,0.0437,9.5003,0.05
23.993354,0.0026,0.0761,9.4934,0.08
24.010349,0.0239,0.1001,9.4675,0.11
24.011132,0.0074,0.1014,9.4745,0.1
24.028938,-0.0199,0.0484,9.5293,0.06
24.029669,-0.0303,-0.0314,9.5891,0.1
24.047555,-0.0123,-0.0383,9.6511,0.16
24.066967,-0.0185,-0.0712,9.6919,0.21
24.084655,0.0007,-0.0842,9.7109,0.23
24.101946,0.0127,0.0008,9.6529,0.15
24.102928,0.014,0.0059,9.584,0.09
24.121247,0.0114,-0.0004,9.589,0.09
24.122107,0.0227,-0.0128,9.5981,0.1
24.137826,0.0081,-0.0097,9.6101,0.11
24.138759,-0.0142,-0.0076,9.5822,0.08
24.154309,-0.0077,-0.007,9.5502,0.05
24.170566,0.0086,0.0241,9.5343,0.04
24.171403,0.0131,0.0245,9.5483,0.06
24.180567,0.0181,0.0013,9.5622,0.06
24.190867,-0.0015,-0.0098,9.5793,0.08
24.198283,0.016,0.0149,9.5932,0.1
24.208391,0.0146,-0.0033,9.5891,0.09
24.225022,-0.0152,0.0398,9.5791,0.09
24.230101,-0.0243,0.0277,9.605,0.11
24.251149,-0.0016,-0.0168,9.615,0.12
24.251875,0.0127,-0.0047,9.6389,0.14
24.259034,-0.0087,0.0016,9.6389,0.14
24.276917,0.0118,0.0059,9.6338,0.13
24.27852,-0.0024,0.0066,9.6247,0.12
24.295487,-0.0156,0.0359,9.5957,0.1
24.298615,-0.013,0.0276,9.5837,0.09
24.314368,-0.0267,0.0131,9.5818,0.09
24.332169,-0.0247,0.0131,9.5767,0.08
24.333175,0.0253,0.0204,9.5428,0.05
24.350608,0.0286,-0.0206,9.5498,0.06
24.351478,0.0169,-0.0371,9.6047,0.11
24.369872,0.0156,-0.026,9.6677,0.17
24.370747,0.0213,-0.0411,9.6556,0.16
24.387646,0.0033,-0.0373,9.6625,0.17
24.388908,-0.0421,-0.0284,9.6884,0.2
24.408734,-0.0323,-0.0601,9.7075,0.22
24.409446,0.0046,-0.0804,9.6605,0.18
24.426661,0.0146,-0.0417,9.6408,0.15
24.444301,0.0241,-0.0002,9.572,0.08
24.445034,0.031,0.0573,9.5122,0.07
24.462557,0.0347,0.0974,9.4573,0.11
24.463338,0.0252,0.1263,9.4334,0.14
24.469665,0.0066,0.0955,9.4475,0.11
24.47917,0.0111,0.0685,9.5194,0.07
24.497431,-0.0118,-0.0114,9.5823,0.08
24.498144,0.0039,-0.0791,9.634,0.16
24.514218,-0.031,-0.1017,9.701,0.23
24.518036,-0.0232,-0.0883,9.7159,0.23
24.532023,-0.0206,-0.0867,9.7248,0.24
24.549214,0.0015,-0.0595,9.6679,0.18
24.549873,0.0149,0.0167,9.6169,0.12
24.566146,0.0138,0.0357,9.5791,0.09
24.56792,0.0109,0.0375,9.5462,0.06
24.583977,0.0238,0.0157,9.5502,0.06
24.599149,0.0022,0.0248,9.5413,0.05
24.59984,0.0021,-0.012,9.5704,0.07
24.615306,0.0109,-0.0226,9.5843,0.09
24.619179,0.0021,-0.0262,9.5892,0.09
24.633072,0.0142,-0.0222,9.5913,0.1
24.65068,-0.0093,0.0042,9.6152,0.12
24.651485,-0.0067,0.0351,9.6032,0.11
24.672939,-0.0015,0.0419,9.5741,0.09
24.673665,-0.0112,0.0063,9.5931,0.09
24.689736,0.0059,0.0116,9.5822,0.08
24.690437,0.011,0.0115,9.574,0.08
24.706547,0.013,0.0139,9.5771,0.08
24.707654,-0.0007,0.0267,9.5671,0.07
24.725682,-0.0102,0.0042,9.6081,0.11
24.743623,-0.0184,0.0067,9.608,0.11
24.744523,-0.0323,0.0182,9.5959,0.1
24.760925,-0.0197,0.0076,9.6079,0.11
24.761757,-0.0282,0.0138,9.6128,0.12
24.782715,-0.0208,0.0214,9.5648,0.07
24.784405,0.0132,0.0068,9.5648,0.07
24.805693,0.0084,-0.0039,9.5718,0.07
24.807188,0.0327,0.0009,9.5928,0.1
24.808573,0.0425,-0.033,9.6437,0.15
24.821929,0.0228,-0.067,9.6725,0.19
24.838559,0.0287,-0.0421,9.6985,0.2
24.839187,0.0116,-0.0179,9.6745,0.18
24.862388,-0.015,-0.0106,9.6484,0.15
24.864007,-0.0279,-0.0617,9.6215,0.14
24.880284,-0.0178,-0.0581,9.6047,0.12
24.881689,0.0208,-0.0292,9.558,0.07
24.896625,0.0286,0.023,9.5361,0.05
24.897972,0.0391,0.058,9.4763,0.07
24.912306,0.0335,0.0832,9.4354,0.11
24.929653,0.0118,0.1135,9.4384,0.13
24.930311,0.0153,0.0807,9.4623,0.09
24.950866,0.0064,0.0104,9.5411,0.04
24.952281,0.0003,-0.0314,9.596,0.1
24.967235,-0.0009,-0.0678,9.639,0.15
24.96861,-0.0121,-0.0993,9.7058,0.23
24.983147,0.0005,-0.0798,9.7417,0.25
24.990011,-0.007,-0.0539,9.7157,0.22
25.000879,0.0032,-0.0203,9.6407,0.14
25.017982,0.0099,0.0077,9.5958,0.1
25.018724,0.0139,0.0292,9.543,0.05
25.035908,0.0263,0.0365,9.514,0.05
25.039114,0.0319,0.0175,9.5192,0.04
25.05472,0.0033,-0.0124,9.5262,0.03
25.068752,-0.0116,-0.0041,9.5462,0.05
25.069913,0.0123,0.0069,9.5842,0.09
25.087928,0.0038,-0.0256,9.5891,0.09
25.088599,-0.0077,-0.006,9.5841,0.08
25.105747,-0.0258,0.0161,9.5821,0.09
25.124455,-0.0096,-0.0055,9.5619,0.06
25.125134,-0.0043,0.0032,9.572,0.07
25.141211,0.0111,0.0125,9.5649,0.07
25.141903,0.0183,0.0057,9.6008,0.1
25.161526,0.0207,-0.004,9.5978,0.1
25.162211,0.0259,0.0061,9.6008,0.1
25.178275,0.0024,-0.004,9.6008,0.1
25.179066,0.031,0.0055,9.6128,0.12
25.194958,0.0138,0.0068,9.6169,0.12
25.211458,-0.0175,0.0111,9.6079,0.11
25.212129,-0.0178,0.0036,9.5719,0.07
25.227937,-0.0212,0.0104,9.543,0.05
25.228614,0.0125,0.0227,9.5649,0.07
25.244826,0.0322,0.0114,9.5649,0.07
25.261638,0.0191,-0.0132,9.5928,0.1
25.262377,0.0051,-0.0143,9.6148,0.12
25.278048,0.0417,-0.0216,9.6336,0.14
25.279404,0.0334,-0.0563,9.6485,0.16
25.295207,-0.0001,-0.0366,9.6485,0.15
25.312062,-0.0122,-0.0011,9.6676,0.17
25.312911,-0.0058,-0.0498,9.6837,0.19
25.329332,-0.0307,-0.065,9.6576,0.17
25.330083,-0.0199,-0.0499,9.6338,0.14
25.354713,0.0331,-0.0122,9.577,0.08
25.355752,0.0388,0.0274,9.5002,0.05
25.35725,0.0373,0.0991,9.4693,0.11
25.372521,0.01,0.1092,9.4385,0.13
25.38957,-0.0035,0.1091,9.4284,0.13
25.390658,0.014,0.0533,9.4624,0.07
25.407106,-0.012,-0.0027,9.5532,0.05
25.407947,-0.0151,-0.0721,9.6531,0.17
25.423979,-0.0171,-0.0928,9.711,0.23
25.439867,-0.0253,-0.0844,9.7418,0.26
25.44069,-0.0227,-0.0798,9.7319,0.25
25.456013,0.0034,-0.044,9.6798,0.19
25.478762,0.0224,0.008,9.5431,0.05
25.495119,0.0206,0.0217,9.5124,0.03
25.511535,-0.0087,0.0236,9.5143,0.03
25.512213,-0.0108,0.0026,9.5173,0.02
25.528643,-0.0019,-0.0079,9.5483,0.05
25.529303,0.0151,-0.0083,9.5893,0.09
25.553903,-0.0016,-0.0189,9.6102,0.11
25.555018,0.0186,-0.0009,9.6012,0.1
25.571189,0.0037,-0.0051,9.5673,0.07
25.572605,0.0227,-0.0045,9.5962,0.1
25.585977,0.0021,0.0029,9.5891,0.09
25.603073,-0.0063,-0.004,9.5841,0.08
25.606491,0.0092,-0.0089,9.5911,0.09
25.619679,0.0135,0.0005,9.598,0.1
25.637812,-0.0049,-0.0054,9.6219,0.12
25.638606,0.0053,-0.0044,9.6099,0.11
25.656566,-0.0043,-0.0023,9.5859,0.09
25.657317,-0.0159,-0.0032,9.582,0.08
25.674576,-0.0207,0.0455,9.5839,0.1
25.677214,-0.0124,0.0259,9.5599,0.07
25.693318,-0.0054,0.0074,9.5479,0.05
25.712323,0.0137,0.002,9.5789,0.08
25.735768,0.0267,-0.0281,9.6457,0.15
25.73667,0.0256,-0.0407,9.6627,0.17
25.755634,-0.0056,-0.0257,9.6436,0.15
25.757455,-0.0362,-0.0334,9.6766,0.18
25.786642,-0.0364,-0.0799,9.6606,0.18
25.80703,0.0202,0.0332,9.5379,0.05
25.807684,0.0306,0.0875,9.4571,0.1
25.825104,0.0246,0.1349,9.4233,0.16
25.826225,0.0293,0.1203,9.4193,0.15
25.841374,0.0108,0.081,9.4713,0.09
25.85814,-0.005,0.0174,9.5241,0.03
25.858895,-0.016,-0.0599,9.6289,0.14
25.875001,-0.0123,-0.099,9.6938,0.22
25.892531,0.0021,-0.0793,9.7517,0.26
25.909842,-0.0077,-0.0589,9.6958,0.2
25.926659,0.0182,0.0183,9.579,0.08
25.944205,0.0231,0.0378,9.5021,0.04
25.95969,-0.0012,0.0283,9.4862,0.03
25.960345,-0.0229,-0.0016,9.4952,0.02
25.977138,-0.0108,0.0117,9.5672,0.07
25.977817,0.0211,0.0012,9.5672,0.07
25.993291,0.0108,-0.0026,9.5891,0.09
26.009738,-0.0058,0.0152,9.598,0.1
26.010497,0.0044,0.0159,9.577,0.08
26.026038,-0.0117,0.0116,9.5769,0.08
26.026759,-0.0179,0.0004,9.6029,0.1
26.041993,-0.0118,0.003,9.5908,0.09
26.058117,0.0028,0.0033,9.5957,0.1
26.058821,-0.0135,-0.0321,9.6126,0.12
26.074369,0.0203,0.0035,9.6127,0.11
26.075842,0.034,-0.0277,9.6197,0.13
26.090735,0.013,-0.0145,9.6337,0.14
26.096791,-0.0187,0.0113,9.6247,0.13
26.113775,-0.0184,0.0033,9.6028,0.1
26.130862,-0.0337,0.0299,9.5717,0.08
26.155528,0.0027,0.0202,9.5256,0.03
26.156393,0.0047,0.0183,9.5646,0.07
26.183342,0.0295,-0.0292,9.6245,0.13
26.204441,0.0444,-0.0283,9.6934,0.2
26.206053,-0.0149,-0.0394,9.6813,0.19
26.21956,-0.0308,-0.0833,9.7244,0.24
26.23533,-0.0129,-0.087,9.6884,0.21
26.236461,0.0161,-0.0572,9.6025,0.12
26.25228,0.0474,0.0455,9.5429,0.08
26.268296,0.0672,0.1032,9.469,0.13
26.268942,0.0515,0.1105,9.4312,0.14
26.284934,0.029,0.1048,9.4092,0.14
26.286287,-0.006,0.0654,9.4592,0.08
26.300169,-0.0136,-0.0076,9.517,0.02
26.319242,0.0064,-0.0666,9.6049,0.12
26.320643,-0.0262,-0.0987,9.7057,0.23
26.337459,-0.0303,-0.0828,9.7246,0.24
26.339739,-0.0149,-0.0845,9.7036,0.22
26.355104,-0.0078,-0.033,9.6956,0.2
26.355835,0.0038,-0.0124,9.6627,0.16
26.370785,0.0248,0.0023,9.5958,0.1
26.387466,0.0344,0.0242,9.5429,0.06
26.388156,0.05,0.0111,9.538,0.06
26.403566,0.0115,0.009,9.5481,0.05
26.419745,-0.0245,0.0184,9.5431,0.05
26.420433,-0.0172,-0.006,9.572,0.07
26.436457,0.0286,-0.0144,9.584,0.09
26.437143,0.0328,-0.0267,9.593,0.1
26.453054,0.014,-0.0117,9.603,0.1
26.469626,0.0124,-0.0059,9.5929,0.09
26.470364,-0.0178,-0.0005,9.5858,0.09
26.486153,0.0067,0.0236,9.5838,0.09
26.486916,0.0069,0.0236,9.5928,0.1
26.502631,0.004,0.0217,9.6198,0.12
26.509512,-0.0118,0.0067,9.6077,0.11
26.5193,0.004,-0.0024,9.604800000000001,0.1
26.539049,-0.0078,-0.0199,9.6077,0.11
26.540497,0.0022,-0.0035,9.6217,0.12
26.555721,-0.0198,-0.0091,9.6127,0.11
26.557235,-0.0117,0.0074,9.5928,0.09
26.57253,-0.0284,0.009,9.5548,0.06
26.592326,0.0094,0.0191,9.5548,0.06
26.611766,0.0294,-0.008,9.5957,0.1
26.612484,0.0233,-0.0092,9.6095,0.11
26.628955,0.0172,-0.0232,9.6724,0.17
26.644504,0.023,-0.0264,9.6914,0.19
26.645193,0.0196,-0.0334,9.6694,0.17
26.662026,-0.0207,-0.0393,9.6625,0.17
26.665822,-0.0483,-0.0864,9.6866,0.21
26.684541,-0.0138,-0.0764,9.6267,0.15
26.687405,0.0111,-0.0164,9.5789,0.08
26.703645,0.013,0.0369,9.5121,0.04
26.705146,0.0265,0.0883,9.4452,0.11
26.721299,0.0299,0.1203,9.4114,0.15
26.741189,0.0192,0.1168,9.4433,0.13
26.741913,0.0199,0.0666,9.4902,0.07
26.759488,0.0039,-0.0062,9.541,0.04
26.760127,-0.0019,-0.0685,9.6289,0.15
26.776285,-0.0129,-0.1107,9.7078,0.24
26.77693,-0.022,-0.0991,9.7776,0.3
26.793065,-0.0114,-0.1041,9.7347,0.26
26.809235,-0.0025,-0.039,9.7056,0.21
26.809864,0.0119,-0.0058,9.6648,0.17
26.825993,0.0368,0.018,9.6049,0.11
26.826702,0.0423,0.034,9.529,0.06
26.842015,0.0034,0.0646,9.5141,0.07
26.858994,-0.0139,0.0242,9.4982,0.03
26.85976,-0.0306,0.008,9.5171,0.04
26.875804,-0.0256,-0.0072,9.5481,0.05
26.876553,-0.0116,0.0041,9.5651,0.07
26.891928,0.0035,-0.0065,9.598,0.1
26.910693,-0.0029,0.0016,9.601,0.1
26.911409,-0.0141,0.0263,9.605,0.11
26.92682,-0.0094,0.027,9.6319,0.13
26.927503,0.0061,0.004,9.5978,0.1
26.942906,0.025,0.0069,9.6029,0.11
26.958879,0.0177,-0.0096,9.6168,0.12
26.959557,0.0453,-0.04,9.6169,0.13
26.975415,0.0431,-0.0213,9.6079,0.12
26.976098,0.0259,-0.0167,9.6319,0.14
26.993737,-0.0167,0.0044,9.6389,0.14
26.994934,-0.0305,0.0006,9.6248,0.13
27.009551,-0.0402,0.012,9.6098,0.12
27.027342,-0.0332,0.0215,9.5719,0.08
27.028829,0.0005,0.0098,9.5549,0.06
27.044245,0.0287,-0.0032,9.5289,0.04
27.045813,0.0474,-0.0117,9.5649,0.08
27.061435,0.0618,-0.0081,9.6169,0.13
27.078611,0.0442,-0.034,9.6487,0.16
27.079665,0.0454,-0.0472,9.6867,0.2
27.095679,0.0035,-0.0341,9.6956,0.2
27.097247,-0.0263,-0.0545,9.7054,0.21
27.117292,-0.0308,-0.0736,9.7225,0.24
27.12066,-0.0331,-0.073,9.7034,0.22
27.139614,-0.0272,-0.0496,9.6556,0.17
27.141693,0.0188,-0.0053,9.5578,0.06
27.164824,0.0523,0.0479,9.493,0.07
27.187621,0.0185,0.1293,9.4674,0.13
27.189061,-0.0097,0.0675,9.5172,0.07
27.203619,-0.0015,-0.01,9.601,0.1
27.204222,-0.0221,-0.0813,9.6699,0.19
27.2201,-0.0111,-0.0947,9.7128,0.23
27.236714,0.0085,-0.0883,9.7468,0.26
27.23736,-0.0173,-0.0693,9.7198,0.23
27.252861,-0.0005,-0.0398,9.6697,0.17
27.254257,-0.0059,-0.001,9.6389,0.14
27.268886,0.0124,0.0108,9.6098,0.11
27.284994,0.0282,0.0281,9.555,0.07
27.285638,0.0037,0.0272,9.5461,0.05
27.301011,-0.0152,0.0181,9.5341,0.04
27.305264,0.0006,0.0107,9.541,0.04
27.317562,0.0036,0.0047,9.562,0.06
27.333168,0.0125,0.0124,9.5671,0.07
27.334173,-0.0058,0.0113,9.6099,0.11
27.349281,-0.0021,0.0051,9.6199,0.12
27.354367,0.0243,-0.0039,9.6199,0.12
27.365582,0.0058,0.0121,9.6008,0.1
27.384015,0.0063,0.0216,9.6028,0.11
27.384681,0.0136,0.0011,9.6077,0.11
27.400164,0.0208,0.0032,9.6247,0.13
27.404088,0.0002,0.0009,9.6096,0.11
27.416051,0.0042,0.0071,9.6096,0.11
27.432279,-0.0165,-0.0035,9.6246,0.13
27.433929,-0.026,0.0008,9.6197,0.12
27.451225,-0.0138,-0.0066,9.6126,0.11
27.453956,-0.0186,0.0119,9.6196,0.12
27.467319,-0.0219,0.0115,9.5975,0.1
27.483216,0.0111,0.0215,9.5577,0.06
27.483941,0.033,0.024,9.5885,0.1
27.49972,0.0335,0.018,9.6045,0.11
27.504126,0.0195,-0.0074,9.6194,0.12
27.522212,0.0281,-0.0196,9.6483,0.15
27.527887,0.0113,-0.0231,9.6693,0.17
27.538626,0.0113,-0.034,9.6624,0.17
27.554659,-0.006,-0.0289,9.6643,0.17
27.55609,-0.0256,-0.0623,9.6914,0.2
27.570748,-0.0194,-0.0683,9.6555,0.17
27.573881,0.0174,-0.0327,9.6245,0.13
27.586939,0.0264,0.0354,9.5647,0.08
27.604097,0.0275,0.0858,9.5099,0.09
27.604832,0.0181,0.1115,9.4669,0.12
27.622416,-0.004,0.1273,9.4329,0.14
27.623739,0.0177,0.0658,9.44,0.09
27.639762,0.023,0.0007,9.5219,0.03
27.656429,-0.0005,-0.0496,9.5928,0.11
27.658008,-0.0077,-0.058,9.6606,0.17
27.673724,-0.0225,-0.0779,9.7226,0.24
27.674688,-0.0215,-0.0465,9.7225,0.23
27.692135,-0.0209,-0.0274,9.7154,0.22
27.695459,0.0032,-0.015,9.6765,0.18
27.713053,0.005,0.0187,9.6285,0.13
27.713914,0.033,0.0257,9.6005,0.11
27.733536,0.025,0.0323,9.5497,0.06
27.734411,0.0213,0.0315,9.5238,0.04
27.756078,0.0087,0.0052,9.5459,0.05
27.757419,-0.0153,0.0063,9.5578,0.06
27.772035,-0.02,-0.0044,9.5717,0.07
27.787875,-0.0132,0.0006,9.6095,0.11
27.803998,-0.0142,-0.0203,9.5785,0.08
27.820816,0.0195,0.0177,9.6243,0.13
27.836158,0.0409,-0.0151,9.6454,0.15
27.852891,0.027,0.011,9.6025,0.11
27.854029,0.0053,0.0099,9.6094,0.11
27.869037,-0.0159,0.0159,9.6333,0.14
27.873326,-0.0388,0.0052,9.6453,0.15
27.884975,-0.0261,-0.0161,9.6143,0.12
27.901383,0.0083,-0.0093,9.6092,0.11
27.90431,-0.0085,0.0261,9.5852,0.09
27.919661,0.0332,0.033,9.5593,0.08
27.924246,0.0681,0.015,9.5733,0.1
27.940868,0.0491,-0.0,9.6093,0.12
27.943354,0.0561,-0.0306,9.6363,0.15
27.956853,0.0518,-0.0266,9.6833,0.19
27.972761,0.0405,-0.0205,9.6832,0.19
27.973432,0.0063,-0.0083,9.6931,0.19
27.988984,-0.0341,-0.0224,9.6911,0.2
27.994141,-0.063,-0.0588,9.6881,0.21
28.005606,-0.0518,-0.0647,9.6762,0.19
28.021725,-0.0313,-0.0409,9.6913,0.2
28.023177,0.0046,-0.008,9.6075,0.11
28.03913,0.0433,0.0382,9.5578,0.08
28.043296,0.0503,0.092,9.4899,0.11
28.055815,0.0354,0.1106,9.443,0.13
28.072017,0.0281,0.0963,9.4521,0.11
28.073151,0.0133,0.0414,9.4711,0.05
28.088254,-0.002,-0.0177,9.555,0.06
28.093102,-0.0281,-0.0614,9.6247,0.14
28.104533,-0.0003,-0.091,9.6957,0.22
28.124059,-0.0193,-0.092,9.7126,0.23
28.124775,-0.0223,-0.1105,9.6985,0.23
28.14237,-0.0059,-0.0449,9.7035,0.21
28.143282,0.0162,0.0057,9.6724,0.17
28.162914,0.0297,0.0202,9.6196,0.12
28.164725,0.0268,0.0185,9.5547,0.06
28.17879,0.0118,0.0266,9.5578,0.06
28.196716,0.0197,0.0195,9.5528,0.06
28.214267,0.0183,-0.0176,9.579,0.08
28.226342,-0.0021,0.0096,9.6029,0.1
28.242111,-0.0133,0.0133,9.6128,0.11
28.242809,0.0082,-0.006,9.5958,0.1
28.258198,0.0254,-0.0189,9.5887,0.09
28.274725,0.0205,0.0105,9.6028,0.11
28.275637,0.0,0.0104,9.6147,0.12
28.29044,0.0071,-0.0087,9.6047,0.11
28.292783,-0.0026,0.0024,9.6096,0.11
28.306607,-0.0023,0.0105,9.6197,0.12
28.323177,0.0009,0.0194,9.6336,0.14
28.323865,-0.0188,0.0235,9.6147,0.12
28.338941,-0.0157,0.0032,9.6076,0.11
28.342917,-0.0019,0.0183,9.6006,0.1
28.354873,-0.0139,0.0068,9.5817,0.08
28.362986,0.0285,0.0029,9.5817,0.09
28.372782,0.0456,-0.0192,9.6006,0.11
28.388894,0.0258,-0.0243,9.6285,0.13
28.392815,0.0106,-0.0206,9.6884,0.19
28.404954,0.0289,-0.0381,9.7193,0.22
28.412856,0.0215,-0.0512,9.7342,0.24
28.422749,0.0004,-0.0067,9.7242,0.22
28.438582,-0.0193,-0.0407,9.6812,0.19
28.442699,0.003,-0.0594,9.6934,0.2
28.455262,-0.009,-0.055,9.6726,0.18
28.462772,0.0126,-0.0203,9.604800000000001,0.11
28.473914,0.0428,0.0433,9.5102,0.06
28.489114,0.0646,0.0961,9.4453,0.13
28.492635,0.0357,0.1479,9.4265,0.17
28.505353,0.0052,0.1263,9.4214,0.15
28.512708,-0.0222,0.0654,9.4743,0.07
28.523053,-0.0135,-0.0088,9.577,0.08
28.533398,-0.0021,-0.0725,9.6629,0.18
28.542606,-0.018,-0.1263,9.7487,0.28
28.558137,0.0115,-0.112,9.8106,0.33
28.562431,0.0115,-0.093,9.7757,0.29
28.574292,0.0064,-0.0491,9.7438,0.25
28.5915,0.0199,-0.0114,9.6918,0.19
28.592585,-0.0046,0.0228,9.6248,0.13
28.610669,0.0016,0.0336,9.548,0.06
28.612313,-0.0014,0.0511,9.5141,0.05
28.626371,0.0075,0.0398,9.4953,0.04
28.642072,-0.0102,0.028,9.5262,0.04
28.642836,-0.0201,0.0052,9.5262,0.03
28.65941,-0.005,-0.0002,9.5553,0.06
28.663008,-0.0027,-0.0033,9.5602,0.06
28.674438,0.0097,0.0106,9.574,0.08
28.691347,0.0273,-0.0065,9.605,0.11
28.693381,0.0232,-0.0193,9.6409,0.14
28.713849,0.0308,-0.0054,9.6509,0.15
28.71568,-0.0014,-0.0228,9.6487,0.15
28.728229,0.0012,-0.0341,9.6817,0.18
28.732347,0.0089,-0.0176,9.6837,0.18
28.744221,0.007,-0.0356,9.6726,0.18
28.767642,0.0038,-0.0155,9.6508,0.15
28.783922,-0.0154,0.025,9.5838,0.09
28.799684,0.0008,0.0371,9.5599,0.07
28.815437,-0.0014,0.0252,9.5259,0.04
28.816462,0.0223,0.0265,9.555,0.06
28.831312,0.0245,0.0097,9.5978,0.1
28.831952,0.044,-0.0454,9.6438,0.16
28.847251,0.0498,-0.0448,9.6767,0.19
28.863387,0.0406,-0.0413,9.6796,0.19
28.864073,0.0103,-0.0305,9.6866,0.19
28.87927,-0.0371,-0.0289,9.7076,0.21
28.882093,-0.0442,-0.0778,9.7295,0.25
28.895386,-0.0234,-0.0813,9.6816,0.2
28.911088,-0.0129,-0.0085,9.6388,0.14
28.912193,0.0321,0.0356,9.5701,0.08
28.926935,0.0449,0.0817,9.5002,0.09
28.93206,0.0485,0.1094,9.4554,0.13
28.94261,0.0262,0.115,9.4285,0.14
28.959104,0.0006,0.0776,9.4505,0.09
28.961976,-0.0133,0.0056,9.5003,0.01
28.977434,-0.0263,-0.0354,9.6152,0.12
28.982094,-0.0512,-0.0695,9.68,0.2
28.993354,-0.0344,-0.0887,9.7058,0.23
29.010658,-0.0166,-0.0926,9.7418,0.26
29.011931,-0.0012,-0.0571,9.6938,0.2
29.027496,0.0248,-0.0275,9.6869,0.19
29.031968,0.0292,0.0041,9.6319,0.14
29.044102,0.0254,0.0139,9.5889,0.09
29.060782,0.0156,0.024,9.565,0.07
29.062186,-0.0019,0.0133,9.5552,0.06
29.077011,0.0026,0.0061,9.5411,0.04
29.081917,-0.0007,0.0281,9.5621,0.07
29.093205,0.0069,0.0254,9.5602,0.07
29.10281,0.0015,0.007,9.5673,0.07
29.11222,0.0064,0.0147,9.5823,0.08
29.127875,-0.0035,0.0107,9.6132,0.11
29.131699,0.0087,0.0219,9.5962,0.1
29.145466,0.0143,0.0208,9.6101,0.11
29.152601,0.0119,0.0017,9.613,0.11
29.162187,0.0058,-0.0116,9.629,0.13
29.180141,0.0062,-0.0165,9.603,0.1
29.181789,0.0214,-0.0075,9.617,0.12
29.196029,-0.0102,-0.0116,9.6289,0.13
29.202695,-0.01,-0.0027,9.6009,0.1
29.215024,-0.0098,-0.0056,9.603,0.1
29.232937,-0.025,0.0193,9.6129,0.12
29.233753,-0.0203,0.0404,9.5819,0.09
29.250162,0.009,0.0185,9.5618,0.07
29.251841,0.0141,0.0078,9.5858,0.09
29.267204,0.0166,-0.0209,9.6367,0.14
29.283929,0.0342,-0.04,9.6456,0.15
29.284745,0.0485,-0.0417,9.6916,0.2
29.313597,0.035,-0.0601,9.6795,0.19
29.331892,-0.0366,-0.0801,9.6935,0.21
29.347991,-0.0004,-0.0155,9.6318,0.13
29.364232,0.0019,0.0117,9.579,0.08
29.380239,0.0527,0.12,9.4574,0.14
29.395827,0.0277,0.079,9.4236,0.11
29.411477,0.0358,0.0136,9.5024,0.04
29.412119,-0.0058,-0.0364,9.5982,0.1
29.427171,-0.0098,-0.0864,9.6941,0.21
29.442773,-0.0257,-0.1101,9.744,0.27
29.443417,-0.0503,-0.0892,9.7609,0.28
29.458186,-0.0164,-0.0857,9.7368,0.25
29.473972,-0.0042,-0.0211,9.6888,0.19
29.474647,-0.0015,0.0239,9.6338,0.14
29.490319,0.0282,0.0173,9.584,0.09
29.49173,0.0219,0.0123,9.5362,0.04
29.507133,0.0207,0.0181,9.5243,0.04
29.523758,0.006,0.0158,9.5173,0.02
29.52443,0.0095,0.0144,9.5533,0.06
29.540141,-0.0042,-0.0017,9.5314,0.03
29.541215,0.0032,-0.0056,9.5313,0.03
29.557589,0.0036,0.0075,9.6033,0.1
29.574729,0.0109,0.0088,9.5962,0.1
29.590825,0.0098,0.0061,9.613,0.11
29.607992,0.0009,-0.0305,9.62,0.12
29.624265,0.0163,-0.0094,9.615,0.12
29.625029,0.0138,-0.0167,9.6169,0.12
29.641337,-0.0066,-0.0107,9.6128,0.11
29.642119,-0.011,0.01,9.6169,0.12
29.659478,-0.0205,0.0157,9.5858,0.09
29.675115,-0.0005,0.0176,9.5978,0.1
29.676062,0.0062,0.0289,9.5789,0.08
29.691898,-0.0033,0.0069,9.5528,0.05
29.692592,0.0122,-0.0041,9.5718,0.07
29.712357,0.0097,-0.0073,9.5857,0.09
29.712987,0.0153,-0.0289,9.6126,0.12
29.732577,0.0488,-0.0306,9.6526,0.16
29.733247,0.0572,-0.0606,9.6695,0.19
29.74844,0.0287,-0.0308,9.7005,0.2
29.766163,-0.0069,-0.0122,9.6724,0.17
29.781837,-0.0455,-0.0576,9.6626,0.18
29.797798,0.0009,-0.0035,9.5599,0.06
29.814605,0.023,0.061,9.5141,0.07
29.815224,0.0335,0.1077,9.4743,0.12
29.830344,0.0378,0.1296,9.4234,0.16
29.831034,-0.0025,0.1013,9.4073,0.14
29.846053,-0.0016,0.0375,9.4762,0.04
29.86276,0.0065,-0.0294,9.5701,0.08
29.863374,-0.0163,-0.0796,9.6869,0.2
29.881143,-0.0176,-0.1002,9.7228,0.24
29.881782,-0.0151,-0.0985,9.7487,0.27
29.897417,-0.0047,-0.075,9.7536,0.26
29.913452,-0.0074,-0.041,9.6887,0.19
29.914108,0.0046,-0.0146,9.6527,0.15
29.931402,0.026,0.0221,9.6149,0.12
29.932132,0.0183,0.0412,9.558,0.07
29.947429,-0.0092,0.0177,9.546,0.05
29.964759,0.0098,0.0222,9.514,0.03
29.965473,0.006,0.0223,9.5141,0.03
29.980726,-0.0115,0.014,9.5531,0.06
29.981387,-0.0134,0.0003,9.5672,0.07
29.997134,-0.02,0.0164,9.5551,0.06
30.01352,-0.0122,0.0027,9.584,0.08
30.014178,0.0241,0.0089,9.591,0.09
30.03001,0.0332,0.0148,9.5929,0.1
30.030723,0.0245,0.0003,9.6199,0.12
30.045966,0.0367,-0.0081,9.6149,0.12
30.062885,0.0268,-0.0228,9.6098,0.12
30.063617,0.0182,-0.0034,9.6078,0.11
30.078819,-0.0216,-0.0045,9.6168,0.12
30.094869,-0.0254,-0.0017,9.6216,0.12
30.095725,-0.0531,0.0189,9.6126,0.13
30.111714,-0.0303,0.0078,9.6046,0.11
30.11238,-0.0059,0.0072,9.5906,0.09
30.128148,0.0016,0.0216,9.5816,0.08
30.145269,0.0021,-0.0085,9.5715,0.07
30.145959,0.0264,0.0066,9.5714,0.08
30.161925,0.0315,-0.0055,9.6074,0.11
30.162681,0.0301,-0.0206,9.6453,0.15
30.178674,0.0325,-0.0429,9.6623,0.17
30.194972,0.004,-0.0469,9.6812,0.19
30.195911,-0.0216,-0.035,9.6832,0.19
30.212598,-0.0196,-0.0734,9.7051,0.22
30.213298,-0.0272,-0.0865,9.6882,0.21
30.229115,-0.0095,-0.0437,9.6384,0.15
30.245457,0.0314,-0.011,9.5906,0.1
30.262301,0.0499,0.0944,9.4449,0.12
30.279218,0.0141,0.1089,9.4329,0.13
30.280555,-0.0105,0.0443,9.4709,0.05
30.296059,0.0027,-0.0233,9.5787,0.08
30.313162,-0.0112,-0.0577,9.6645,0.17
30.313895,-0.0462,-0.078,9.7124,0.23
30.330002,-0.0339,-0.0733,9.7434,0.26
30.33078,-0.0269,-0.0643,9.7434,0.25
30.346586,-0.0168,-0.0535,9.6914,0.2
30.363181,-0.0149,-0.0032,9.6454,0.15
30.363938,0.0134,-0.0056,9.5855,0.09
30.380402,0.0174,0.028,9.5256,0.04
30.381114,0.007,0.0313,9.5136,0.03
30.396844,-0.0021,-0.0025,9.5286,0.03
30.413548,-0.0051,0.0102,9.5526,0.05
30.414527,0.0148,-0.0004,9.5886,0.09
30.430692,0.017,-0.0227,9.5817,0.09
30.431647,0.0379,0.0002,9.5786,0.09
30.448633,0.0273,0.0062,9.6196,0.12
30.45023,0.0276,0.0018,9.5955,0.1
30.464162,0.0129,0.0024,9.5974,0.1
30.481862,0.0198,-0.0002,9.5974,0.1
30.487144,0.0111,-0.0002,9.5854,0.09
30.498072,0.0065,-0.0123,9.5974,0.1
30.514408,-0.0096,0.014,9.5973,0.1
30.515142,-0.0275,0.0182,9.6123,0.12
30.532215,-0.0129,0.0007,9.6283,0.13
30.532863,0.0072,-0.0097,9.6122,0.11
30.54853,-0.0148,-0.007,9.6283,0.13
30.565136,-0.0028,0.0253,9.6002,0.1
30.565813,-0.0078,0.0196,9.5883,0.09
30.572099,0.0039,0.0127,9.5403,0.04
30.584226,0.0156,0.0167,9.5493,0.05
30.599601,0.0228,-0.0016,9.5852,0.09
30.600265,0.0099,-0.0206,9.6211,0.12
30.616755,0.0275,-0.0307,9.6761,0.18
30.636306,0.0249,-0.0392,9.6831,0.19
30.652346,-0.0233,-0.051,9.6761,0.18
30.668157,-0.0271,-0.0589,9.6553,0.17
30.686063,0.0004,-0.0052,9.6244,0.12
30.686863,0.0297,0.0372,9.5577,0.07
30.700733,0.0466,0.0762,9.4859,0.09
30.701443,0.0312,0.1216,9.447,0.14
30.720889,0.0021,0.1047,9.419,0.13
30.721599,0.0162,0.054,9.4639,0.07
30.7382,-0.0136,-0.0324,9.5458,0.06
30.740524,-0.0008,-0.0729,9.6246,0.14
30.755919,-0.0327,-0.0965,9.6885,0.21
30.773235,-0.0157,-0.0969,9.7345,0.25
30.774351,0.0,-0.083,9.6933,0.21
30.794141,0.0262,-0.0338,9.6624,0.17
30.794917,0.0169,0.0066,9.6364,0.14
30.811009,0.0181,0.0248,9.5925,0.1
30.811701,0.019,0.0344,9.5496,0.06
30.827904,0.011,0.0192,9.5357,0.04
30.843824,-0.0036,0.0191,9.5188,0.03
30.844622,-0.007,-0.0016,9.5428,0.04
30.86047,0.0128,-0.0051,9.5647,0.07
30.862143,0.0334,-0.0007,9.5648,0.07
30.876816,0.0195,-0.0233,9.5647,0.07
30.879677,-0.0135,-0.0055,9.5736,0.08
30.893035,-0.0314,0.0089,9.6095,0.11
30.909486,-0.0235,0.0211,9.6045,0.11
30.910113,0.0156,0.0139,9.5835,0.09
30.925629,-0.0009,-0.0031,9.5785,0.08
30.929289,0.002,0.013,9.5974,0.1
30.941533,0.0147,0.0089,9.5883,0.09
30.958303,0.0272,-0.0221,9.5973,0.1
30.959361,-0.0148,-0.0241,9.6043,0.11
30.975929,0.0079,0.0047,9.6503,0.15
30.979689,0.0175,0.0064,9.6451,0.15
30.992351,-0.0144,0.0162,9.6241,0.13
31.009559,-0.0454,-0.0009,9.607,0.12
31.010227,-0.0062,0.0114,9.588,0.09
31.025875,-0.0058,-0.0144,9.5609,0.06
31.030092,0.0113,-0.0197,9.59,0.09
31.045195,0.0083,-0.0202,9.6309,0.13
31.04962,0.0114,-0.0238,9.6718,0.17
31.06038,0.0133,0.0076,9.6619,0.16
31.077268,-0.0205,-0.0137,9.6279,0.13
31.079076,-0.0275,-0.0411,9.6639,0.17
31.093744,-0.0231,-0.0745,9.6569,0.18
31.099588,-0.0051,-0.0502,9.645,0.15
31.110205,0.0296,-0.0049,9.6001,0.1
31.128388,0.0751,0.033,9.5215,0.08
31.130034,0.0775,0.0698,9.5046,0.1
31.14534,0.069,0.1085,9.4469,0.14
31.149522,0.0328,0.0992,9.4278,0.13
31.162008,-0.0002,0.0479,9.4757,0.05
31.179242,-0.0398,-0.0104,9.5645,0.08
31.179916,-0.0002,-0.0406,9.6505,0.16
31.196734,-0.0216,-0.0783,9.7124,0.23
31.199309,-0.0229,-0.0807,9.7553,0.27
31.215191,-0.0393,-0.0549,9.7343,0.24
31.232436,-0.0202,-0.0273,9.6722,0.18
31.233191,0.0202,0.01,9.6333,0.14
31.249987,0.0384,0.0291,9.5884,0.1
31.250781,0.0188,0.0271,9.5696,0.08
31.267527,0.0016,0.014,9.5426,0.04
31.285637,-0.0055,-0.0167,9.5375,0.04
31.286394,-0.039,0.0147,9.5495,0.06
31.303243,-0.0238,0.0203,9.5715,0.08
31.304094,-0.0027,-0.0094,9.5355,0.04
31.32032,0.0024,0.0039,9.5815,0.08
31.321087,0.0006,-0.0027,9.6044,0.1
31.340418,0.03,-0.0082,9.6283,0.13
31.341235,0.0342,-0.0141,9.6093,0.12
31.358846,0.0343,-0.0184,9.5833,0.09
31.360026,0.0307,-0.0033,9.6242,0.13
31.376977,0.0021,-0.0184,9.6503,0.15
31.393564,-0.0142,-0.007,9.5971,0.1
31.394345,-0.0118,0.0087,9.6192,0.12
31.4105,-0.0254,0.0004,9.6072,0.11
31.411363,-0.0135,0.0042,9.5881,0.09
31.427302,-0.0038,0.0052,9.5783,0.08
31.44381,-0.0067,0.0303,9.5592,0.07
31.444532,0.0123,0.028,9.5762,0.08
31.460846,0.0108,0.0169,9.5832,0.09
31.462641,0.0183,-0.0117,9.5831,0.09
31.47684,0.0167,-0.0123,9.609,0.11
31.495324,0.0449,-0.0355,9.655,0.17
31.496372,0.0347,-0.0594,9.7049,0.22
31.52109,0.0149,-0.0655,9.6808,0.19
31.537457,-0.0305,-0.0409,9.6791,0.19
31.544914,-0.0172,-0.0389,9.6523,0.16
31.556536,0.0136,0.0053,9.5906,0.09
31.572629,0.04,0.0628,9.5137,0.08
31.573248,0.0402,0.1139,9.423,0.14
31.589543,0.0324,0.1359,9.4041,0.17
31.590141,0.0393,0.1106,9.3991,0.15
31.606924,0.0092,0.0367,9.4519,0.06
31.622886,0.0104,-0.0135,9.5788,0.08
31.623641,-0.0189,-0.0828,9.6605,0.18
31.640224,-0.0433,-0.1084,9.7315,0.26
31.640869,-0.0353,-0.0974,9.7603,0.28
31.657036,-0.0328,-0.0693,9.7433,0.26
31.676854,-0.0092,-0.0049,9.6864,0.19
31.677513,0.0069,0.0226,9.6165,0.12
31.695219,0.036,0.0203,9.5339,0.05
31.708993,0.016,0.0263,9.5289,0.04
31.710401,-0.0117,0.0194,9.51,0.02
31.723782,-0.0075,-0.0055,9.5498,0.05
31.743466,-0.0161,-0.0162,9.5819,0.08
31.75871,-0.006,-0.0145,9.5857,0.09
31.774251,0.0263,-0.0064,9.5927,0.1
31.795696,0.0025,-0.013,9.5886,0.09
31.812137,0.0071,-0.0017,9.6027,0.1
31.82691,-0.013,0.0012,9.5786,0.08
31.843,-0.0036,0.009,9.5855,0.09
31.843669,-0.0121,0.0059,9.5715,0.07
31.859223,-0.0282,0.0104,9.5955,0.1
31.85988,0.0082,0.0019,9.6094,0.11
31.877311,-0.0015,0.0186,9.5594,0.06
31.878391,0.0088,0.0238,9.5575,0.06
31.893253,0.0144,0.0126,9.5403,0.04
31.911717,0.0156,0.0158,9.5783,0.08
31.913551,-0.0136,-0.0012,9.636,0.14
31.934946,0.0205,-0.044,9.679,0.19
31.935906,0.0263,-0.0452,9.6949,0.2
31.954164,0.0097,-0.0395,9.6979,0.2
31.954872,-0.0214,-0.0257,9.6669,0.17
31.969991,-0.0223,-0.0494,9.6599,0.17
31.970708,-0.0473,-0.0676,9.669,0.19
31.985965,-0.0129,-0.0133,9.6402,0.14
31.987964,0.0399,0.0221,9.5714,0.08
32.001692,0.0477,0.0464,9.5236,0.07
32.017562,0.0313,0.0962,9.4498,0.11
32.018844,0.0218,0.1251,9.4448,0.14
32.033775,-0.0015,0.0899,9.4378,0.11
32.03684,-0.0308,0.0189,9.4786,0.04
32.050307,-0.0226,-0.0502,9.5594,0.08
32.066362,-0.013,-0.0609,9.6643,0.18
32.067749,-0.0074,-0.0838,9.7463,0.26
32.085167,-0.004,-0.1012,9.7362,0.26
32.087817,-0.0115,-0.0709,9.7171,0.23
32.10128,0.0038,-0.0112,9.6982,0.2
32.117519,0.0243,-0.0071,9.645199999999999,0.15
32.1182,0.038,0.0121,9.5853,0.09
32.133719,0.04,0.012,9.5375,0.06
32.138138,0.0377,0.0374,9.5287,0.06
32.15055,0.001,0.0247,9.5049,0.03
32.166546,-0.0085,0.0131,9.5071,0.02
32.167732,-0.0133,0.0138,9.5551,0.06
32.184172,-0.0285,0.0078,9.586,0.09
32.18774,-0.0184,0.0059,9.577,0.08
32.200785,-0.0109,-0.0049,9.562,0.06
32.208226,0.0085,-0.004,9.572,0.07
32.218489,0.0209,-0.0101,9.6049,0.11
32.235022,0.0143,-0.0027,9.6128,0.11
32.236867,0.0046,-0.0047,9.6128,0.11
32.251727,0.0128,0.0,9.6269,0.13
32.258291,0.0078,-0.0056,9.6078,0.11
32.268541,-0.0192,0.0053,9.6008,0.1
32.285851,-0.0212,0.0062,9.5858,0.09
32.287702,0.0311,0.0219,9.608,0.11
32.303575,0.0156,0.0259,9.574,0.08
32.307965,0.0037,0.0276,9.562,0.07
32.321413,0.0024,0.0112,9.5839,0.08
32.338252,0.003,-0.0062,9.5909,0.09
32.339018,0.0255,-0.0161,9.6198,0.12
32.356109,0.0368,-0.0331,9.6457,0.15
32.357453,0.0372,-0.0621,9.6557,0.17
32.373419,0.0302,-0.0489,9.6216,0.13
32.389698,-0.0095,-0.0433,9.6436,0.15
32.390514,-0.0316,-0.0366,9.6456,0.15
32.407238,-0.0417,-0.0781,9.6486,0.17
32.408111,-0.0538,-0.0745,9.6336,0.16
32.42411,-0.0139,-0.0123,9.6078,0.11
32.440649,0.0206,0.0387,9.541,0.06
32.441362,0.0476,0.0983,9.4713,0.11
32.458263,0.0225,0.1274,9.4404,0.14
32.459038,0.01,0.1238,9.4265,0.14
32.474733,0.015,0.0729,9.4474,0.09
32.491577,0.0107,-0.0138,9.5142,0.02
32.492312,-0.0003,-0.052,9.5931,0.11
32.509297,-0.0249,-0.0793,9.6819,0.2
32.509989,-0.0169,-0.1178,9.7319,0.26
32.525513,-0.0071,-0.0886,9.7558,0.27
32.542691,-0.0069,-0.063,9.7438,0.25
32.54341,0.0029,-0.0276,9.6798,0.18
32.558704,0.0346,0.0053,9.6249,0.13
32.559446,0.0404,0.0216,9.5651,0.08
32.577394,0.0028,0.0453,9.5344,0.06
32.57935,-0.0033,0.0114,9.5144,0.02
32.593948,-0.0023,0.0162,9.5025,0.02
32.610969,-0.0302,0.0185,9.5076,0.04
32.611797,-0.0163,0.0123,9.5414,0.05
32.620257,0.0076,0.0183,9.5675,0.07
32.63429,-0.0108,0.0024,9.5844,0.09
32.652722,-0.0036,-0.0044,9.5795,0.08
32.65359,0.0045,0.0067,9.6102,0.11
32.657039,0.0098,-0.0114,9.5962,0.1
32.669656,0.0149,-0.0109,9.5932,0.1
32.677863,-0.0085,-0.0247,9.6082,0.11
32.688214,0.0057,-0.0184,9.6322,0.13
32.70457,-0.0113,0.0131,9.6172,0.12
32.707709,-0.0268,0.0028,9.5932,0.1
32.720829,-0.0246,0.0037,9.5822,0.09
32.727516,-0.0028,0.0216,9.5703,0.07
32.737296,-0.0177,0.0213,9.5532,0.06
32.756564,-0.0125,0.0199,9.5621,0.07
32.757335,0.0099,-0.0126,9.5342,0.04
32.772994,0.0224,0.0014,9.574,0.08
32.777437,0.0183,-0.0271,9.627,0.13
32.790906,0.0217,-0.0371,9.6338,0.14
32.807694,0.0415,-0.0357,9.6887,0.2
32.808369,0.0299,-0.0419,9.6887,0.2
32.823806,-0.0059,-0.0371,9.6887,0.19
32.827376,-0.0391,-0.0598,9.6767,0.19
32.840237,-0.026,-0.0819,9.6698,0.19
32.857859,-0.0106,-0.063,9.675,0.19
32.858741,0.0118,-0.0151,9.5961,0.1
32.875527,0.0574,0.0445,9.5143,0.07
32.876953,0.0288,0.0954,9.4556,0.11
32.892171,0.0309,0.1131,9.3957,0.16
32.909776,0.0143,0.0775,9.3976,0.13
32.910577,-0.0019,0.041,9.4885,0.04
32.927438,-0.0127,-0.0183,9.5464,0.05
32.928086,-0.0156,-0.0732,9.6341,0.15
32.945654,-0.0149,-0.1152,9.7401,0.27
32.946831,-0.0309,-0.1131,9.7539,0.28
32.962869,-0.0182,-0.0653,9.723,0.23
32.980774,-0.0344,-0.0402,9.6919,0.2
32.981497,0.0068,0.0088,9.6439,0.14
32.998,0.0185,0.0229,9.579,0.08
32.998773,0.0247,0.0207,9.55,0.06
33.016393,0.0216,0.0175,9.5192,0.03
33.034282,-0.023,0.0173,9.5262,0.04
33.035018,-0.0271,-0.0019,9.5412,0.05
33.051724,-0.0253,-0.0026,9.5502,0.06
33.052387,-0.0064,0.0056,9.5742,0.07
33.070603,0.0175,-0.0072,9.5862,0.09
33.071329,-0.001,0.0009,9.6081,0.11
33.087845,-0.0053,0.0087,9.6171,0.12
33.088705,0.0002,-0.0095,9.641,0.14
33.106068,-0.0065,-0.0091,9.5889,0.09
33.106986,0.0143,-0.0091,9.5791,0.08
33.123478,0.0139,-0.0115,9.605,0.11
33.141857,-0.0019,-0.0085,9.5551,0.06
33.142675,-0.0183,0.0121,9.586,0.09
33.159802,-0.0008,0.011,9.596,0.1
33.16076,-0.0173,0.022,9.603,0.11
33.176171,-0.0117,0.0098,9.605,0.11
33.176979,-0.0026,0.0217,9.5959,0.1
33.192599,0.0212,0.02,9.5769,0.08
33.209134,0.0094,0.0091,9.579,0.08
33.209944,0.0194,-0.0369,9.5839,0.09
33.231297,0.0251,-0.0534,9.6148,0.13
33.232072,0.0023,-0.0427,9.6726,0.18
33.248302,0.022,-0.0368,9.6696,0.17
33.248959,0.0005,-0.0314,9.6626,0.17
33.266632,-0.0303,-0.0179,9.6646,0.17
33.267283,-0.0445,-0.0476,9.6695,0.18
33.282777,-0.0148,-0.0511,9.6628,0.17
33.300612,0.0074,-0.0175,9.5929,0.09
33.301282,0.0434,-0.0031,9.5431,0.06
33.318374,0.063,0.0599,9.5003,0.09
33.319153,0.042,0.0951,9.4454,0.12
33.33587,0.0092,0.1158,9.4195,0.14
33.337482,0.0098,0.0778,9.4354,0.1
33.357838,-0.0128,0.029,9.5002,0.03
33.358587,-0.0166,-0.0295,9.613,0.12
33.375249,-0.0178,-0.0823,9.6919,0.21
33.3766,-0.0267,-0.1106,9.7319,0.26
33.392843,0.0026,-0.0858,9.7348,0.25
33.410171,0.0027,-0.0536,9.6988,0.21
33.410916,0.0126,-0.0078,9.6678,0.17
33.427448,0.0024,0.0183,9.5929,0.09
33.428161,0.0158,0.0227,9.5649,0.07
33.444552,-0.0007,0.0208,9.526,0.03
33.461941,-0.0091,0.018,9.4951,0.02
33.462744,0.0025,0.01,9.5051,0.01
33.478197,0.0023,0.0137,9.5222,0.03
33.479002,-0.0094,0.0049,9.541,0.04
33.495492,0.0059,0.0157,9.5701,0.07
33.496185,-0.0006,-0.0068,9.579,0.08
33.512984,-0.0102,-0.0083,9.6009,0.1
33.529682,0.0001,0.0244,9.5959,0.1
33.530393,0.0189,0.01,9.5929,0.1
33.546711,0.009,-0.0251,9.5959,0.1
33.547415,-0.0076,0.0018,9.5978,0.1
33.563935,0.0028,0.005,9.6078,0.11
33.581601,-0.0066,-0.0097,9.6078,0.11
33.58235,-0.0131,-0.0003,9.6168,0.12
33.599169,-0.0078,0.0057,9.6097,0.11
33.600158,-0.0145,0.005,9.5857,0.09
33.616852,-0.0208,0.0135,9.5766,0.08
33.617846,-0.0203,0.0114,9.5817,0.08
33.633658,-0.016,0.0141,9.5547,0.06
33.64081,-0.0122,-0.0052,9.5595,0.06
33.653685,0.0363,-0.013,9.5925,0.1
33.668912,0.0606,-0.032,9.6574,0.17
33.669589,0.0606,-0.0424,9.6603,0.18
33.685161,0.0296,-0.0277,9.6603,0.17
33.685873,-0.0115,-0.0297,9.6504,0.15
33.701172,-0.0387,-0.0335,9.6625,0.17
33.717176,-0.0396,-0.0676,9.6484,0.17
33.71789,-0.0472,-0.0762,9.6046,0.14
33.734937,0.0183,-0.0171,9.5647,0.07
33.736032,0.0354,0.051,9.5239,0.07
33.750742,0.0385,0.0923,9.4622,0.11
33.768531,0.047,0.1095,9.4233,0.14
33.769257,0.0158,0.1097,9.4163,0.14
33.786053,0.0044,0.0453,9.4792,0.05
33.787621,0.0006,-0.0242,9.553,0.06
33.801052,0.0037,-0.0695,9.6439,0.16
33.818259,-0.0109,-0.117,9.7228,0.25
33.819799,-0.0128,-0.1152,9.7197,0.25
33.834109,-0.009,-0.0557,9.7055,0.21
33.837087,-0.0188,-0.0218,9.6796,0.18
33.851472,0.0097,-0.0054,9.6246,0.13
33.86779,0.0228,0.0041,9.5428,0.05
33.868499,0.0217,0.0379,9.5288,0.05
33.887888,0.0138,0.0445,9.534,0.06
33.888653,0.0129,0.02,9.524,0.03
33.904354,-0.0133,0.0036,9.514,0.02
33.925329,-0.0037,0.0141,9.546,0.05
33.926176,0.0066,0.0113,9.5599,0.06
33.940867,-0.0113,0.0043,9.5768,0.08
33.956972,-0.0101,0.0035,9.5767,0.08
33.976904,-0.0083,0.0123,9.6076,0.11
33.9791,0.0078,0.0053,9.5836,0.08
34.000649,0.018,-0.009,9.6005,0.1
34.001998,-0.0056,-0.0126,9.5925,0.09
34.017086,-0.0033,0.0052,9.5765,0.08
34.017724,-0.0149,0.0123,9.6005,0.1
34.033783,-0.0165,0.0154,9.5764,0.08
34.05124,-0.0086,0.0032,9.5545,0.06
34.068826,-0.0014,0.0038,9.5424,0.04
34.085844,0.0403,-0.0141,9.5784,0.09
34.102693,0.0177,-0.0444,9.6262,0.13
34.105669,0.0211,-0.0432,9.66,0.17
34.120319,-0.0008,-0.026,9.6621,0.16
34.138707,-0.0319,-0.0335,9.6621,0.17
34.139381,-0.0462,-0.0666,9.6951,0.21
34.155916,-0.0195,-0.0554,9.667300000000001,0.18
34.156968,0.0031,-0.0205,9.5834,0.09
34.173875,0.037,0.0214,9.5236,0.05
34.175274,0.0566,0.0809,9.4709,0.1
34.193328,0.0431,0.124,9.388,0.17
34.210076,0.0344,0.1203,9.3851,0.17
34.228917,0.0022,0.009,9.4809,0.02
34.246726,-0.0289,-0.0989,9.6936,0.22
34.24747,-0.043,-0.1065,9.7225,0.25
34.262949,-0.0295,-0.096,9.7314,0.25
34.279537,-0.0028,-0.0573,9.6983,0.21
34.280181,0.014,-0.0087,9.6523,0.15
34.295067,0.0203,0.0214,9.5974,0.1
34.295748,0.0092,0.0258,9.5666,0.07
34.314744,0.0179,0.0338,9.5406,0.06
34.31547,-0.0119,0.0276,9.5167,0.03
34.329648,-0.0265,0.0066,9.5188,0.03
34.344137,-0.0246,0.0158,9.5048,0.03
34.344797,-0.0126,0.0146,9.5308,0.04
34.360591,0.0142,0.0157,9.5167,0.03
34.387745,0.0183,0.0102,9.5358,0.04
34.40521,0.0039,-0.014,9.5765,0.08
34.422783,0.0209,-0.0333,9.6524,0.16
34.439641,-0.0022,-0.0095,9.6314,0.13
34.456856,-0.0007,-0.0049,9.645199999999999,0.15
34.473582,-0.0094,0.0241,9.6163,0.12
34.475239,-0.0079,0.0346,9.5253,0.04
34.491782,0.0266,0.0222,9.5285,0.04
34.508732,0.0143,0.0172,9.5336,0.04
34.509427,0.0143,0.0083,9.5336,0.04
34.525852,0.0264,0.0129,9.5665,0.07
34.526609,0.0179,0.0068,9.6385,0.14
34.542607,0.0103,-0.0005,9.6384,0.14
34.559809,-0.0285,-0.0446,9.6383,0.15
34.576522,-0.0421,-0.1054,9.6862,0.22
34.592748,0.0212,-0.0542,9.6523,0.16
34.609604,0.0482,0.0234,9.5735,0.09
34.610365,0.0547,0.085,9.4858,0.1
34.627078,0.0408,0.136,9.4089,0.17
34.627829,0.002,0.123,9.3711,0.18
34.644781,-0.0028,0.0815,9.4231,0.11
34.645459,-0.0187,0.0084,9.5069,0.02
34.661333,-0.0551,-0.0752,9.6147,0.15
34.67923,-0.0368,-0.1039,9.6986,0.23
34.680142,-0.0267,-0.0994,9.7154,0.24
34.695457,-0.0137,-0.0886,9.6954,0.21
34.696293,-0.0149,-0.0708,9.6932,0.21
34.712678,0.0072,-0.0201,9.6213,0.12
34.735325,0.0182,0.0149,9.5764,0.08
34.751566,-0.0116,-0.0008,9.4947,0.01
34.768211,-0.0023,0.0162,9.5068,0.02
34.769601,-0.0055,0.0116,9.5017,0.01
34.784958,0.0093,0.0169,9.5257,0.03
34.786513,0.0162,0.0147,9.5428,0.05
34.803044,0.0064,0.0089,9.5407,0.04
34.820013,-0.0021,0.0148,9.5577,0.06
34.820637,0.0343,0.0141,9.5856,0.09
34.842398,0.0044,-0.0017,9.6095,0.11
34.843104,-0.0113,-0.0127,9.6044,0.11
34.858976,-0.0073,-0.0109,9.6332,0.13
34.874698,0.0168,-0.0141,9.6242,0.13
34.875328,-0.0093,-0.0183,9.6002,0.1
34.890854,-0.0165,0.0073,9.5593,0.06
34.894413,-0.0267,0.0317,9.5283,0.05
34.906774,-0.0216,0.0454,9.5184,0.05
34.922998,0.0111,0.035,9.5014,0.04
34.924212,0.0026,-0.0013,9.5283,0.03
34.939166,0.0155,0.0165,9.6072,0.11
34.95568,0.0238,-0.0397,9.6281,0.14
34.974971,0.0254,-0.0388,9.6689,0.18
34.975653,-0.0103,-0.0571,9.6739,0.18
34.98866,-0.0366,-0.0859,9.686,0.21
35.010949,-0.0276,-0.0552,9.6451,0.16
35.026865,0.018,-0.0019,9.5785,0.08
35.042478,0.0586,0.121,9.4429,0.15
35.058985,0.0198,0.1119,9.385,0.16
35.076914,0.0138,0.0516,9.4688,0.06
35.079517,-0.0137,-0.0227,9.5477,0.05
35.092835,-0.0193,-0.0679,9.6365,0.15
35.093882,-0.0284,-0.1071,9.6794,0.21
35.110698,-0.0229,-0.1071,9.7273,0.25
35.127293,0.0083,-0.083,9.7344,0.25
35.143842,0.0413,-0.0156,9.6243,0.13
35.159785,0.0115,0.0251,9.5645,0.07
35.175719,-0.0176,0.0351,9.5286,0.05
35.176424,-0.0042,0.0359,9.5286,0.05
35.191843,-0.0206,0.0219,9.4877,0.03
35.19458,-0.0141,0.0058,9.4978,0.02
35.208532,-0.0002,-0.0116,9.5237,0.03
35.225107,0.0001,-0.003,9.5217,0.02
35.22584,-0.0159,0.0034,9.5615,0.06
35.245933,-0.0064,-0.0023,9.5785,0.08
35.248058,-0.0029,-0.0013,9.5883,0.09
35.270066,-0.0066,-0.0104,9.5971,0.1
35.28852,0.0067,-0.0149,9.6191,0.12
35.307215,-0.0057,-0.0199,9.6001,0.1
35.307865,-0.011,0.0,9.6091,0.11
35.324225,-0.0181,-0.0009,9.6072,0.11
35.324855,-0.0298,0.0199,9.5592,0.07
35.344098,-0.0246,0.04,9.5332,0.06
35.345924,0.0092,-0.0022,9.5452,0.05
35.360217,0.0255,0.0138,9.5572,0.06
35.364236,0.0227,0.0122,9.576,0.08
35.37727,0.0323,-0.0148,9.583,0.09
35.392496,0.0358,-0.0404,9.6358,0.15
35.393571,0.0213,-0.0439,9.6598,0.17
35.409356,-0.0025,-0.0409,9.6668,0.17
35.413377,-0.0315,-0.0856,9.6948,0.22
35.426731,-0.0596,-0.0916,9.7118,0.24
35.443031,-0.0365,-0.058,9.6789,0.19
35.443701,0.0163,-0.0255,9.5921,0.1
35.459916,0.0537,0.0623,9.5114,0.08
35.464356,0.0798,0.1176,9.4378,0.16
35.479365,0.054,0.142,9.3589,0.21
35.495321,0.0364,0.1105,9.3609,0.18
35.495957,0.0179,0.0515,9.4349,0.08
35.510996,-0.0252,-0.0224,9.5547,0.06
35.513203,-0.0521,-0.0654,9.6603,0.18
35.526967,-0.0552,-0.1067,9.7552,0.28
35.544052,-0.03,-0.115,9.777,0.3
35.544755,-0.0026,-0.0845,9.736,0.25
35.560033,0.0162,-0.0268,9.6741,0.18
35.56341,0.0429,-0.0038,9.6212,0.13
35.577258,0.0393,0.0037,9.5545,0.07
35.593474,0.0289,0.0258,9.5375,0.05
35.594182,0.0296,0.0265,9.5256,0.05
35.611595,-0.0166,0.0075,9.5166,0.02
35.613123,-0.0086,-0.0036,9.5406,0.04
35.636657,-0.0115,0.0212,9.5476,0.05
35.63734,0.0004,0.013,9.5616,0.06
35.653089,0.0005,-0.0097,9.5596,0.06
35.653747,0.0155,-0.0017,9.5645,0.07
35.670716,-0.0012,0.018,9.5645,0.07
35.68346,0.0062,0.0087,9.5715,0.07
35.685022,0.0184,-0.0114,9.5764,0.08
35.701357,-0.0217,-0.0205,9.6044,0.11
35.72641,-0.0112,-0.0017,9.6123,0.11
35.741834,-0.0245,0.0043,9.5783,0.08
35.764945,-0.0072,0.0222,9.5783,0.08
35.765644,-0.0005,-0.011,9.5402,0.04
35.787943,0.0499,-0.0214,9.5903,0.11
35.806984,0.0323,-0.0111,9.6311,0.14
35.830687,0.0001,-0.0409,9.655,0.16
35.845689,-0.0476,-0.0306,9.6689,0.18
35.867453,-0.0492,-0.0808,9.6381,0.17
35.868298,-0.0049,-0.04,9.6072,0.11
35.890643,0.0545,0.0283,9.5644,0.09
35.907052,0.0522,0.1139,9.4639,0.13
35.927358,0.0098,0.0666,9.4379,0.09
35.927988,0.0021,-0.0103,9.4948,0.01
35.943659,-0.0235,-0.037,9.6045,0.11
35.944287,-0.0127,-0.0772,9.6724,0.19
35.960517,0.0086,-0.087,9.7053,0.22
35.977293,-0.0069,-0.0745,9.7344,0.25
35.978789,-0.0045,-0.0398,9.7003,0.2
35.993226,0.0331,-0.0032,9.6624,0.17
35.993901,0.0138,0.0062,9.6145,0.12
36.015667,0.0108,0.0227,9.5426,0.05
36.017048,0.0001,0.0281,9.5356,0.05
36.032025,-0.0058,0.0204,9.5257,0.03
36.032682,-0.0154,0.0109,9.5357,0.04
36.050234,-0.0188,0.0047,9.5478,0.05
36.052707,0.01,0.0077,9.5527,0.05
36.06729,0.0103,0.0138,9.5647,0.07
36.083205,0.0175,0.0081,9.5787,0.08
36.083874,-0.0025,0.016,9.5886,0.09
36.101171,-0.0016,0.0028,9.5816,0.08
36.103063,0.0176,-0.0083,9.5905,0.09
36.11703,0.0197,0.0128,9.5974,0.1
36.132962,-0.0058,-0.0063,9.6164,0.12
36.133628,-0.0192,-0.0158,9.6124,0.12
36.151315,-0.015,0.0023,9.6164,0.12
36.152357,-0.0238,0.0271,9.6214,0.13
36.168062,-0.0048,0.0237,9.5974,0.1
36.184296,-0.0184,0.0366,9.5734,0.08
36.185674,-0.0138,0.0221,9.5594,0.06
36.202991,0.0273,0.0393,9.5454,0.07
36.20439,0.0394,0.0017,9.5493,0.06
36.218154,0.04,-0.0477,9.5972,0.12
36.233138,0.0292,-0.0226,9.6521,0.16
36.233812,0.0333,-0.0554,9.679,0.19
36.24985,0.0071,-0.057,9.7119,0.22
36.252312,-0.0354,-0.0419,9.6929,0.2
36.268081,-0.0495,-0.0594,9.6669,0.18
36.284289,-0.0792,-0.0777,9.6809,0.21
36.28572,-0.0306,-0.0677,9.6551,0.17
36.300679,0.0339,-0.0155,9.6313,0.14
36.303116,0.077,0.0506,9.5577,0.11
36.317915,0.0714,0.0892,9.4808,0.12
36.335429,0.0655,0.1109,9.4141,0.15
36.336904,0.0311,0.1178,9.4091,0.15
36.350814,-0.004,0.0344,9.479,0.04
36.352297,-0.0283,-0.0265,9.5598,0.07
36.369353,-0.0417,-0.0682,9.6747,0.19
36.373575,-0.0405,-0.0724,9.7315,0.25
36.393484,-0.0226,-0.095,9.7465,0.27
36.394317,0.0018,-0.0547,9.7274,0.23
36.417016,0.0168,-0.0118,9.6764,0.18
36.417833,0.0352,0.0076,9.6405,0.15
36.435501,0.0312,0.024,9.6046,0.11
36.438086,0.026,0.0287,9.5668,0.08
36.453525,0.0248,0.0234,9.5479,0.06
36.45421,-0.0099,0.0149,9.5379,0.04
36.469043,-0.0123,0.0085,9.543,0.05
36.471938,-0.0087,0.016,9.5619,0.06
36.485765,0.0228,0.0196,9.608,0.11
36.501698,0.0175,0.0033,9.668,0.17
36.503129,0.0126,0.0136,9.72,0.22
36.516245,-0.0009,0.0035,9.7419,0.24
36.522686,-0.0174,0.0098,9.7179,0.22
36.532994,-0.015,-0.0028,9.6559,0.16
36.548737,0.0015,-0.0124,9.5859,0.09
36.551791,0.0143,-0.0181,9.5431,0.05
36.566314,0.0482,-0.0187,9.5172,0.05
36.571913,0.0292,-0.017,9.4984,0.03
36.582757,0.0139,-0.0104,9.5125,0.02
36.598714,-0.0038,0.0214,9.5845,0.09
36.601778,-0.0195,0.0613,9.6295,0.14
36.615485,-0.0149,0.0671,9.6494,0.16
36.622184,-0.0061,0.0546,9.6493,0.16
36.632076,-0.0085,0.0183,9.6393,0.14
36.648597,0.0274,-0.0299,9.6532,0.16
36.651925,0.027,-0.0776,9.6822,0.2
36.666287,0.0191,-0.0673,9.661200000000001,0.18
36.671862,0.0015,-0.0383,9.6893,0.19
36.682762,-0.0008,-0.0149,9.7924,0.29
36.698861,-0.0042,-0.0185,9.8194,0.32
36.70178,-0.036,-0.0325,9.8215,0.33
36.716516,-0.0621,-0.0295,9.8026,0.31
36.721266,-0.0416,0.0183,9.817,0.32
36.733631,-0.0278,0.0782,9.7433,0.26
36.751265,-0.0238,0.1076,9.6819,0.21
36.752668,0.0029,0.091,9.6224,0.15
36.76683,0.0003,0.0202,9.5009,0.02
36.77207,0.0073,-0.0162,9.4192,0.08
36.782996,0.0435,-0.0647,9.4026,0.12
36.791612,0.0469,-0.0761,9.4438,0.11
36.801516,0.0259,-0.0223,9.6089,0.11
36.816361,0.0081,0.0315,9.823,0.32
36.822389,-0.0048,0.0598,10.0429,0.55
36.832984,-0.0064,0.0745,10.1511,0.66
36.842577,0.0117,0.0927,10.0244,0.53
36.851783,0.0049,0.0223,9.6098,0.11
36.867804,-0.0375,-0.0576,9.1603,0.35
36.872413,-0.0636,-0.0844,8.8329,0.68
36.886158,-0.0862,-0.0665,8.7733,0.73
36.904444,-0.0612,0.0016,9.0031,0.5
36.905958,-0.0202,0.0364,9.3497,0.16
36.920328,0.0347,0.0317,9.6102,0.12
36.926966,0.071,-0.0175,9.7588,0.27
36.939779,0.1016,-0.084,9.8496,0.37
36.956772,0.0603,-0.0673,9.8356,0.35
36.957843,0.0072,-0.0646,9.7538,0.26
36.975699,-0.0469,-0.1075,9.6011,0.15
36.976315,-0.1022,-0.0722,9.4165,0.15
36.991785,-0.1146,0.0102,9.2807,0.25
37.008099,-0.1086,0.0522,9.1948,0.33
37.008738,-0.0758,0.0809,9.2345,0.29
37.02548,0.0177,0.1275,9.3693,0.18
37.026165,0.0907,0.1087,9.5412,0.15
37.042175,0.0877,0.0814,9.6543,0.2
37.059203,0.0543,0.0653,9.7064,0.22
37.059856,0.0282,0.0221,9.6756,0.18
37.075524,0.0031,-0.0112,9.602,0.1
37.076171,-0.0538,0.0007,9.4849,0.06
37.093387,-0.0865,0.0197,9.4081,0.13
37.109547,-0.0822,0.0439,9.4441,0.11
37.110252,-0.0521,0.064,9.4939,0.08
37.126883,-0.0211,0.067,9.5008,0.07
37.127695,-0.021,0.1057,9.4367,0.12
37.14414,-0.0258,0.1469,9.3286,0.23
37.145233,-0.0255,0.2009,9.2804,0.3
37.161694,-0.0052,0.2006,9.3183,0.27
37.179781,0.0137,0.1544,9.4404,0.17
37.180478,0.0508,0.136,9.4887,0.15
37.196332,0.0507,0.1077,9.5043,0.12
37.197026,0.0744,0.0669,9.478,0.1
37.213143,0.0458,0.0201,9.4865,0.05
37.233451,0.0196,-0.0032,9.5989,0.1
37.249741,-0.0329,-0.0426,9.7003,0.21
37.266749,-0.0994,-0.0326,9.6121,0.15
37.26746,-0.1398,-0.0079,9.4786,0.14
37.286502,-0.1514,0.0003,9.3383,0.22
37.287381,-0.1003,0.0292,9.3183,0.21
37.302846,-0.0227,0.0561,9.4208,0.1
37.320881,0.0107,0.0797,9.5007,0.08
37.321686,0.05,0.1203,9.5597,0.14
37.338569,0.0639,0.1896,9.5674,0.21
37.339357,0.0035,0.255,9.4774,0.26
37.355594,-0.0342,0.236,9.3704,0.27
37.35643,0.0149,0.1922,9.2017,0.36
37.373138,0.1364,0.1175,9.0883,0.45
37.389826,0.2604,0.009,9.1948,0.4
37.391027,0.2562,-0.1036,9.5104,0.28
37.40643,0.1492,-0.2794,9.8877,0.5
37.407181,0.0133,-0.4061,10.1926,0.8
37.424201,-0.0502,-0.5338,10.3443,1.0
37.425616,-0.0445,-0.6334,10.2519,0.98
37.44023,-0.0847,-0.6416,9.9557,0.79
37.462945,-0.1003,-0.5934,9.6305,0.62
37.465141,-0.1167,-0.5681,9.4562,0.58
37.466852,-0.209,-0.4723,9.3704,0.53
37.480337,-0.2475,-0.3614,9.5262,0.44
37.504318,-0.2595,-0.3527,9.7796,0.52
37.521377,-0.0006,-0.2975,9.85,0.46
37.537669,0.1136,-0.2511,9.6039,0.29
37.538356,0.26,-0.1692,9.2346,0.41
37.554926,0.3721,-0.0218,9.0351,0.6
37.555581,0.4406,0.1194,9.1634,0.57
37.572597,0.4768,0.1275,9.563,0.5
37.589625,0.482,0.1186,10.0345,0.73
37.590264,0.3976,-0.0213,10.3017,0.9
37.606511,0.1496,-0.2229,10.2148,0.76
37.607186,-0.08,-0.334,9.7622,0.43
37.624267,-0.2775,-0.3978,9.279,0.53
37.625031,-0.3047,-0.3616,9.0527,0.65
37.641594,-0.25,-0.2424,9.1042,0.53
37.658604,-0.1806,-0.0628,9.4138,0.21
37.659287,-0.0979,0.0951,9.586,0.16
37.676939,-0.1339,0.2069,9.9176,0.48
37.677665,-0.2582,0.2453,10.2728,0.85
37.693643,-0.2721,0.1949,10.22,0.79
37.694852,-0.2902,0.2076,9.9351,0.56
37.710194,-0.3683,0.224,9.5704,0.44
37.716809,-0.3174,0.246,9.4716,0.4
37.726431,-0.137,0.1756,9.5914,0.24
37.742434,0.0126,0.0274,9.6317,0.14
37.744294,0.0321,-0.0833,9.6664,0.19
37.759426,-0.0868,-0.1173,9.6602,0.22
37.765144,-0.3447,-0.1333,9.5596,0.37
37.774694,-0.5951,-0.0789,9.4668,0.6
37.792265,-0.6239,0.0486,9.2994,0.66
37.794314,-0.5504,0.1849,9.3053,0.61
37.809356,-0.4254,0.3115,9.4475,0.53
37.815168,-0.2766,0.382,9.6671,0.5
37.826197,-0.1845,0.4956,9.777,0.6
37.843005,-0.09,0.4259,9.7381,0.5
37.84433,0.0164,0.2711,9.757,0.37
37.86296,0.1401,0.2084,9.5723,0.26
37.864445,0.321,0.1579,9.4633,0.36
37.878831,0.4646,0.1468,9.3534,0.51
37.903627,0.5594,0.2337,8.9387,0.83
37.904744,0.6052,0.3222,8.8215,0.96
37.90537,0.495,0.2606,9.1842,0.64
37.920268,0.4206,0.0458,9.7031,0.47
37.936473,0.3327,-0.1943,10.1177,0.73
37.937092,0.3478,-0.3152,10.2471,0.88
37.954349,0.4675,-0.2894,10.2303,0.91
37.955039,0.5054,-0.254,10.0648,0.8
37.972154,0.4277,-0.1403,9.7042,0.49
37.988777,0.29,0.0581,9.2097,0.41
37.989439,0.1385,0.3095,8.7583,0.82
38.006115,0.0635,0.4656,8.6316,0.99
38.006792,-0.0046,0.4226,8.9183,0.72
38.023076,0.0371,0.1964,9.495,0.2
38.041075,0.2214,-0.0689,10.0074,0.56
38.041837,0.3827,-0.322,10.267900000000001,0.92
38.057256,0.3638,-0.377,10.0599,0.77
38.058407,0.23,-0.2054,9.5664,0.32
38.074398,0.0622,0.0529,9.1886,0.32
38.075185,-0.1314,0.2826,9.0016,0.59
38.091021,-0.2878,0.4169,9.0557,0.67
38.108883,-0.2001,0.4258,9.2159,0.55
38.109563,-0.0229,0.2695,9.4135,0.28
38.126216,0.111,0.0107,9.8159,0.33
38.127023,0.2691,-0.3498,10.1739,0.81
38.14383,0.3091,-0.5551,10.0703,0.85
38.144732,0.3071,-0.3204,9.809,0.54
38.160267,0.2525,-0.0629,9.6291,0.29
38.178118,0.1858,0.0516,9.4596,0.2
38.178906,0.1066,0.2275,9.2036,0.39
38.194624,0.0277,0.3094,9.0218,0.57
38.195338,-0.0345,0.2903,9.1007,0.49
38.210886,-0.0707,0.2221,9.2822,0.32
38.228857,-0.0085,-0.0376,9.6815,0.19
38.230032,-0.0177,-0.4024,10.2198,0.82
