time,ax (m/s^2),ay (m/s^2),az (m/s^2),aT (m/s^2)
0.0144,0.2464,9.6638,0.2277,0.37
0.014555,0.1809,9.7001,0.1874,0.33
0.025175,0.1842,9.7051,0.1769,0.33
0.037223,0.1006,9.7911,0.1755,0.35
0.045884,0.0391,9.8269,0.1844,0.38
0.051546,0.0337,9.7493,0.1606,0.3
0.064326,-0.078,9.7158,0.1603,0.28
0.080256,-0.1504,9.7102,0.1481,0.3
0.081666,-0.1429,9.7004,0.1317,0.28
0.097444,-0.127,9.7374,0.0886,0.28
0.10181,-0.0876,9.7674,0.1247,0.31
0.113494,-0.0402,9.8024,0.1132,0.33
0.121197,0.0229,9.8543,0.0966,0.37
0.131509,0.0801,9.9174,0.0834,0.43
0.146581,0.1011,9.9746,0.0518,0.49
0.151375,0.1367,9.9878,0.0455,0.51
0.164165,0.1604,9.9511,0.0627,0.48
0.171421,0.1479,9.8864,0.0722,0.42
0.188507,0.145,9.8299,0.0902,0.37
0.199064,0.1038,9.8055,0.1533,0.36
0.201267,0.0126,9.765,0.1564,0.31
0.2155,-0.0036,9.7717,0.1851,0.33
0.221404,-0.0567,9.7574,0.1979,0.33
0.231965,-0.1193,9.7519,0.2125,0.35
0.247226,-0.1476,9.8016,0.1729,0.38
0.251351,-0.1148,9.818,0.1481,0.37
0.264787,-0.125,9.8413,0.0674,0.37
0.271349,-0.0778,9.8595,0.0163,0.37
0.282029,-0.0173,9.8563,-0.0779,0.37
0.299086,0.011,9.8695,-0.1096,0.39
0.316058,0.0021,9.9187,-0.0918,0.43
0.316197,-0.028,9.9092,-0.0302,0.41
0.321252,-0.0319,9.9109,-0.0123,0.41
0.333447,-0.038,9.9249,-0.0062,0.43
0.347932,-0.0063,9.9058,-0.0108,0.41
0.351467,0.027,9.8698,-0.008,0.37
0.363571,0.049,9.8318,-0.0628,0.34
0.370863,0.0859,9.8026,-0.0907,0.33
0.381331,0.1026,9.7835,-0.0914,0.32
0.39686,0.0958,9.776299999999999,-0.1018,0.31
0.401033,0.0634,9.8191,-0.1222,0.35
0.415307,0.0194,9.831,-0.0736,0.34
0.421022,-0.0176,9.869,-0.0834,0.38
0.434271,-0.0243,9.898,-0.0755,0.41
0.449503,0.0003,9.898,-0.0551,0.4
0.45118,-0.0203,9.9081,-0.0746,0.42
0.466337,-0.013,9.9052,-0.0938,0.42
0.471995,0.0125,9.8792,-0.1126,0.4
0.483841,0.017,9.836,-0.1525,0.37
0.503219,0.0282,9.7894,-0.1983,0.35
0.515889,0.0301,9.768,-0.2153,0.35
0.520896,0.0496,9.7676,-0.2123,0.35
0.531739,0.0732,9.7844,-0.2215,0.37
0.540765,0.0812,9.8171,-0.2026,0.38
0.551152,0.0517,9.8479,-0.1437,0.38
0.565697,0.003,9.8939,-0.1529,0.42
0.571086,-0.0294,9.9057,-0.1774,0.44
0.583596,-0.0468,9.9215,-0.2592,0.5
0.591119,-0.0674,9.9292,-0.3241,0.54
0.600738,-0.0818,9.888,-0.3771,0.55
0.617812,-0.1109,9.8617,-0.3855,0.54
0.620841,-0.1568,9.8616,-0.3748,0.54
0.633693,-0.1884,9.8376,-0.4013,0.56
0.640586,-0.2619,9.8177,-0.3366,0.53
0.650724,-0.2836,9.7587,-0.3406,0.51
0.667383,-0.2804,9.7142,-0.3579,0.5
0.6706,-0.2721,9.6584,-0.3747,0.49
0.685583,-0.2297,9.6071,-0.4016,0.47
0.69068,-0.1431,9.5813,-0.4256,0.46
0.707788,-0.0367,9.5743,-0.4255,0.43
0.722166,0.0048,9.6183,-0.4551,0.47
0.737423,0.0995,9.6207,-0.4358,0.46
0.753187,0.0552,9.5549,-0.5428,0.55
0.768264,0.021,9.5585,-0.5818,0.59
0.770745,-0.0142,9.5388,-0.5474,0.55
0.783996,-0.0105,9.5013,-0.6097,0.61
0.79085,-0.0042,9.4648,-0.6728,0.67
0.80557,-0.0488,9.4442,-0.6595,0.66
0.829477,-0.0752,9.3979,-0.6474,0.66
0.848615,-0.1592,9.3951,-0.6641,0.69
0.862855,-0.1768,9.3536,-0.6794,0.72
0.863491,-0.2475,9.2618,-0.642,0.73
0.879462,-0.3292,9.1771,-0.5957,0.75
0.89977,-0.4746,9.0648,-0.5327,0.84
0.920164,-0.9547,8.8428,-0.432,1.24
0.92034,-1.172,8.8012,-0.3836,1.42
0.934752,-1.3569,8.777,-0.3107,1.57
0.949639,-1.5947,8.7852,-0.2264,1.76
0.959679,-1.4755,8.8317,-0.1742,1.63
0.974198,-1.1924,8.9084,-0.0844,1.33
0.974323,-0.7308,9.0159,-0.1174,0.88
0.987758,-0.1998,9.0797,-0.0238,0.47
0.994323,0.2734,9.1491,-0.1009,0.46
1.007207,0.7237,9.2358,-0.1034,0.78
1.024364,1.059,9.2987,-0.0441,1.08
1.024913,1.203,9.3282,0.0603,1.22
1.037821,1.2256,9.3043,0.0215,1.24
1.044182,1.1663,9.2303,-0.0244,1.2
1.060586,1.0743,9.1543,-0.0493,1.13
1.077322,0.9485,9.0799,0.0157,1.04
1.077545,0.8175,9.087,0.1816,0.93
1.090401,0.7278,9.1515,0.2002,0.83
1.094368,0.6822,9.225999999999999,0.2544,0.78
1.105459,0.6944,9.2489,0.3651,0.82
1.122318,0.7701,9.2898,0.4572,0.92
1.124166,0.8064,9.2909,0.4907,0.97
1.13849,0.8077,9.277,0.5439,1.0
1.144221,0.8271,9.2573,0.5656,1.03
1.157695,0.7102,9.2592,0.5048,0.9
1.176235,0.5404,9.2826,0.4203,0.72
1.176439,0.3558,9.4125,0.4174,0.56
1.189277,0.1436,9.5959,0.491,0.52
1.196242,-0.0609,9.7673,0.5687,0.63
1.211057,-0.17,9.9045,0.6238,0.76
1.226308,-0.1953,9.9998,0.6334,0.83
1.226509,-0.1787,10.0489,0.6229,0.85
1.247213,-0.063,9.9907,0.6144,0.79
1.2474,0.0549,9.8574,0.6284,0.73
1.257194,0.2327,9.6488,0.5119,0.58
1.277774,0.3198,9.3624,0.4649,0.58
1.278007,0.3035,9.0017,0.3791,0.7
1.295979,0.2538,8.7816,0.399,0.86
1.307503,0.1759,8.6602,0.5138,1.0
1.307697,0.1088,8.6609,0.6242,1.05
1.328172,0.1018,8.8213,0.7623,1.03
1.328375,0.1939,9.025,0.8703,1.01
1.342005,0.3958,9.235,0.7818,0.92
1.344005,0.7399,9.5056,0.6948,1.01
1.360187,0.9619,9.7246,0.6194,1.17
1.36387,0.9419,9.8798,0.5199,1.14
1.379284,0.7631,9.9706,0.4441,1.0
1.392985,0.535,9.9574,0.3947,0.81
1.393668,0.2552,9.8225,0.3382,0.53
1.409775,-0.0501,9.5891,0.323,0.34
1.413872,-0.3162,9.3344,0.4444,0.57
1.426078,-0.4451,9.173,0.6611,0.86
1.443397,-0.4307,9.0262,0.7365,0.98
1.44401,-0.298,8.9194,0.7508,0.99
1.460833,-0.1118,8.969899999999999,0.7312,0.91
1.463589,0.0623,9.0769,0.6558,0.78
1.475295,0.0485,9.2362,0.4636,0.54
1.494657,-0.0034,9.4471,0.293,0.3
1.494931,-0.1021,9.6713,0.099,0.22
1.50883,-0.2471,9.8228,-0.0928,0.42
1.513465,-0.3777,9.884,-0.2277,0.58
1.526488,-0.4082,9.9279,-0.2857,0.66
1.544926,-0.2953,10.0735,-0.3004,0.71
1.545502,-0.0636,10.313,-0.2629,0.86
1.560376,0.2342,10.5769,-0.2147,1.12
1.563691,0.4561,10.681000000000001,-0.2468,1.29
1.580135,0.3887,10.6652,-0.3579,1.28
1.592747,0.2508,10.5471,-0.3413,1.13
1.593581,0.1379,10.3508,-0.2913,0.91
1.61484,0.0752,9.9985,-0.2125,0.55
1.61518,0.1049,9.5969,-0.1693,0.22
1.627786,0.0967,9.3427,-0.0933,0.21
1.644515,0.0384,9.2692,-0.0294,0.24
1.6448,0.0112,9.5159,0.138,0.14
1.662419,-0.0331,10.0796,0.3635,0.68
1.663556,-0.1318,10.7792,0.4317,1.36
1.681784,-0.3241,11.6553,0.357,2.21
1.683547,-0.4822,12.5667,0.2735,3.12
1.697378,-0.6106,13.3961,0.2534,3.95
1.711769,-0.7083,13.8784,0.4532,4.46
1.713106,-0.6368,13.6069,0.932,4.26
1.726122,-0.6237,12.9075,1.4068,3.74
1.733358,-0.292,12.6823,1.9481,3.74
1.744749,-0.0983,12.7455,2.2542,3.95
1.761043,-0.117,12.2959,1.8354,3.35
1.763187,0.053,11.8529,0.9561,2.54
1.777691,0.5453,11.6753,0.0501,2.24
1.783286,1.0621,11.4084,-0.3966,2.22
1.795267,1.1065,10.9951,-0.5068,1.93
1.81431,0.8169,10.7524,-0.3166,1.53
1.814882,0.4154,10.6097,-0.0722,1.19
1.829711,0.1643,10.5037,0.0352,1.02
1.832971,-0.0659,10.3455,-0.064,0.85
1.844699,-0.4166,10.0373,0.1525,0.7
1.862286,-0.8163,9.8217,0.4677,0.99
1.863016,-1.0355,9.7259,0.652,1.24
1.878429,-0.8947,9.7139,0.8309,1.24
1.883345,-0.6711,9.7811,0.9057,1.16
1.895402,-0.476,9.9031,0.8614,1.06
1.913047,-0.4231,9.9347,0.6563,0.89
1.913307,-0.4765,9.9235,0.4398,0.77
1.929881,-0.5426,9.9046,0.394,0.78
1.933086,-0.6159,9.9111,0.5322,0.91
1.950381,-0.675,9.969899999999999,0.7212,1.09
1.967467,-0.746,10.0506,0.9825,1.35
1.967727,-0.7937,10.113199999999999,1.1037,1.49
1.982813,-0.8602,10.2003,1.088,1.55
1.983272,-0.8143,10.3452,1.091,1.6
2.001347,-0.6447,10.5081,1.0454,1.59
2.017364,-0.4248,10.6758,0.9994,1.6
2.017704,-0.1293,10.7223,1.0429,1.61
2.034135,0.141,10.6616,1.0609,1.58
2.034466,0.4027,10.467600000000001,1.0441,1.48
2.051973,0.6491,10.193999999999999,1.0305,1.4
2.052943,0.7824,9.9533,1.0112,1.36
2.068885,0.7814,9.7813,1.0055,1.3
2.086581,0.6859,9.7131,0.9752,1.21
2.087174,0.5626,9.7444,0.9503,1.13
2.103637,0.3908,9.7396,0.938,1.04
2.104013,0.2429,9.6873,0.9805,1.03
2.119139,0.1625,9.6263,0.9277,0.95
2.135441,0.1115,9.5903,0.8518,0.86
2.135755,0.1577,9.6109,0.7445,0.77
2.150834,0.2496,9.6804,0.6408,0.71
2.152827,0.2896,9.793,0.5581,0.69
2.169622,0.3064,9.8851,0.4967,0.7
2.184912,0.2858,9.913499999999999,0.4712,0.69
2.185287,0.2534,9.9768,0.4391,0.7
2.203799,0.153,10.0171,0.4613,0.71
2.204187,0.0225,10.0232,0.4765,0.71
2.213002,-0.1407,10.0189,0.4035,0.67
2.223867,-0.2717,9.99,0.349,0.66
2.232879,-0.4101,9.9023,0.2665,0.63
2.246481,-0.5109,9.8168,0.2568,0.65
2.252514,-0.5577,9.7177,0.3058,0.67
2.262886,-0.4882,9.5819,0.3102,0.58
2.277737,-0.3642,9.3949,0.2752,0.47
2.282561,-0.2792,9.2132,0.1893,0.44
2.29468,-0.2424,9.0687,0.1547,0.52
2.314805,-0.2698,9.0814,0.114,0.51
2.315576,-0.3262,9.1835,0.0837,0.46
2.328245,-0.344,9.4406,0.0992,0.36
2.332449,-0.3073,9.7732,0.1221,0.43
2.344765,-0.143,10.0479,0.1368,0.58
2.352386,0.0734,10.2676,0.0778,0.77
2.362658,0.3552,10.443200000000001,-0.0109,1.01
2.379495,0.5195,10.5006,-0.1064,1.13
2.382396,0.5425,10.4871,-0.1073,1.13
2.395684,0.4483,10.4078,-0.0571,1.01
2.402454,0.2871,10.2471,0.0125,0.8
2.413694,0.1132,10.1544,0.0868,0.67
2.43163,-0.0533,10.0441,0.1505,0.57
2.432736,-0.1604,9.9231,0.1318,0.47
2.447646,-0.2089,9.776,0.1161,0.37
2.452322,-0.1798,9.6366,0.1168,0.25
2.466543,-0.0534,9.4533,0.0841,0.11
2.472197,0.0457,9.4009,0.0213,0.11
2.48227,0.1548,9.4707,0.0243,0.16
2.495932,0.2191,9.6196,0.0321,0.25
2.502243,0.2444,9.7995,-0.0683,0.39
2.512758,0.1841,9.9647,-0.1934,0.54
2.522292,0.0989,10.127,-0.332,0.72
2.532526,0.0191,10.2194,-0.4133,0.83
2.547164,-0.0555,10.2947,-0.4126,0.9
2.55236,-0.2238,10.3003,-0.4517,0.95
2.563762,-0.364,10.2602,-0.4742,0.97
2.5728,-0.4347,10.1808,-0.4391,0.92
2.582166,-0.4618,10.1779,-0.4696,0.95
2.596618,-0.3957,10.1738,-0.4666,0.91
2.602338,-0.2463,10.175699999999999,-0.4015,0.82
2.614241,-0.1183,10.1781,-0.337,0.77
2.622151,-0.0496,10.183,-0.319,0.76
2.632201,-0.024,10.1671,-0.2767,0.72
2.647318,-0.0156,10.0575,-0.2165,0.6
2.652106,-0.0438,9.953,-0.1786,0.49
2.665224,-0.0354,9.8411,-0.2114,0.4
2.671913,-0.0086,9.7552,-0.2489,0.36
2.682115,-0.0047,9.7345,-0.2934,0.38
2.697383,0.0108,9.7381,-0.3474,0.42
2.702008,0.0318,9.7931,-0.3111,0.43
2.714405,0.0424,9.8819,-0.3041,0.49
2.721903,0.0432,9.9438,-0.2362,0.5
2.733139,0.1204,9.9755,-0.1347,0.51
2.749105,0.207,9.9633,-0.0274,0.51
2.75201,0.246,9.9211,0.0589,0.49
2.765347,0.2335,9.8687,0.1387,0.46
2.771955,0.113,9.8158,0.1503,0.37
2.782273,-0.0613,9.8038,0.1001,0.33
2.797817,-0.1834,9.8159,0.0717,0.37
2.801812,-0.3182,9.8721,0.0326,0.49
2.81513,-0.3877,9.926,0.0373,0.58
2.821742,-0.3767,9.946,0.0469,0.59
2.832449,-0.2799,9.9517,0.0451,0.53
2.849674,-0.1631,9.9503,0.0629,0.48
2.851938,-0.0215,9.9043,0.0796,0.41
2.866423,0.0714,9.8469,0.0659,0.36
2.871691,0.1499,9.7882,0.0806,0.33
2.882122,0.164,9.7369,0.0991,0.3
2.891842,0.1905,9.7423,0.0636,0.31
2.901739,0.1866,9.7592,0.022,0.32
2.916687,0.1894,9.8079,0.0173,0.36
2.921759,0.2366,9.8966,0.0581,0.47
2.9336,0.2438,9.9685,0.0805,0.53
2.941727,0.2888,10.0045,0.0865,0.59
2.951748,0.2862,9.9788,0.133,0.57
2.966419,0.2536,9.9751,0.1313,0.55
2.97206,0.2072,9.9445,0.1434,0.51
2.984094,0.1244,9.9021,0.0953,0.43
2.991923,0.0462,9.9089,0.069,0.42
3.001754,-0.0222,9.958,0.0707,0.46
3.018172,-0.0919,9.9263,0.0331,0.44
3.021927,-0.1382,9.9227,0.0238,0.45
3.034757,-0.1938,9.9223,0.029,0.47
3.041733,-0.2464,9.918,0.0568,0.49
3.052104,-0.2614,9.9409,0.0942,0.52
3.068152,-0.2611,9.9726,0.1098,0.55
3.072165,-0.2103,9.9795,0.1058,0.53
3.086782,-0.172,9.9673,0.0522,0.5
3.092051,-0.1623,9.9361,-0.0208,0.47
3.101925,-0.1427,9.8778,-0.0642,0.41
3.118496,-0.1279,9.8465,-0.0945,0.38
3.121858,-0.12,9.8482,-0.0708,0.38
3.136729,-0.1295,9.8559,-0.0436,0.38
3.141946,-0.1107,9.8939,-0.0188,0.41
3.151898,-0.1162,9.9367,0.0008,0.45
3.169025,-0.1196,9.918,0.0327,0.44
3.172028,-0.0896,9.8579,0.0571,0.37
3.18734,-0.073,9.8478,0.0574,0.36
3.191407,-0.0746,9.8339,0.0643,0.35
3.201753,-0.0848,9.8528,0.0734,0.37
3.219107,-0.0732,9.8408,0.0611,0.35
3.225088,-0.0403,9.813,0.0915,0.33
3.235948,-0.0326,9.87,0.1323,0.39
3.241389,-0.0076,9.93,0.159,0.46
3.253452,0.0041,9.9781,0.1964,0.52
3.26128,-0.0028,9.9967,0.1895,0.53
3.271483,0.0,9.9845,0.192,0.52
3.290113,-0.0066,9.9719,0.1367,0.49
3.291788,-0.005,9.9423,0.0735,0.45
3.314775,-0.018,9.913499999999999,0.0497,0.42
3.31523,-0.0102,9.8808,-0.0081,0.38
3.321271,-0.0256,9.8643,0.0093,0.37
3.338727,-0.032,9.8351,0.013,0.34
3.341078,-0.0149,9.8708,0.0514,0.37
3.361116,0.0094,9.8725,0.1068,0.39
3.361361,0.009,9.8791,0.087,0.39
3.371214,0.0324,9.8933,0.0719,0.4
3.386982,0.0641,9.8997,0.0808,0.41
3.391217,0.0481,9.9009,0.081,0.41
3.403785,0.0553,9.9102,0.0401,0.42
3.411338,0.0516,9.9404,0.0581,0.45
3.421509,0.0354,9.921,0.0915,0.43
3.436511,0.0086,9.8845,0.0931,0.4
3.440987,0.0031,9.8698,0.0513,0.37
3.454682,0.0144,9.8902,0.077,0.4
3.461671,-0.0033,9.8927,0.1127,0.41
3.477097,-0.0057,9.8412,0.1074,0.36
3.487336,-0.0304,9.8767,0.1449,0.4
3.503565,-0.0565,9.8861,0.1271,0.41
3.506811,-0.0669,9.8854,0.1324,0.41
3.520529,-0.0882,9.8818,0.1654,0.43
3.527035,-0.0918,9.9081,0.1509,0.44
3.538251,-0.0781,9.895199999999999,0.1516,0.43
3.547147,-0.0634,9.8772,0.1958,0.43
3.557101,-0.0767,9.844899999999999,0.1439,0.38
3.57188,-0.0822,9.8246,0.1652,0.37
3.577039,-0.0885,9.8201,0.1629,0.37
3.589132,-0.0877,9.842600000000001,0.1679,0.39
3.59699,-0.096,9.9149,0.1329,0.45
3.607194,-0.0973,9.961,0.0703,0.48
3.62221,-0.0868,9.9981,0.0027,0.51
3.626794,-0.0697,9.9812,-0.025,0.49
3.637694,-0.0669,9.9656,-0.0101,0.47
3.647211,-0.0502,9.9333,0.0104,0.44
3.657077,-0.0312,9.8742,0.0664,0.38
3.672183,-0.0276,9.8253,0.1311,0.35
3.677008,-0.0169,9.7484,0.1793,0.31
3.689886,-0.0108,9.7474,0.2132,0.33
3.696483,-0.0214,9.7631,0.1884,0.32
3.707858,-0.0331,9.8132,0.158,0.35
3.722529,-0.0485,9.8742,0.1435,0.4
3.727031,-0.0252,9.9169,0.0962,0.43
3.740991,-0.017,9.9524,0.0347,0.45
3.746781,0.0082,9.9717,-0.0206,0.47
3.757029,0.0658,9.9623,-0.0725,0.47
3.773535,0.0809,9.9431,-0.0848,0.46
3.77683,0.0792,9.9244,-0.123,0.45
3.789893,0.0363,9.9302,-0.109,0.45
3.79659,0.0217,9.9393,-0.0654,0.44
3.806858,-0.0077,9.9608,-0.0351,0.46
3.822409,-0.0259,9.9285,-0.0179,0.43
3.826428,-0.0047,9.919,0.017,0.42
3.840703,0.0234,9.8654,0.0255,0.37
3.846424,0.0164,9.8439,0.025,0.35
3.856502,0.0031,9.8336,0.0283,0.33
3.873365,-0.0197,9.8352,0.0534,0.34
3.876311,-0.0531,9.859,0.0712,0.37
3.890149,-0.0513,9.8468,0.0837,0.36
3.897647,-0.0543,9.8566,0.0964,0.37
3.906243,-0.0386,9.901299999999999,0.1063,0.42
3.916355,0.0062,9.8768,0.1027,0.39
3.926314,0.0496,9.8862,0.1192,0.41
3.941185,0.0777,9.8836,0.0681,0.4
3.946311,0.0735,9.873,0.0508,0.38
3.957743,0.0451,9.8516,0.0849,0.36
3.966442,0.025,9.8174,0.0749,0.33
3.976258,-0.0152,9.8221,0.0658,0.33
3.991026,-0.049,9.8479,0.0872,0.36
3.996174,-0.0743,9.8888,0.0809,0.4
4.008487,-0.1096,9.9096,0.0801,0.43
4.016293,-0.1144,9.9213,0.1053,0.45
4.025784,-0.0935,9.9288,0.0969,0.45
4.041652,-0.1077,9.9233,0.0899,0.45
4.04627,-0.0916,9.9106,0.0702,0.43
4.057845,-0.062,9.9069,0.0795,0.42
4.066218,-0.0565,9.9062,0.0969,0.42
4.076267,-0.0549,9.8695,0.0962,0.39
4.092613,-0.0614,9.8239,0.1011,0.34
4.096177,-0.0578,9.8354,0.1476,0.37
4.109024,-0.0523,9.811,0.1759,0.36
4.116167,-0.0465,9.8204,0.1895,0.38
4.12655,-0.029,9.838799999999999,0.2077,0.4
4.141878,-0.0133,9.9048,0.1353,0.43
4.146005,0.0213,9.9586,0.0404,0.46
4.159526,0.0528,9.9556,-0.0079,0.46
4.166136,0.0306,9.9517,-0.034,0.45
4.176034,0.0366,9.9421,-0.0459,0.45
4.192425,0.0302,9.93,0.0165,0.43
4.195833,0.0083,9.9032,0.1205,0.42
4.20994,-0.0003,9.8486,0.1818,0.39
4.215966,0.0228,9.8128,0.1877,0.37
4.226739,0.0151,9.782,0.1822,0.34
4.244481,0.008,9.7917,0.1469,0.33
4.246133,0.0058,9.8393,0.1225,0.36
4.261148,0.0319,9.8528,0.1007,0.37
4.266126,0.0064,9.8881,0.0575,0.39
4.276816,0.0025,9.9045,0.0576,0.41
4.292864,-0.0112,9.9182,0.09,0.43
4.310573,-0.0475,9.911,0.0845,0.42
4.326452,-0.0618,9.8669,0.1317,0.39
4.335874,-0.0514,9.8444,0.1525,0.38
4.345804,-0.051,9.8349,0.1594,0.37
4.363346,-0.0504,9.8413,0.1399,0.37
4.366033,-0.0596,9.8765,0.1071,0.4
4.378985,-0.0488,9.9037,0.0797,0.41
4.385868,-0.043,9.9108,0.0589,0.42
4.399634,-0.0709,9.8982,0.0646,0.41
4.410637,-0.058,9.8755,0.0642,0.39
4.415653,-0.0525,9.8531,0.1072,0.37
4.42945,-0.0432,9.8316,0.1161,0.35
4.435813,-0.0686,9.8331,0.104,0.36
4.446188,-0.0801,9.8566,0.123,0.39
4.462308,-0.0781,9.8352,0.1522,0.38
4.465518,-0.0896,9.8608,0.1539,0.4
4.479789,-0.0671,9.8654,0.125,0.39
4.485631,-0.0446,9.8429,0.1506,0.38
4.496269,0.0008,9.8473,0.093,0.36
4.512178,0.0588,9.8517,0.0985,0.37
4.515555,0.0565,9.8531,0.1077,0.37
4.528675,0.0882,9.8645,0.0841,0.38
4.535958,0.0985,9.903,0.0833,0.42
4.54567,0.1107,9.9524,0.1073,0.48
4.562608,0.1277,9.969,0.0823,0.49
4.565568,0.104,9.9654,0.0296,0.48
4.579011,0.0706,9.9529,0.0226,0.46
4.585594,0.0287,9.9406,0.0379,0.44
4.595867,-0.023,9.9125,0.0677,0.42
4.612134,-0.0571,9.8954,0.0684,0.41
4.615416,-0.0739,9.8643,0.102,0.39
4.62973,-0.1163,9.8182,0.1009,0.35
4.635445,-0.1255,9.8009,0.0857,0.34
4.645865,-0.0924,9.8127,0.135,0.35
4.662368,-0.0785,9.8204,0.1601,0.37
4.665355,-0.0815,9.8551,0.145,0.39
4.68039,-0.0581,9.9076,0.1421,0.44
4.685332,-0.0478,9.9449,0.0588,0.45
4.696143,-0.0434,9.9904,-0.0365,0.49
4.705243,-0.0403,9.935,-0.0182,0.44
4.714495,-0.0512,9.9091,0.0079,0.41
4.729673,-0.0363,9.8634,0.0887,0.38
4.735225,-0.0275,9.8399,0.1319,0.37
4.747124,-0.0487,9.8265,0.1828,0.38
4.755303,-0.026,9.81,0.2051,0.37
4.76585,-0.0096,9.8032,0.1683,0.35
4.780693,0.0007,9.8321,0.1346,0.36
4.785277,-0.0061,9.8551,0.1234,0.38
4.797991,-0.018,9.8938,0.0885,0.4
4.805421,-0.0209,9.8883,0.0617,0.39
4.817137,-0.0366,9.8662,0.0508,0.37
4.833993,-0.0395,9.8738,0.0639,0.38
4.835218,-0.0363,9.8617,0.0904,0.37
4.848676,-0.0361,9.8895,0.0745,0.4
4.855139,-0.0596,9.8992,0.0857,0.41
4.865186,-0.0502,9.8801,0.1261,0.4
4.882207,-0.0519,9.8561,0.1556,0.39
4.885223,-0.0447,9.8608,0.1634,0.4
4.898826,-0.0259,9.8915,0.1848,0.43
4.905135,0.0005,9.8959,0.1508,0.42
4.91774,-0.0148,9.8972,0.1411,0.42
4.931871,-0.0103,9.9227,0.1143,0.44
4.9355,0.0338,9.9371,0.1044,0.45
4.94877,0.0379,9.8835,0.0753,0.39
4.955422,0.0438,9.8592,0.1004,0.38
4.966786,0.0224,9.8421,0.0939,0.36
4.982293,-0.0087,9.8281,0.0842,0.34
4.985506,0.0099,9.8661,0.1198,0.39
5.001212,-0.028,9.8472,0.1401,0.38
5.005568,-0.0567,9.8374,0.1359,0.37
5.01508,-0.0495,9.8372,0.1076,0.36
5.031402,-0.0354,9.8348,0.1088,0.35
5.034977,-0.0441,9.8295,0.1053,0.35
5.049195,-0.0301,9.8482,0.1215,0.37
5.05487,0.0107,9.8919,0.1387,0.42
5.065205,0.0313,9.8986,0.131,0.42
5.074676,0.0292,9.8882,0.1271,0.41
5.084919,0.0056,9.895,0.1113,0.41
5.099167,0.0009,9.9027,0.0933,0.41
5.104831,-0.0411,9.8946,0.0893,0.41
5.115528,-0.0475,9.8922,0.0784,0.4
5.124874,-0.0398,9.8821,0.0705,0.39
5.134734,-0.0415,9.8988,0.0754,0.41
5.149914,-0.0175,9.8916,0.0839,0.4
5.155148,-0.0035,9.8846,0.0885,0.39
5.166042,0.0113,9.8536,0.1293,0.38
5.174667,0.001,9.8336,0.1125,0.35
5.184777,-0.0063,9.8295,0.1128,0.35
5.199116,-0.037,9.8174,0.0988,0.33
5.204822,-0.0468,9.8194,0.1249,0.35
5.215486,-0.0636,9.8555,0.1636,0.4
5.225332,-0.0726,9.8747,0.2129,0.44
5.240158,-0.066,9.8818,0.2366,0.45
5.254559,-0.0455,9.9105,0.1776,0.45
5.255003,-0.0102,9.9509,0.0505,0.45
5.268925,0.0041,9.9504,-0.0197,0.45
5.275525,0.0156,9.9093,-0.0101,0.41
5.289931,0.0033,9.8854,0.0093,0.39
5.306945,-0.0116,9.8569,0.0936,0.37
5.307299,-0.0322,9.8194,0.1701,0.36
5.318471,-0.0368,9.813,0.1755,0.36
5.324569,-0.0177,9.8422,0.1625,0.38
5.334293,-0.0318,9.8563,0.164,0.39
5.350887,-0.0299,9.8823,0.1413,0.41
5.354444,-0.0116,9.8799,0.1222,0.4
5.367076,-0.0142,9.8577,0.1073,0.37
5.374417,-0.0168,9.8073,0.0863,0.32
5.38474,-0.02,9.8362,0.0773,0.35
5.401556,0.0015,9.844899999999999,0.0663,0.35
5.404799,-0.0156,9.8568,0.0909,0.37
5.418962,-0.0293,9.8856,0.0913,0.4
5.42484,-0.0201,9.9025,0.0947,0.41
5.434258,-0.0033,9.8856,0.1473,0.41
5.44477,-0.0136,9.8646,0.161,0.4
5.454672,-0.0022,9.8496,0.1699,0.39
5.469825,-0.0,9.8325,0.1666,0.37
5.474142,-0.0194,9.8491,0.1128,0.37
5.486163,0.013,9.8396,0.0519,0.34
5.49404,0.0105,9.8771,0.0493,0.38
5.504293,0.0053,9.9129,0.0261,0.41
5.518641,-0.0018,9.9369,0.0333,0.44
5.523607,0.0172,9.9271,0.0347,0.43
5.535757,0.0308,9.9133,0.0673,0.42
5.544507,0.0259,9.8779,0.0863,0.39
5.55434,0.0308,9.8476,0.0886,0.36
5.571962,0.0428,9.8573,0.1198,0.38
5.574108,0.0054,9.9061,0.1429,0.43
5.586832,-0.0079,9.9069,0.1469,0.43
5.594072,-0.034,9.9126,0.1371,0.44
5.604248,-0.0539,9.8774,0.1343,0.4
5.620754,-0.0849,9.8422,0.1643,0.39
5.625164,-0.0995,9.8267,0.1464,0.37
5.637449,-0.1014,9.8273,0.1823,0.39
5.644626,-0.0888,9.8277,0.1786,0.38
5.65413,-0.0575,9.8201,0.1605,0.36
5.670353,-0.0165,9.8203,0.1598,0.36
5.674083,-0.0166,9.8512,0.1292,0.37
5.688238,0.0073,9.847,0.1107,0.36
5.694146,-0.0065,9.8869,0.0796,0.4
5.704485,-0.0063,9.8748,0.0898,0.39
5.719544,-0.001,9.8918,0.0879,0.4
5.725459,0.02,9.8919,0.1202,0.41
5.736144,0.0082,9.8992,0.1432,0.42
5.74389,0.0013,9.9236,0.1729,0.46
5.753838,-0.0271,9.9097,0.1601,0.44
5.770218,-0.0358,9.9169,0.1627,0.45
5.773797,-0.0475,9.8861,0.1809,0.43
5.787648,-0.0407,9.8502,0.1754,0.39
5.79444,-0.0577,9.8453,0.1613,0.39
5.805325,-0.0338,9.8453,0.1442,0.38
5.821022,-0.0002,9.8452,0.1513,0.38
5.824488,0.0153,9.8434,0.1457,0.37
5.838224,0.0013,9.8379,0.1302,0.36
5.854524,-0.0362,9.8549,0.1576,0.39
5.854851,-0.0388,9.8569,0.1937,0.41
5.864058,-0.0406,9.8568,0.222,0.42
5.873801,-0.0356,9.8905,0.1544,0.42
5.888687,-0.022,9.9159,0.0416,0.42
5.893851,-0.0293,9.9533,-0.0284,0.46
5.905433,-0.0106,9.927,-0.0841,0.44
5.913994,0.0297,9.9319,-0.0752,0.44
5.924254,0.0501,9.9203,-0.0337,0.42
5.940154,0.0408,9.9211,0.0879,0.43
5.943804,0.021,9.8933,0.2007,0.44
5.955734,0.0026,9.8224,0.2874,0.43
5.963691,0.006,9.7682,0.2994,0.4
5.973851,0.0134,9.7445,0.2671,0.36
5.989619,-0.0052,9.7444,0.2115,0.32
5.993586,-0.0048,9.787,0.1544,0.33
6.005856,-0.0279,9.8345,0.1108,0.35
6.014508,-0.0153,9.9088,0.0655,0.41
6.026235,-0.0096,9.9532,0.044,0.46
6.042582,-0.0209,9.9407,0.044,0.44
6.043952,-0.0286,9.9385,0.0592,0.44
6.058439,-0.0401,9.8923,0.0937,0.41
6.068085,-0.0437,9.8514,0.1247,0.38
6.077973,-0.0346,9.8185,0.1772,0.37
6.091075,-0.0484,9.8135,0.1838,0.37
6.09409,-0.0667,9.8374,0.1626,0.38
6.108653,-0.0572,9.8472,0.1547,0.38
6.114185,-0.052,9.9087,0.1295,0.43
6.124949,-0.0448,9.9392,0.0767,0.45
6.142264,-0.0328,9.9487,0.0477,0.45
6.143583,-0.0022,9.9264,0.0588,0.43
6.15876,0.0075,9.9022,0.0401,0.4
6.164071,0.019,9.8764,0.0795,0.39
6.175986,0.0068,9.8408,0.1261,0.36
6.192637,-0.0189,9.8361,0.1625,0.37
6.193534,-0.0238,9.8435,0.1951,0.4
6.208336,-0.0426,9.848700000000001,0.1922,0.4
6.213943,-0.0337,9.8847,0.1723,0.42
6.224786,-0.0337,9.8987,0.1757,0.44
6.24227,-0.0218,9.9103,0.1191,0.43
6.24317,-0.0218,9.9099,0.0846,0.42
6.258862,-0.005,9.8714,0.0861,0.38
6.263415,-0.015,9.8542,0.0683,0.36
6.273758,0.012,9.8468,0.0504,0.35
6.283157,-0.0028,9.8707,0.0579,0.38
6.293181,0.0002,9.8878,0.0801,0.4
6.315649,0.0074,9.9068,0.0938,0.42
6.315954,0.0282,9.933,0.1292,0.45
6.325189,0.0142,9.9071,0.1355,0.43
6.333438,0.0309,9.8853,0.1089,0.4
6.343187,0.0307,9.8884,0.1346,0.41
6.358105,0.0355,9.8645,0.1152,0.38
6.363385,0.0089,9.8286,0.0979,0.34
6.375287,-0.0092,9.8497,0.0935,0.36
6.383474,-0.0271,9.8477,0.0974,0.36
6.393168,-0.014,9.853,0.1069,0.37
6.409556,0.0008,9.8941,0.1183,0.41
6.41307,0.0132,9.9034,0.1414,0.43
6.424698,-0.0169,9.9067,0.1353,0.43
6.433625,-0.0421,9.8871,0.1582,0.42
6.443071,-0.0442,9.8733,0.1739,0.41
6.45967,-0.0593,9.8807,0.17,0.42
6.463664,-0.0515,9.8759,0.1604,0.41
6.479667,-0.0386,9.8881,0.1481,0.42
6.483231,-0.0428,9.8881,0.138,0.41
6.495027,-0.0399,9.8621,0.1479,0.39
6.511751,-0.0577,9.8601,0.1104,0.38
6.513023,-0.047,9.8401,0.1367,0.37
6.532418,-0.0611,9.8402,0.2105,0.4
6.534028,-0.0527,9.8721,0.2088,0.43
6.543886,-0.0319,9.9148,0.1469,0.44
6.560248,-0.0291,9.9453,0.0435,0.45
6.566056,-0.0343,9.954,-0.0172,0.46
6.578167,-0.0274,9.914,-0.0287,0.42
6.583166,-0.0273,9.9232,0.0112,0.42
6.59461,-0.0201,9.9078,0.071,0.41
6.611246,-0.0266,9.8606,0.1229,0.38
6.612847,-0.0212,9.8395,0.2123,0.4
6.627418,-0.0425,9.8214,0.2524,0.41
6.632947,-0.0323,9.8219,0.2554,0.41
6.645404,-0.0252,9.803,0.2426,0.39
6.653334,-0.0236,9.8168,0.2004,0.38
6.663096,-0.0307,9.8264,0.1659,0.37
6.679529,-0.019,9.8708,0.1084,0.39
6.683285,0.0192,9.8922,0.0748,0.4
6.695944,0.0137,9.9036,0.0487,0.41
6.70377,0.0085,9.9243,0.0452,0.43
6.71332,0.0061,9.9339,0.0529,0.44
6.729098,-0.0115,9.8911,0.0939,0.4
6.733085,-0.0069,9.8673,0.1566,0.4
6.745787,-0.0104,9.8265,0.1536,0.36
6.753234,0.0081,9.8216,0.153,0.36
6.763759,0.0058,9.8556,0.1104,0.37
6.779878,0.0105,9.8643,0.0774,0.37
6.782421,0.0006,9.888,0.0576,0.39
6.795022,-0.0086,9.9239,0.0769,0.43
6.802507,-0.0067,9.9458,0.0751,0.45
6.812768,-0.0255,9.9169,0.0529,0.42
6.829646,-0.0302,9.9151,0.0714,0.42
6.832483,-0.0045,9.8741,0.0857,0.38
6.847885,0.029,9.8484,0.0848,0.36
6.852687,0.0185,9.8267,0.1505,0.36
6.865786,-0.0124,9.822,0.1532,0.36
6.879475,-0.0173,9.8373,0.1692,0.38
6.882397,-0.0239,9.8375,0.1753,0.38
6.898195,-0.0305,9.8515,0.1631,0.39
6.902574,-0.0351,9.8616,0.1472,0.39
6.914031,-0.0397,9.8635,0.1495,0.4
6.930212,-0.0193,9.8734,0.128,0.4
6.932571,-0.022,9.8632,0.1129,0.38
6.946882,-0.0269,9.8851,0.1204,0.4
6.952402,-0.0187,9.889,0.1142,0.41
6.96344,0.0051,9.8866,0.098,0.4
6.979302,0.0117,9.8764,0.0561,0.38
6.982372,-0.0101,9.8602,0.0539,0.36
6.997819,-0.0049,9.8931,0.0952,0.4
7.002634,-0.0116,9.8721,0.0934,0.38
7.01459,-0.0398,9.8741,0.1002,0.39
7.032234,-0.0292,9.8913,0.1071,0.41
7.03337,-0.0125,9.9033,0.1101,0.42
7.04917,-0.0325,9.8864,0.1259,0.41
7.052728,-0.0297,9.8795,0.1309,0.4
7.064164,-0.0293,9.8884,0.1054,0.4
7.073029,-0.0312,9.8813,0.1334,0.41
7.082885,-0.0378,9.8812,0.1368,0.41
7.097465,-0.022,9.8619,0.0969,0.38
7.102203,-0.0191,9.8717,0.0738,0.38
7.116703,-0.026,9.8686,0.0813,0.38
7.122296,-0.0427,9.8687,0.1147,0.39
7.132275,-0.0352,9.884,0.1041,0.4
7.148889,-0.0299,9.8882,0.1153,0.41
7.152104,-0.0227,9.8645,0.1194,0.38
7.164686,-0.0126,9.8265,0.1307,0.35
7.174009,-0.0059,9.7858,0.1491,0.32
7.187504,0.0008,9.7979,0.1584,0.34
7.202523,0.0172,9.846,0.2029,0.4
7.203067,-0.0169,9.8889,0.1942,0.44
7.217998,-0.0291,9.9486,0.1134,0.46
7.223214,-0.0434,9.9993,0.0075,0.5
7.23528,-0.0415,9.9701,-0.036,0.47
7.256812,-0.0369,9.9434,-0.0291,0.45
7.257246,-0.042,9.9521,0.0083,0.45
7.265027,-0.059,9.924,0.0815,0.44
7.27609,-0.0555,9.8772,0.1541,0.41
7.288171,-0.0483,9.8164,0.2253,0.39
7.299816,-0.0483,9.7695,0.2624,0.38
7.317127,-0.0266,9.746,0.2311,0.34
7.317926,-0.0322,9.7791,0.2336,0.37
7.32227,-0.0258,9.813,0.2123,0.38
7.334888,-0.0097,9.8245,0.154,0.36
7.353122,0.0369,9.8599,0.111,0.38
7.353577,0.0547,9.8973,0.0889,0.41
7.368429,0.0606,9.8898,0.0615,0.4
7.37262,0.0358,9.9014,0.0528,0.41
7.384464,-0.0028,9.8794,0.0702,0.39
7.392346,-0.0153,9.8675,0.1295,0.39
7.403851,-0.0207,9.8346,0.1339,0.36
7.417815,-0.0045,9.8486,0.1408,0.38
7.422105,0.0068,9.8514,0.1344,0.38
7.433567,-0.0087,9.8821,0.1066,0.4
7.442382,-0.0041,9.9126,0.0842,0.42
7.454084,-0.0045,9.8982,0.05,0.4
7.469759,-0.0188,9.8947,0.0348,0.4
7.471725,-0.0289,9.9214,0.0409,0.42
7.485822,-0.0125,9.9091,0.0298,0.41
7.49213,-0.0298,9.9011,0.0451,0.4
7.502196,-0.0352,9.887,0.0689,0.39
7.519665,-0.0353,9.8853,0.106,0.4
7.521885,-0.0254,9.8976,0.0978,0.41
7.536595,-0.0157,9.8859,0.0964,0.4
7.542231,-0.0072,9.8903,0.104,0.4
7.55299,-0.0047,9.8577,0.1124,0.37
7.569697,-0.0152,9.8579,0.0873,0.37
7.571936,-0.0109,9.8551,0.0766,0.36
7.587049,-0.0164,9.8203,0.0635,0.33
7.591903,-0.0336,9.8107,0.0741,0.32
7.603429,-0.019,9.8231,0.0963,0.34
7.619507,-0.0192,9.8407,0.1399,0.37
7.622217,-0.0221,9.8604,0.1516,0.39
7.638757,-0.0425,9.873,0.1612,0.41
7.641677,-0.0399,9.8736,0.1759,0.41
7.653856,-0.0393,9.8552,0.1637,0.39
7.671185,-0.0321,9.8506,0.1532,0.38
7.671809,-0.0033,9.844,0.1585,0.38
7.69383,0.0291,9.8484,0.1761,0.39
7.694137,0.0455,9.8706,0.1728,0.41
7.706426,0.0433,9.8779,0.174,0.42
7.721325,0.0243,9.89,0.1802,0.43
7.721742,0.0095,9.8882,0.156,0.42
7.737715,-0.006,9.8761,0.1471,0.4
7.741877,-0.0106,9.881,0.1307,0.4
7.755256,-0.0202,9.8827,0.1056,0.4
7.76914,-0.0368,9.8776,0.1155,0.4
7.771801,-0.0428,9.8824,0.1111,0.4
7.787226,-0.0423,9.8652,0.0811,0.38
7.792102,-0.0419,9.8651,0.0916,0.38
7.805069,-0.0319,9.848,0.0971,0.36
7.811863,-0.0229,9.8698,0.1096,0.39
7.822269,-0.0299,9.8407,0.1193,0.36
7.838422,-0.0487,9.7806,0.1466,0.32
7.84162,-0.0434,9.8025,0.1544,0.34
7.854042,-0.0581,9.833,0.1557,0.37
7.861989,-0.058,9.8587,0.1782,0.4
7.871748,-0.0532,9.902,0.0979,0.42
7.889104,-0.0536,9.982099999999999,-0.0099,0.49
7.891504,-0.0205,9.9796,-0.0407,0.48
7.906543,-0.019,9.9403,-0.0619,0.45
7.911376,-0.0044,9.9214,-0.0193,0.42
7.92328,0.009,9.8859,0.0696,0.39
7.940169,0.0038,9.8777,0.1695,0.41
7.941387,-0.0102,9.8156,0.2312,0.39
7.955787,-0.039,9.7711,0.2219,0.35
7.961668,-0.0319,9.7612,0.1876,0.32
7.972715,-0.0273,9.7848,0.1699,0.33
7.990392,-0.0229,9.8152,0.1363,0.34
7.991247,-0.0214,9.8554,0.0991,0.37
8.007088,-0.0121,9.8927,0.066,0.4
8.011843,-0.0076,9.924,0.0248,0.42
8.024069,-0.0161,9.9185,0.0385,0.42
8.040043,-0.0067,9.9082,0.0683,0.41
8.040858,-0.012,9.8772,0.1093,0.39
8.057936,-0.0055,9.8674,0.1519,0.4
8.061286,-0.0058,9.8653,0.1566,0.4
8.074038,-0.032,9.8583,0.1619,0.39
8.090721,-0.0133,9.839,0.103,0.35
8.09124,0.0028,9.8547,0.0772,0.36
8.10733,0.0122,9.8762,0.0526,0.38
8.111094,0.0301,9.9019,0.0351,0.4
8.12278,0.0176,9.9376,0.0409,0.44
8.141234,0.0053,9.9286,0.0618,0.43
8.141581,0.0173,9.9019,0.0709,0.41
8.158235,-0.0133,9.8742,0.1002,0.39
8.161086,-0.0348,9.8427,0.1296,0.37
8.175535,-0.0462,9.8461,0.1661,0.39
8.181351,-0.0525,9.8224,0.1801,0.37
8.191859,-0.052,9.8085,0.1728,0.36
8.208429,-0.0227,9.8435,0.1322,0.37
8.210966,-0.0257,9.8291,0.0871,0.34
8.224947,-0.0226,9.867,0.0521,0.37
8.231215,-0.0134,9.9348,0.0725,0.44
8.24082,0.0174,9.9249,0.0881,0.43
8.256292,0.0034,9.9202,0.083,0.43
8.260953,-0.0251,9.913499999999999,0.0786,0.42
8.278623,-0.0099,9.8591,0.089,0.37
8.280701,-0.0148,9.8423,0.0708,0.35
8.291988,-0.0244,9.8287,0.0624,0.34
8.315297,-0.019,9.8172,0.0996,0.33
8.315837,0.0003,9.8367,0.0899,0.35
8.329086,0.0123,9.8491,0.0842,0.36
8.344477,-0.0117,9.892900000000001,0.1309,0.41
8.360313,-0.0186,9.8623,0.1316,0.39
8.3608,-0.0252,9.8527,0.164,0.39
8.379883,-0.0367,9.858,0.1559,0.39
8.384201,-0.0459,9.8414,0.1548,0.38
8.394789,-0.0386,9.8276,0.142,0.36
8.40978,-0.0334,9.8448,0.1384,0.37
8.410643,-0.0503,9.8539,0.1498,0.39
8.426622,-0.0355,9.8612,0.1759,0.4
8.430802,-0.0216,9.8663,0.1652,0.4
8.442862,-0.0002,9.8593,0.1479,0.39
8.460482,-0.0242,9.8494,0.1408,0.38
8.460837,-0.0033,9.8494,0.1528,0.38
8.477039,0.0016,9.8544,0.1748,0.4
8.480811,-0.0076,9.8524,0.1907,0.4
8.494429,-0.0278,9.8613,0.1724,0.4
8.51107,-0.006,9.8778,0.1329,0.4
8.527189,0.007,9.907399999999999,-0.0098,0.41
8.544523,-0.0004,9.8997,-0.0434,0.4
8.551043,-0.0053,9.881,0.0344,0.38
8.561458,-0.002,9.8646,0.1044,0.38
8.576378,-0.0166,9.8581,0.1712,0.4
8.580668,-0.0469,9.8297,0.2203,0.4
8.595164,-0.0346,9.8138,0.1925,0.37
8.600361,-0.0365,9.8179,0.1957,0.38
8.611443,-0.0364,9.8326,0.144,0.36
8.628344,-0.0364,9.8511,0.098,0.37
8.630256,-0.0246,9.8674,0.0454,0.37
8.64527,0.0008,9.8808,0.0615,0.39
8.650864,0.0102,9.8705,0.0486,0.37
8.660747,0.0033,9.8544,0.0949,0.37
8.678712,-0.0185,9.8874,0.1039,0.4
8.680484,-0.0132,9.8924,0.1158,0.41
8.695135,-0.0231,9.8924,0.1588,0.42
8.700627,-0.0303,9.8663,0.1165,0.39
8.711362,-0.0285,9.8559,0.0887,0.37
8.72923,-0.0019,9.8577,0.057,0.36
8.730047,-0.0191,9.8483,0.0362,0.35
8.745147,-0.029,9.877,0.0203,0.38
8.750689,-0.0001,9.8889,0.0426,0.39
8.762831,-0.024,9.898,0.0405,0.4
8.778567,-0.0359,9.8964,0.1101,0.41
8.780336,-0.0357,9.9036,0.1307,0.43
8.796361,-0.0258,9.8781,0.175,0.42
8.8006,-0.019,9.8495,0.1828,0.39
8.812594,-0.0143,9.8397,0.1989,0.39
8.830021,-0.0294,9.8428,0.1914,0.39
8.830383,-0.0214,9.8446,0.1319,0.37
8.84561,0.0042,9.8354,0.0947,0.35
8.850281,-0.0078,9.8392,0.0835,0.35
8.861759,-0.006,9.8821,0.0793,0.39
8.880569,-0.01,9.8851,0.1122,0.4
8.880911,-0.03,9.8921,0.1049,0.41
8.897282,-0.0435,9.8853,0.0972,0.4
8.900397,-0.0433,9.8755,0.0985,0.39
8.913697,-0.06,9.8588,0.1075,0.38
8.920485,-0.0428,9.836,0.1016,0.35
8.931773,-0.0378,9.8212,0.0869,0.33
8.947259,-0.021,9.8403,0.0985,0.35
8.950212,-0.0211,9.8333,0.114,0.35
8.973033,-0.0237,9.8574,0.119,0.38
8.973415,0.0005,9.8865,0.1359,0.41
8.982541,-0.0045,9.8933,0.1144,0.41
8.995054,-0.0014,9.8931,0.106,0.41
8.999783,0.0035,9.891,0.1016,0.4
9.013387,-0.0117,9.8689,0.0969,0.38
9.020204,-0.0072,9.886,0.1038,0.4
9.03161,-0.0175,9.869,0.1152,0.39
9.046396,-0.0263,9.8643,0.1145,0.38
9.050428,-0.026,9.8434,0.126,0.37
9.064429,-0.0211,9.8124,0.1308,0.34
9.070294,-0.0244,9.8005,0.1524,0.34
9.08162,-0.008,9.7906,0.1712,0.34
9.098345,0.0051,9.8316,0.2141,0.39
9.099974,0.0125,9.8933,0.2076,0.44
9.115202,0.0189,9.929,0.1829,0.47
9.119959,0.0001,9.9524,0.084,0.46
9.130299,-0.0097,9.9728,-0.0187,0.47
9.146595,-0.0146,9.9536,-0.0493,0.46
9.150031,-0.0196,9.8916,-0.0257,0.39
9.163591,-0.033,9.8441,0.0494,0.35
9.16982,-0.0276,9.8239,0.1356,0.35
9.180258,-0.0539,9.7908,0.1916,0.35
9.197337,-0.0571,9.7843,0.2115,0.36
9.199429,-0.0566,9.7625,0.1935,0.33
9.21545,-0.0526,9.7916,0.2039,0.36
9.219434,-0.0528,9.8291,0.1505,0.37
9.230308,-0.0414,9.8715,0.1138,0.39
9.249832,-0.0299,9.8979,0.0973,0.41
9.250228,-0.0203,9.8992,0.0713,0.41
9.267119,-0.0039,9.9038,0.0508,0.41
9.269684,-0.0091,9.8676,0.0733,0.37
9.286179,-0.0233,9.8458,0.1012,0.36
9.289767,-0.0317,9.8298,0.1227,0.35
9.312998,-0.024,9.8347,0.1159,0.36
9.33117,-0.0094,9.8771,0.096,0.39
9.339318,-0.0136,9.8909,0.0636,0.4
9.349824,-0.0003,9.9099,0.0589,0.41
9.365118,0.001,9.8959,0.0758,0.4
9.369474,-0.0135,9.9029,0.1081,0.42
9.383905,0.0147,9.8671,0.1295,0.39
9.389742,0.0112,9.8223,0.1496,0.36
9.399785,0.0018,9.8485,0.149,0.38
9.419197,-0.0055,9.8264,0.1281,0.35
9.419743,-0.0019,9.8312,0.1137,0.35
9.440313,-0.0143,9.8291,0.1313,0.35
9.440716,-0.0047,9.8479,0.1251,0.37
9.450694,0.0,9.8716,0.0952,0.38
9.465599,0.0236,9.8854,0.0857,0.4
9.469223,0.0204,9.8884,0.1098,0.4
9.485164,0.0016,9.8784,0.1144,0.4
9.489667,-0.0072,9.8836,0.111,0.4
9.500037,-0.0049,9.8616,0.1041,0.38
9.517842,-0.0095,9.8526,0.09,0.36
9.519521,-0.0352,9.8337,0.1087,0.35
9.53466,-0.0226,9.8238,0.0845,0.34
9.539495,-0.027,9.844899999999999,0.1221,0.37
9.552104,-0.0166,9.853,0.1299,0.38
9.568195,-0.0214,9.8841,0.1248,0.4
9.569243,-0.0191,9.879,0.1418,0.41
9.585333,-0.0398,9.8771,0.1317,0.4
9.589392,-0.0563,9.879,0.0912,0.39
9.602008,-0.0437,9.869,0.0914,0.38
9.618569,-0.0552,9.8689,0.0878,0.38
9.61902,-0.0499,9.8839,0.0801,0.4
9.636834,-0.0291,9.9079,0.0682,0.41
9.638885,-0.0076,9.9029,0.1067,0.42
9.652663,-0.0029,9.8452,0.1366,0.37
9.669235,-0.0015,9.8145,0.178,0.36
9.669601,-0.0,9.7908,0.1839,0.34
9.6858,0.0024,9.8029,0.1934,0.36
9.689175,-0.0048,9.8248,0.1979,0.38
9.703301,-0.0251,9.8574,0.1326,0.38
9.719922,-0.0251,9.9127,0.0657,0.42
9.720291,-0.0131,9.9454,0.0023,0.45
9.736582,-0.0131,9.9502,-0.0064,0.45
9.73898,-0.0011,9.9385,0.0524,0.44
9.753467,-0.0049,9.9172,0.1171,0.43
9.758981,-0.0027,9.8539,0.1813,0.4
9.769919,0.0094,9.8066,0.2148,0.37
9.786527,-0.0125,9.8,0.2389,0.38
9.789275,0.0024,9.7732,0.2071,0.34
9.803533,-0.0125,9.8071,0.158,0.35
9.809106,-0.026,9.8467,0.1447,0.38
9.820963,-0.0306,9.8631,0.1159,0.38
9.836668,-0.0303,9.8914,0.0683,0.4
9.838414,-0.0473,9.9249,0.0554,0.43
9.8536,-0.0391,9.9006,0.0527,0.41
9.859776,-0.0063,9.8854,0.0623,0.39
9.871251,0.0004,9.8615,0.101,0.38
9.88729,-0.0035,9.8446,0.1357,0.37
9.888733,-0.0036,9.8286,0.1575,0.36
9.904804,0.0032,9.8355,0.1119,0.35
9.90908,-0.0117,9.8353,0.07,0.34
9.921373,0.0003,9.88,0.055,0.38
9.937964,0.0102,9.9118,0.0457,0.41
9.93885,0.008,9.9157,0.0511,0.42
9.954754,-0.0158,9.8998,0.0628,0.4
9.959154,-0.0185,9.883,0.0643,0.39
9.971168,-0.0253,9.8541,0.0904,0.37
9.988509,-0.0231,9.8236,0.1321,0.35
9.988894,-0.0346,9.854800000000001,0.1469,0.39
10.004968,-0.026,9.857099999999999,0.1563,0.39
10.008995,-0.01,9.8412,0.1778,0.38
10.01956,-0.0049,9.8192,0.1436,0.35
10.039053,0.0098,9.8311,0.1299,0.36
10.039511,0.0491,9.8529,0.0917,0.37
10.055771,0.0399,9.8336,0.0804,0.35
10.058666,0.0537,9.8494,0.0575,0.36
10.07165,0.0539,9.8833,0.0679,0.39
10.079277,0.0185,9.8973,0.075,0.4
10.089536,-0.0235,9.9046,0.1013,0.42
10.104575,-0.0604,9.896,0.1706,0.44
10.10903,-0.0936,9.8985,0.196,0.45
10.120429,-0.1167,9.8609,0.2087,0.43
10.129283,-0.101,9.8421,0.1938,0.41
10.139418,-0.1153,9.8301,0.165,0.39
10.153497,-0.1047,9.832,0.1313,0.37
10.158301,-0.0926,9.849,0.1229,0.38
10.16994,-0.0909,9.8657,0.1085,0.39
10.178153,-0.0679,9.9136,0.1329,0.44
10.188096,-0.0503,9.9275,0.1359,0.45
10.210783,-0.0452,9.8915,0.1713,0.43
10.211576,-0.0248,9.8655,0.1711,0.4
10.223715,-0.0214,9.8025,0.1829,0.35
10.228067,-0.0228,9.7694,0.1682,0.32
10.241096,-0.0033,9.7951,0.198,0.36
10.261407,-0.0047,9.8406,0.1566,0.37
10.262019,0.0205,9.8779,0.1249,0.4
10.27601,0.0187,9.9111,0.0568,0.42
10.283442,0.0377,9.9602,-0.0124,0.46
10.292061,0.0357,9.9337,-0.0687,0.44
10.310797,0.0291,9.9096,-0.0395,0.41
10.311573,0.0208,9.869,0.0241,0.37
10.323197,0.0245,9.8144,0.1028,0.33
10.329094,0.0163,9.8079,0.1537,0.34
10.33938,0.0084,9.8172,0.1902,0.37
10.357577,-0.023,9.8203,0.1636,0.36
10.358019,-0.0237,9.8292,0.169,0.37
10.3718,-0.0223,9.855,0.138,0.38
10.376836,-0.0328,9.8625,0.1136,0.38
10.388562,-0.0133,9.8742,0.1149,0.39
10.398189,0.0069,9.8828,0.111,0.4
10.407831,0.0435,9.8566,0.0999,0.37
10.422613,0.0573,9.8733,0.1174,0.4
10.427766,0.0653,9.8413,0.1225,0.37
10.437821,0.0218,9.8532,0.1129,0.37
10.457666,0.0077,9.8533,0.1315,0.38
10.458161,-0.018,9.8342,0.0818,0.34
10.476062,0.0097,9.8341,0.0702,0.34
10.477834,-0.0025,9.849,0.0753,0.36
10.491618,-0.0264,9.8701,0.0803,0.38
10.498508,-0.0162,9.8991,0.0768,0.41
10.509429,-0.0229,9.9214,0.0839,0.43
10.525474,-0.0462,9.9019,0.0965,0.42
10.528353,-0.0403,9.8623,0.1068,0.38
10.543432,-0.0139,9.8627,0.1142,0.38
10.547921,-0.0205,9.8342,0.1416,0.36
10.559486,-0.0368,9.8245,0.1165,0.35
10.58141,-0.0342,9.8157,0.1209,0.34
10.581844,-0.0353,9.8248,0.1186,0.35
10.594544,-0.0226,9.8539,0.0993,0.37
10.597689,-0.0202,9.878,0.0959,0.39
10.608306,-0.0264,9.8733,0.0951,0.39
10.626146,-0.0208,9.8666,0.113,0.38
10.627681,-0.0064,9.877,0.1235,0.4
10.643446,-0.0148,9.8574,0.1153,0.38
10.648247,-0.0119,9.8608,0.136,0.39
10.661159,0.0007,9.8511,0.1366,0.38
10.676393,0.0013,9.8374,0.1136,0.36
10.677796,-0.024,9.8686,0.1248,0.39
10.693869,-0.0353,9.8639,0.112,0.38
10.697921,-0.0259,9.855,0.0975,0.37
10.710316,-0.0414,9.8593,0.0986,0.37
10.726939,-0.0202,9.8745,0.1058,0.39
10.727397,0.0276,9.8888,0.1116,0.41
10.744102,0.0226,9.8722,0.1154,0.39
10.748034,0.016,9.8584,0.1301,0.38
10.760498,0.0352,9.8297,0.1464,0.36
10.777947,0.0266,9.8018,0.1408,0.33
10.778342,0.0102,9.8228,0.1677,0.36
10.792706,-0.0252,9.8659,0.1959,0.42
10.797917,-0.0269,9.8895,0.1143,0.41
10.811222,-0.0295,9.918,0.0803,0.43
10.827822,0.0067,9.9395,-0.0038,0.44
10.828209,0.0189,9.9582,-0.0743,0.46
10.84373,0.0243,9.9312,-0.0773,0.44
10.847835,0.0269,9.8718,0.0116,0.37
10.859569,0.0091,9.8416,0.0974,0.36
10.868231,-0.0086,9.8235,0.163,0.36
10.878551,-0.0361,9.7985,0.2149,0.37
10.895297,-0.0607,9.7871,0.2107,0.36
10.897488,-0.0524,9.8084,0.1978,0.37
10.911779,-0.0497,9.8353,0.1433,0.37
10.917931,-0.0529,9.823,0.1135,0.35
10.928862,-0.0434,9.8586,0.0882,0.37
10.94656,-0.0312,9.9014,0.0754,0.41
10.94756,-0.0043,9.92,0.0624,0.42
10.96134,0.0077,9.906,0.0507,0.41
10.967809,0.0146,9.8821,0.0762,0.39
10.978575,-0.0141,9.8843,0.1012,0.4
10.995617,-0.012,9.8656,0.1085,0.38
10.997346,-0.0187,9.8366,0.0883,0.35
11.012635,-0.0088,9.8467,0.1001,0.36
11.017632,-0.0208,9.8726,0.0981,0.39
11.029662,-0.0069,9.8747,0.0623,0.38
11.045674,-0.007,9.8866,0.0655,0.39
11.047295,-0.0069,9.8915,0.0488,0.39
11.062568,-0.0189,9.8986,0.0555,0.4
11.06758,-0.0021,9.8916,0.0433,0.39
11.077474,0.0116,9.9019,0.0765,0.41
11.096401,0.0167,9.8971,0.113,0.41
11.097354,0.0407,9.8976,0.1285,0.42
11.11325,0.0597,9.848,0.1409,0.38
11.117291,0.0296,9.8315,0.1584,0.37
11.129774,0.0115,9.8078,0.1366,0.34
11.144174,-0.0045,9.7858,0.1145,0.31
11.146834,-0.0178,9.7786,0.0722,0.29
11.160553,-0.0226,9.8002,0.0139,0.3
11.167152,-0.0128,9.8447,-0.0272,0.35
11.178657,-0.0062,9.8875,-0.0142,0.39
11.194639,0.0006,9.9505,0.0287,0.45
11.196778,0.0055,9.9666,0.083,0.47
11.220095,-0.0111,9.9579,0.1197,0.47
11.220723,-0.0344,9.9033,0.1096,0.42
11.232966,-0.0576,9.8796,0.0986,0.4
11.237655,-0.0638,9.822,0.1003,0.34
11.248735,-0.0344,9.8272,0.0944,0.34
11.268224,-0.0326,9.8344,0.0868,0.35
11.268615,-0.0111,9.8705,0.0902,0.38
11.283222,0.0002,9.8874,0.1001,0.4
11.289734,-0.0056,9.8735,0.1048,0.39
11.309588,-0.0213,9.8615,0.0948,0.37
11.310146,-0.0337,9.8615,0.1138,0.38
11.317117,-0.0172,9.8656,0.1595,0.4
11.328029,-0.0414,9.8615,0.1545,0.4
11.336555,-0.0319,9.8874,0.1309,0.41
11.346559,-0.0066,9.9132,0.0818,0.42
11.362749,0.0044,9.9128,0.0228,0.41
11.366446,0.0511,9.8966,-0.0177,0.4
11.38013,0.0401,9.8888,0.0084,0.39
11.387709,0.0352,9.8563,0.0636,0.36
11.396611,0.0177,9.8276,0.1147,0.35
11.413464,-0.0113,9.8071,0.1511,0.34
11.416503,-0.0167,9.8164,0.2117,0.38
11.431299,0.0029,9.8285,0.1904,0.38
11.43642,-0.0146,9.8114,0.1837,0.36
11.446438,-0.032,9.8399,0.1252,0.36
11.463056,-0.0274,9.8463,0.066,0.35
11.466454,-0.0225,9.8526,0.0448,0.36
11.482672,-0.0308,9.8568,0.0274,0.36
11.486568,-0.04,9.8732,0.0015,0.38
11.496803,0.0095,9.8918,0.0003,0.39
11.514968,0.0157,9.9014,0.0167,0.4
11.51655,0.0133,9.901299999999999,0.0772,0.41
11.535923,0.0218,9.9101,0.0556,0.41
11.536545,0.0497,9.8839,0.0751,0.39
11.550058,0.0607,9.8836,0.0448,0.39
11.565331,0.0906,9.8855,0.0473,0.4
11.566493,0.0685,9.9144,0.0384,0.42
11.584073,0.0032,9.907399999999999,0.0431,0.41
11.588087,0.0197,9.9176,0.0636,0.42
11.599841,-0.0094,9.9147,0.058,0.42
11.606715,-0.0182,9.874,0.0961,0.39
11.61679,-0.0417,9.8462,0.1072,0.36
11.63138,-0.0439,9.8315,0.1101,0.35
11.636548,-0.0617,9.8248,0.1213,0.35
11.648962,-0.0584,9.844,0.1189,0.37
11.656791,-0.0281,9.8631,0.0929,0.38
11.666812,-0.0198,9.88,0.0783,0.39
11.682685,0.0103,9.899000000000001,0.0549,0.4
11.686205,0.025,9.9158,0.0345,0.42
11.698968,0.0544,9.9207,0.0156,0.42
11.706608,0.0718,9.907,0.0287,0.41
11.717508,0.0502,9.8804,0.0155,0.38
11.73222,0.0586,9.8117,0.0165,0.32
11.736583,0.0683,9.747,0.0037,0.26
11.750944,0.0603,9.6901,-0.0057,0.2
11.756729,0.1201,9.7092,0.0078,0.24
11.766497,0.1144,9.7456,0.0594,0.28
11.782773,0.1005,9.8733,0.1345,0.41
11.786393,0.0763,9.902,0.1485,0.44
11.80087,0.0622,9.9296,0.1658,0.46
11.806647,0.0012,9.9391,0.1962,0.48
11.816864,-0.0061,9.9494,0.1973,0.49
11.83414,-0.0394,9.9207,0.187,0.46
11.836189,-0.049,9.8898,0.202,0.44
11.84988,-0.0678,9.8849,0.1873,0.43
11.856261,-0.1235,9.8848,0.1689,0.44
11.866705,-0.1541,9.8706,0.1132,0.42
11.884791,-0.171,9.9203,0.0497,0.46
11.886549,-0.1723,9.9352,0.0057,0.47
11.901193,-0.164,9.9304,0.0293,0.46
11.906492,-0.1106,9.9498,0.1066,0.48
11.916383,-0.1355,9.9315,0.1852,0.49
11.934349,-0.1491,9.8742,0.2596,0.48
11.93585,-0.1594,9.8078,0.2907,0.45
11.950485,-0.1478,9.767,0.2523,0.4
11.955987,-0.1536,9.7357,0.1765,0.33
11.967149,-0.1175,9.7401,0.1074,0.29
11.976133,-0.0634,9.773,0.0641,0.29
11.986367,-0.0395,9.8267,0.0085,0.33
12.002643,0.0106,9.8466,0.0212,0.35
12.005896,0.0249,9.8527,0.0193,0.35
12.017472,0.0191,9.8788,0.0151,0.38
12.025375,0.0282,9.8591,0.07,0.37
12.036032,0.0543,9.8297,0.1312,0.36
12.050583,0.026,9.8173,0.1465,0.35
12.056094,0.0089,9.8285,0.108,0.35
12.068515,0.0544,9.8562,0.0295,0.36
12.075668,0.1014,9.9066,-0.0438,0.42
12.085641,0.1397,9.9769,-0.0649,0.5
12.100885,0.1714,10.0523,-0.0975,0.59
12.106245,0.1699,10.0802,-0.0605,0.61
12.122779,0.1662,10.0455,-0.0407,0.57
12.125658,0.1451,9.9371,-0.0032,0.46
12.137341,0.0907,9.856,0.0073,0.37
12.154043,0.0747,9.7672,0.0547,0.28
12.155767,0.0488,9.7606,0.0747,0.28
12.172691,0.0379,9.7867,0.0842,0.3
12.175754,0.0555,9.8329,0.0978,0.35
12.186506,0.0493,9.8619,0.0908,0.38
12.202512,0.0141,9.9188,0.0842,0.43
12.206252,-0.0042,9.9409,0.096,0.45
12.220035,-0.0173,9.9359,0.0481,0.44
12.225332,-0.0453,9.886,0.0858,0.4
12.236469,-0.0868,9.8383,0.1021,0.36
12.253091,-0.1192,9.8095,0.0898,0.34
12.255306,-0.1316,9.7977,0.0875,0.34
12.269757,-0.161,9.8118,0.0771,0.36
12.275948,-0.1559,9.8408,0.0512,0.38
12.287431,-0.1313,9.894,0.0718,0.42
12.307611,-0.128,9.9392,0.0662,0.46
12.308014,-0.0952,9.9733,0.0733,0.49
12.319396,-0.0837,9.9687,0.1118,0.49
12.325371,-0.0863,9.9211,0.1375,0.45
12.335978,-0.0679,9.8353,0.1574,0.38
12.345418,-0.0497,9.7974,0.1307,0.33
12.355127,-0.0438,9.7894,0.1117,0.31
12.368955,-0.0585,9.8112,0.0854,0.33
12.37647,-0.0336,9.8708,0.0417,0.37
12.388492,-0.0128,9.9394,-0.0118,0.44
12.395776,0.0077,9.9921,-0.0454,0.49
12.406709,0.0292,9.9851,-0.0668,0.49
12.425543,0.0636,9.9355,-0.0254,0.44
12.42615,0.0698,9.8539,0.0222,0.36
12.441374,0.0821,9.7446,0.0553,0.26
12.447085,0.0618,9.7355,0.1327,0.28
12.461588,0.0573,9.7794,0.1731,0.33
12.474232,0.0559,9.8142,0.2288,0.39
12.475359,0.0662,9.8767,0.2503,0.46
12.488337,0.0647,9.9111,0.2639,0.49
12.495606,0.0614,9.916,0.2517,0.49
12.50533,0.0266,9.8888,0.1854,0.43
12.522714,0.024,9.8385,0.1198,0.36
12.525159,0.0287,9.826,0.0754,0.34
12.538149,0.0257,9.8257,0.0797,0.34
12.545201,-0.0284,9.8564,0.0877,0.37
12.555876,-0.0485,9.8921,0.0907,0.41
12.572273,-0.0548,9.9229,0.0661,0.43
12.575344,-0.0644,9.9447,0.0642,0.45
12.589843,-0.0663,9.9442,0.0157,0.45
12.595439,-0.0574,9.8838,-0.0037,0.39
12.605347,-0.0424,9.8423,-0.0221,0.35
12.622698,0.0051,9.818,-0.0249,0.32
12.625408,-0.0,9.8059,0.0135,0.31
12.640088,-0.0264,9.8301,0.0609,0.34
12.646551,-0.0533,9.8424,0.1029,0.36
12.65673,-0.0437,9.8425,0.0975,0.36
12.672279,-0.0333,9.8666,0.1112,0.38
12.675231,-0.024,9.8927,0.1382,0.42
12.691528,-0.024,9.8977,0.1402,0.42
12.695468,-0.002,9.9078,0.1111,0.42
12.706601,0.0028,9.8858,0.1258,0.41
12.715349,0.0146,9.8809,0.1223,0.4
12.724918,0.0051,9.857099999999999,0.1387,0.38
12.74067,-0.0272,9.8772,0.1533,0.41
12.745346,-0.0464,9.8573,0.1263,0.38
12.756652,-0.0662,9.8482,0.1028,0.37
12.765218,-0.0535,9.8619,0.0439,0.37
12.775243,-0.0462,9.8716,0.0143,0.37
12.790419,-0.0364,9.8782,-0.0173,0.38
12.794767,-0.0181,9.8899,-0.0282,0.39
12.807273,0.0074,9.8709,0.0079,0.37
12.815336,0.0189,9.876,0.0641,0.38
12.825794,0.0118,9.8473,0.0873,0.36
12.841376,0.0069,9.8403,0.09,0.35
12.844968,0.0357,9.8134,0.1227,0.34
12.856854,0.0116,9.8404,0.1446,0.37
12.865147,0.0044,9.8923,0.159,0.42
12.875093,0.0011,9.928,0.1261,0.45
12.891238,0.0245,9.9446,0.1016,0.46
12.894711,0.0431,9.9392,0.0461,0.44
12.906479,0.0343,9.9439,-0.0078,0.45
12.914618,0.0487,9.887,0.02,0.39
12.92462,0.0168,9.8585,0.0783,0.37
12.940886,-0.0107,9.8612,0.1497,0.39
12.944591,-0.033,9.826,0.2311,0.4
12.95801,-0.0265,9.7714,0.2606,0.38
12.964554,-0.0318,9.7404,0.1993,0.31
12.974757,-0.0144,9.7378,0.1585,0.29
12.991115,-0.0268,9.7799,0.0885,0.29
12.994492,-0.0375,9.867,0.0615,0.37
13.012618,-0.0723,9.948,0.038,0.46
13.014354,-0.1164,9.9924,0.0319,0.51
13.028417,-0.14,9.9999,0.034,0.52
13.046837,-0.1638,9.9795,0.0494,0.51
13.04757,-0.1478,9.8984,0.0956,0.44
13.06746,-0.1359,9.8435,0.0876,0.38
13.068003,-0.1024,9.8436,0.1072,0.37
13.077938,-0.0927,9.8406,0.0902,0.36
13.094037,-0.0415,9.8694,0.0518,0.38
13.09454,-0.0018,9.8812,0.0523,0.38
13.109152,0.0227,9.8811,0.0404,0.38
13.114471,0.0281,9.896,0.0143,0.4
13.127125,0.0483,9.879,-0.0047,0.38
13.13526,0.0583,9.85,0.0373,0.36
13.144375,0.0702,9.8434,0.0717,0.36
13.160043,0.0643,9.8318,0.0749,0.35
13.164923,0.0598,9.8972,0.1089,0.42
13.177884,0.0635,9.9256,0.1382,0.45
13.184444,0.0267,9.9357,0.1511,0.46
13.194771,0.0328,9.9568,0.1247,0.47
13.209891,0.0253,9.8978,0.1059,0.41
13.214489,0.0418,9.8275,0.0605,0.34
13.226076,0.0312,9.8034,0.0537,0.31
13.234628,0.0437,9.8101,0.0312,0.31
13.245285,0.018,9.8298,0.0202,0.33
13.26141,0.0081,9.8648,0.0138,0.37
13.263944,-0.0245,9.9058,0.0466,0.41
13.27807,-0.0516,9.954,0.0659,0.46
13.284495,-0.0658,9.9642,0.0571,0.47
13.306587,-0.0592,9.9376,0.0707,0.45
13.307134,-0.0784,9.8999,0.0899,0.42
13.313924,-0.0952,9.8286,0.1164,0.36
13.32639,-0.1157,9.7794,0.1495,0.34
13.334436,-0.1064,9.7731,0.1587,0.33
13.343932,-0.1011,9.7978,0.1919,0.37
13.360902,-0.1012,9.8384,0.2087,0.41
13.364333,-0.0797,9.8778,0.2169,0.44
13.377167,-0.067,9.9331,0.2039,0.48
13.383871,-0.019,9.9571,0.1338,0.48
13.397295,0.008,9.9539,0.0619,0.46
13.414054,0.0298,9.9378,-0.0143,0.44
13.415626,0.0111,9.9062,0.0011,0.41
13.43191,0.0216,9.9028,0.0411,0.41
13.433869,-0.0037,9.892,0.1155,0.41
13.450488,-0.0048,9.8712,0.1983,0.42
13.464914,0.0249,9.8273,0.2327,0.4
13.465362,0.0383,9.770199999999999,0.2315,0.36
13.479444,0.0441,9.7494,0.1496,0.29
13.483941,0.0568,9.789,0.1233,0.32
13.498491,0.042,9.8127,0.1073,0.33
13.512521,0.018,9.8775,0.0634,0.38
13.51407,-0.0179,9.8912,0.0356,0.39
13.530773,-0.0386,9.9129,0.0279,0.42
13.534102,-0.0469,9.9094,0.0008,0.41
13.547243,-0.0541,9.8639,-0.0265,0.37
13.554152,-0.0597,9.8372,-0.0502,0.35
13.563927,-0.0262,9.8027,-0.053,0.31
13.579991,-0.0126,9.7853,-0.0347,0.29
13.584133,0.0447,9.7882,0.0053,0.29
13.59648,0.0614,9.8386,0.0602,0.35
13.60462,0.0422,9.901,0.0965,0.41
13.614506,-0.0083,9.9807,0.1254,0.5
13.629423,-0.0526,10.0124,0.1488,0.54
13.634216,-0.0637,9.9973,0.2008,0.54
13.647961,-0.0278,9.9502,0.2415,0.51
13.653985,0.0333,9.9078,0.2235,0.47
13.664079,0.0559,9.8414,0.2311,0.42
13.680229,0.031,9.8008,0.2245,0.38
13.683636,0.0026,9.748,0.1808,0.31
13.698322,-0.0211,9.7619,0.1551,0.31
13.704122,-0.0441,9.7976,0.1242,0.33
13.713701,-0.0974,9.8452,0.09,0.37
13.732483,-0.1197,9.8909,0.0968,0.42
13.734346,-0.125,9.9116,0.0865,0.44
13.747077,-0.1147,9.9192,0.1168,0.45
13.753355,-0.0851,9.9448,0.0843,0.46
13.763411,-0.071,9.9255,0.0978,0.44
13.781127,-0.0425,9.8742,0.0921,0.39
13.783539,-0.0125,9.8547,0.0774,0.36
13.79729,-0.0068,9.8384,0.0942,0.35
13.803408,0.0187,9.8283,0.1047,0.35
13.818471,0.0143,9.787,0.1143,0.31
13.833331,0.0113,9.8087,0.1153,0.33
13.833932,0.0223,9.8292,0.0961,0.34
13.849675,0.0183,9.8677,0.1188,0.39
13.855117,-0.015,9.9031,0.1429,0.43
13.867687,-0.0343,9.9216,0.1452,0.45
13.882756,-0.0176,9.9347,0.0813,0.44
13.883729,-0.0516,9.9508,0.0247,0.45
13.898399,-0.0519,9.945,-0.039,0.45
13.903806,-0.0264,9.9184,-0.1056,0.43
13.915282,-0.0335,9.8722,-0.093,0.39
13.923674,-0.0001,9.8655,0.0035,0.37
13.933452,-0.0083,9.8591,0.0943,0.37
13.94838,0.0083,9.8497,0.1618,0.39
13.953635,0.0196,9.8453,0.2237,0.41
13.965778,0.0072,9.836500000000001,0.2138,0.4
13.973267,0.0099,9.8194,0.1828,0.37
13.983323,0.0016,9.7983,0.1661,0.34
13.999518,-0.0126,9.829,0.1095,0.35
14.003634,-0.0031,9.8807,0.0988,0.39
14.0165,-0.0064,9.8883,0.0811,0.4
14.023578,-0.0156,9.9209,0.0685,0.43
14.032962,-0.0157,9.9038,0.0951,0.42
14.049576,-0.0136,9.8607,0.1172,0.38
14.053734,-0.0184,9.848700000000001,0.1193,0.37
14.066138,-0.0338,9.8226,0.094,0.34
14.073592,-0.0263,9.8434,0.0829,0.35
14.083696,-0.0289,9.8911,0.0619,0.4
14.101094,-0.0067,9.9029,0.0319,0.4
14.103136,-0.0322,9.9197,0.0206,0.42
14.117105,-0.0277,9.9177,0.0567,0.42
14.123283,0.0065,9.8937,0.035,0.4
14.134166,0.004,9.8667,0.05,0.37
14.150838,0.0213,9.8627,0.0688,0.37
14.153131,0.0047,9.8526,0.0501,0.36
14.167959,0.0032,9.8646,0.067,0.37
14.173231,0.0273,9.8938,0.0788,0.4
14.18365,0.0274,9.8698,0.0737,0.38
14.200367,0.009,9.8888,0.0946,0.4
14.203288,0.019,9.8821,0.1019,0.4
14.217751,-0.0037,9.8554,0.1171,0.37
14.223395,-0.0253,9.8417,0.1227,0.36
14.235094,-0.0409,9.8491,0.1147,0.37
14.251362,-0.0546,9.8375,0.1303,0.37
14.252659,-0.0842,9.844899999999999,0.1363,0.38
14.268178,-0.0829,9.8341,0.1404,0.37
14.27315,-0.0789,9.8483,0.121,0.38
14.284289,-0.0473,9.8773,0.0851,0.39
14.293026,-0.0278,9.8863,0.0781,0.4
14.316069,-0.0157,9.9056,0.1082,0.42
14.31685,-0.0085,9.9157,0.1074,0.43
14.32336,0.0034,9.8971,0.1273,0.42
14.336109,-0.0053,9.8802,0.1465,0.41
14.342683,-0.0167,9.8496,0.1577,0.38
14.352723,-0.0241,9.8019,0.2016,0.36
14.373739,-0.0302,9.819,0.23,0.39
14.376812,-0.0245,9.8089,0.2135,0.38
14.388178,-0.0218,9.8495,0.1295,0.37
14.392428,0.0006,9.8936,0.03,0.39
14.402452,0.0217,9.9387,-0.0367,0.44
14.418552,0.0369,9.9831,-0.0704,0.49
14.435488,0.0208,9.9552,0.0407,0.46
14.442613,0.0077,9.9095,0.1203,0.43
14.452517,-0.0199,9.8411,0.1806,0.39
14.46914,-0.0186,9.7834,0.1914,0.34
14.472393,-0.046,9.7695,0.1485,0.31
14.485054,-0.0449,9.7233,0.1254,0.26
14.492326,-0.0491,9.776,0.113,0.3
14.502365,-0.055,9.8475,0.0909,0.36
14.519135,-0.0563,9.89,0.0788,0.4
14.522357,-0.0703,9.9087,0.0773,0.42
14.536561,-0.0525,9.9275,0.0694,0.44
14.542187,-0.0211,9.9183,0.0912,0.43
14.554823,-0.0057,9.9011,0.0867,0.41
14.570815,-0.0052,9.8631,0.085,0.37
14.572275,-0.0218,9.836,0.1235,0.36
14.586262,-0.0097,9.8338,0.0984,0.35
14.592333,-0.0196,9.8594,0.0691,0.37
14.603186,-0.0096,9.8901,0.0245,0.39
14.61963,-0.0164,9.9237,0.0304,0.43
14.623358,-0.0114,9.9377,0.06,0.44
14.638059,0.0033,9.9188,0.0594,0.42
14.642151,-0.0302,9.898,0.071,0.41
14.652744,-0.0296,9.8712,0.1081,0.39
14.672208,-0.0171,9.8474,0.1196,0.37
14.672883,0.0053,9.8214,0.0907,0.33
14.693828,0.0007,9.8163,0.0959,0.33
14.707863,0.0067,9.8328,0.0432,0.34
14.715582,-0.0065,9.8756,0.0629,0.38
14.72458,-0.0395,9.9048,0.0897,0.42
14.740064,-0.0385,9.917,0.1031,0.43
14.7558,-0.0625,9.8785,0.1115,0.4
14.762406,-0.043,9.854800000000001,0.1194,0.38
14.77291,-0.0406,9.829,0.1113,0.35
14.789066,-0.0425,9.8343,0.1126,0.36
14.792038,-0.0453,9.8486,0.1332,0.38
14.805281,-0.0473,9.8659,0.1131,0.39
14.812671,-0.0355,9.9072,0.0952,0.42
14.822598,-0.01,9.9382,0.0945,0.45
14.838075,0.0066,9.9195,0.1009,0.43
14.842482,0.0161,9.8646,0.1192,0.38
14.856617,0.0278,9.8359,0.1372,0.36
14.862453,0.009,9.8099,0.1397,0.34
14.873004,-0.0178,9.824,0.1367,0.35
14.889379,-0.0368,9.8768,0.1133,0.4
14.891783,-0.0488,9.9045,0.0408,0.41
14.906661,-0.0185,9.9451,0.002,0.45
14.912399,-0.0093,9.924,-0.0196,0.42
14.923351,-0.0049,9.8781,-0.0203,0.38
14.939871,-0.008,9.8526,0.0757,0.36
14.941619,-0.0196,9.8363,0.1354,0.36
14.957704,-0.0023,9.8078,0.2031,0.37
14.962192,-0.0157,9.8153,0.2084,0.38
14.973763,-0.0184,9.8136,0.2174,0.38
14.989442,-0.0014,9.8545,0.1977,0.41
14.991819,-0.0065,9.844,0.1303,0.37
15.006976,0.0081,9.8675,0.1064,0.38
15.012302,0.0099,9.886,0.0655,0.39
15.024257,0.0117,9.8855,0.0432,0.39
15.032047,0.0195,9.8852,0.0442,0.39
15.042081,-0.0025,9.909,0.0541,0.41
15.057385,-0.0162,9.9119,0.0697,0.42
15.062163,-0.0241,9.8878,0.084,0.4
15.073677,-0.0359,9.8637,0.0963,0.38
15.082192,-0.014,9.8515,0.0752,0.36
15.091515,-0.0209,9.8602,0.0603,0.37
15.107996,-0.0158,9.8749,0.0496,0.38
15.112455,0.0052,9.8885,0.0579,0.39
15.124074,0.0152,9.9123,0.0398,0.41
15.13208,0.0054,9.9072,0.0543,0.41
15.141434,0.0004,9.9001,0.0476,0.4
15.158868,0.0036,9.8742,0.0782,0.38
15.162058,-0.0298,9.8625,0.0946,0.38
15.17501,-0.0223,9.8597,0.1197,0.38
15.1821,-0.0286,9.8528,0.0934,0.37
15.19196,-0.0449,9.8429,0.0953,0.36
15.212759,-0.0293,9.839,0.11,0.36
15.213414,-0.0474,9.875,0.1169,0.4
15.227436,-0.0467,9.8751,0.1187,0.4
15.23127,-0.0373,9.8652,0.1185,0.39
15.24748,-0.0507,9.8583,0.1233,0.38
15.262087,-0.0503,9.8993,0.1324,0.42
15.262572,-0.033,9.911200000000001,0.1138,0.43
15.277674,-0.0311,9.8672,0.0781,0.38
15.281755,-0.0312,9.8752,0.1069,0.39
15.294491,-0.0265,9.8822,0.0978,0.4
15.315369,-0.0318,9.8792,0.0708,0.39
15.325436,-0.0041,9.8772,0.1014,0.39
15.343226,0.0017,9.8343,0.1249,0.36
15.359822,0.0063,9.8462,0.1202,0.37
15.361377,-0.0127,9.8649,0.1291,0.39
15.378493,-0.0326,9.8766,0.158,0.41
15.382099,-0.0247,9.8902,0.12,0.41
15.393776,-0.0131,9.9355,0.0315,0.44
15.401227,-0.0185,9.966,-0.0075,0.47
15.41116,-0.0219,9.949,-0.0073,0.45
15.428202,0.0016,9.9211,-0.0439,0.42
15.432263,-0.0024,9.8587,0.0785,0.37
15.44312,-0.0075,9.8234,0.128,0.35
15.451408,-0.0003,9.791,0.1953,0.35
15.461101,-0.019,9.7985,0.2127,0.37
15.476457,-0.0097,9.8106,0.1644,0.35
15.481114,-0.0373,9.8325,0.1545,0.37
15.492313,-0.0253,9.8584,0.1313,0.38
15.500989,-0.007,9.8891,0.1282,0.41
15.511034,0.0044,9.8909,0.1022,0.4
15.526415,-0.0148,9.8836,0.0959,0.4
15.530823,-0.0109,9.8763,0.0847,0.39
15.543294,-0.0127,9.8743,0.0712,0.38
15.552595,-0.0343,9.8713,0.0852,0.38
15.562889,-0.0289,9.8863,0.1042,0.4
15.578007,-0.0376,9.8762,0.0974,0.39
15.580969,-0.0455,9.8832,0.077,0.39
15.594698,-0.0047,9.8928,0.0273,0.39
15.601083,0.0098,9.8926,0.0283,0.39
15.611553,0.0096,9.9044,0.0358,0.41
15.62649,0.0116,9.8975,0.0674,0.4
15.631565,-0.0308,9.8856,0.0522,0.39
15.64877,-0.0489,9.8537,0.052,0.36
15.651137,-0.0156,9.8328,0.0516,0.34
15.664389,-0.0227,9.8499,0.0819,0.36
15.680393,-0.0228,9.8782,0.0933,0.39
15.682029,-0.0058,9.8743,0.0887,0.38
15.700663,-0.0056,9.8644,0.0921,0.38
15.701176,-0.0033,9.8786,0.0946,0.39
15.716511,0.0038,9.8938,0.1179,0.41
15.733945,-0.0027,9.899000000000001,0.1239,0.42
15.734455,-0.0112,9.8893,0.1179,0.41
15.750243,-0.0396,9.8708,0.1525,0.4
15.751248,-0.0457,9.8419,0.1346,0.37
15.767908,-0.0385,9.8442,0.132,0.37
15.784758,-0.057,9.8521,0.0843,0.37
15.785266,-0.0618,9.8419,0.0708,0.35
15.801815,-0.0528,9.8919,0.0514,0.4
15.802326,-0.036,9.9138,0.0752,0.42
15.8185,-0.0174,9.924,0.0607,0.43
15.820994,0.0061,9.895199999999999,0.0839,0.4
15.835624,-0.0062,9.8663,0.112,0.38
15.852441,0.0155,9.8335,0.1353,0.36
15.853359,0.0052,9.7876,0.1251,0.31
15.870131,0.0218,9.7825,0.1442,0.32
15.87061,0.0144,9.8334,0.1735,0.38
15.888064,0.0069,9.888,0.1251,0.41
15.904675,0.0067,9.9395,0.0674,0.44
15.905203,-0.0105,9.9698,0.0143,0.47
15.922275,0.003,9.967600000000001,-0.0446,0.47
15.922813,-0.0091,9.9226,-0.0358,0.42
15.939571,-0.0041,9.8871,0.0273,0.39
15.956282,-0.0159,9.8657,0.1067,0.38
15.97359,-0.0579,9.8241,0.1999,0.39
15.991536,-0.0591,9.7983,0.1601,0.34
15.992163,-0.0521,9.822,0.1333,0.35
16.008675,-0.0434,9.8406,0.0819,0.35
16.02906,-0.0031,9.8661,0.0766,0.37
16.046499,0.0449,9.8964,0.06,0.4
16.063888,0.0206,9.9082,0.1037,0.42
16.064487,0.0031,9.8792,0.1176,0.4
16.081059,-0.0092,9.8822,0.1124,0.4
16.081573,-0.0381,9.8822,0.0985,0.4
16.104698,-0.038,9.872,0.0652,0.38
16.105243,-0.0548,9.8888,0.0499,0.4
16.121993,-0.0279,9.9077,0.0425,0.41
16.122527,-0.0093,9.9177,0.0545,0.42
16.139151,-0.0045,9.9228,0.066,0.43
16.140446,-0.0146,9.8819,0.0704,0.39
16.156521,-0.0214,9.863,0.0731,0.37
16.173791,0.0024,9.8672,0.1124,0.38
16.174432,0.0043,9.8603,0.1027,0.37
16.190696,0.009,9.8844,0.0953,0.4
16.1914,0.0038,9.8635,0.1259,0.38
16.210829,-0.0033,9.8725,0.1088,0.39
16.213104,0.0016,9.8916,0.0987,0.4
16.228939,-0.0034,9.8676,0.0846,0.38
16.244183,-0.0369,9.8846,0.0844,0.4
16.244715,-0.0433,9.9018,0.101,0.42
16.26058,-0.0685,9.8851,0.133,0.41
16.261283,-0.0965,9.8853,0.1374,0.42
16.276594,-0.0669,9.8595,0.1041,0.38
16.293933,-0.0457,9.8524,0.0961,0.37
16.294627,-0.0356,9.8474,0.0875,0.36
16.315501,-0.0191,9.8833,0.0996,0.4
16.31608,-0.0175,9.8643,0.0924,0.38
16.330428,-0.008,9.8714,0.0992,0.38
16.33098,0.0152,9.8924,0.1078,0.41
16.346142,0.0076,9.8763,0.1058,0.39
16.362687,0.004,9.8593,0.1181,0.38
16.363323,-0.0103,9.854,0.1239,0.38
16.379201,-0.0084,9.8637,0.1132,0.38
16.38025,-0.0273,9.8893,0.1077,0.4
16.395726,-0.0529,9.9149,0.0616,0.42
16.416479,-0.0645,9.9363,0.0007,0.44
16.417014,-0.0368,9.955,-0.048,0.46
16.432618,0.0086,9.934,-0.0601,0.44
16.433285,0.0083,9.9055,0.0219,0.41
16.449785,-0.0105,9.8723,0.0958,0.38
16.450309,-0.015,9.8301,0.1957,0.38
16.466737,-0.0363,9.7858,0.2381,0.37
16.482274,-0.0308,9.7981,0.206,0.36
16.483345,-0.0305,9.798,0.1582,0.34
16.4985,-0.0353,9.8258,0.1303,0.35
16.499633,-0.0254,9.8565,0.1147,0.38
16.514303,-0.0088,9.8949,0.0888,0.4
16.528844,-0.0447,9.9274,0.0637,0.43
16.529404,-0.0396,9.9301,0.065,0.44
16.547597,-0.0043,9.9248,0.0615,0.43
16.563834,-0.0028,9.8939,0.0498,0.4
16.56442,-0.0218,9.8669,0.0586,0.37
16.584989,-0.003,9.8529,0.0821,0.36
16.586249,-0.0288,9.8631,0.1157,0.38
16.604636,-0.0365,9.872,0.0802,0.38
16.605947,-0.0312,9.8767,0.0303,0.38
16.620458,-0.0431,9.8815,0.0312,0.39
16.62108,-0.0311,9.9122,0.0279,0.41
16.638277,-0.0193,9.917300000000001,0.0442,0.42
16.659195,0.0022,9.9102,0.0591,0.41
16.677095,-0.0044,9.8391,0.1129,0.36
16.690387,-0.0043,9.8435,0.1284,0.37
16.691178,0.0047,9.8207,0.132,0.35
16.706114,-0.0002,9.847,0.1282,0.37
16.709478,-0.0206,9.8682,0.1327,0.39
16.730282,-0.0133,9.8783,0.1372,0.4
16.731863,-0.0229,9.9094,0.1201,0.43
16.749103,-0.0264,9.9124,0.1178,0.43
16.75009,-0.0105,9.8905,0.1435,0.42
16.764027,-0.0173,9.8856,0.1463,0.41
16.780657,-0.0342,9.8566,0.0934,0.37
16.781276,-0.0257,9.8334,0.0681,0.34
16.798021,-0.0492,9.8252,0.0468,0.33
16.815851,-0.0568,9.8592,0.0335,0.37
16.81636,-0.0364,9.9191,0.0259,0.42
16.835153,-0.0208,9.9432,0.0593,0.45
16.835877,-0.0039,9.9383,0.0806,0.45
16.851171,-0.0131,9.8956,0.0919,0.41
16.851717,-0.0184,9.8496,0.1075,0.37
16.867852,0.0074,9.8358,0.1409,0.36
16.883789,0.0122,9.8407,0.155,0.37
16.884382,-0.0067,9.8786,0.1533,0.41
16.900036,-0.0095,9.9164,0.1086,0.43
16.900615,-0.0214,9.967,0.0819,0.47
16.91709,-0.0334,9.9566,0.0043,0.46
16.932385,-0.0184,9.9085,-0.0274,0.41
16.932952,-0.0133,9.8608,-0.0303,0.36
16.949281,-0.0011,9.7973,0.0413,0.3
16.949828,-0.0127,9.8262,0.1391,0.35
16.966599,-0.0458,9.8301,0.2031,0.39
16.983478,-0.0499,9.8396,0.213,0.4
16.984022,-0.0632,9.8519,0.1974,0.41
16.99964,-0.0457,9.8668,0.1957,0.42
17.000227,-0.0221,9.8803,0.1232,0.4
17.015877,-0.0106,9.885,0.0869,0.39
17.03197,-0.016,9.8815,0.0805,0.39
17.032582,-0.0113,9.8501,0.0628,0.36
17.050076,-0.0116,9.8547,0.0382,0.36
17.050695,-0.0217,9.8645,0.034,0.37
17.067181,-0.0316,9.8925,0.0584,0.4
17.081913,-0.0471,9.8974,0.0756,0.41
17.082506,-0.0403,9.9244,0.1064,0.44
17.098719,-0.0356,9.8973,0.0968,0.41
17.099467,-0.0152,9.9022,0.095,0.41
17.11558,-0.0008,9.8802,0.0615,0.39
17.132642,0.0026,9.8731,0.0456,0.38
17.133257,-0.0042,9.8761,0.0497,0.38
17.148842,-0.011,9.8591,0.0476,0.36
17.149426,-0.0156,9.8712,0.0544,0.38
17.165538,-0.0243,9.9022,0.0829,0.41
17.18353,-0.0321,9.8974,0.0824,0.41
17.184091,-0.0199,9.8976,0.0987,0.41
17.200949,-0.0079,9.8669,0.1255,0.39
17.201544,-0.0078,9.8364,0.1561,0.37
17.218211,0.0004,9.8366,0.15,0.37
17.235065,0.0025,9.8797,0.1702,0.42
17.251398,-0.0092,9.8968,0.1464,0.42
17.268986,-0.0186,9.8896,0.1571,0.42
17.287979,-0.0295,9.8574,0.1342,0.38
17.294448,-0.024,9.8572,0.1093,0.37
17.310962,-0.0286,9.8809,0.0984,0.39
17.322567,-0.0163,9.8854,0.0813,0.39
17.339851,-0.0111,9.8396,0.0575,0.34
17.348592,-0.018,9.846,0.0358,0.35
17.358405,-0.0346,9.8696,0.0527,0.37
17.373305,-0.0581,9.8951,0.0734,0.41
17.378522,-0.063,9.9377,0.0562,0.45
17.390293,-0.0648,9.9253,0.0579,0.43
17.399274,-0.051,9.9227,0.0018,0.43
17.408643,-0.0394,9.9293,-0.0416,0.43
17.423764,-0.0177,9.9412,-0.0462,0.44
17.428481,-0.0108,9.9276,0.0192,0.43
17.443157,-0.0316,9.8822,0.0668,0.39
17.448375,-0.0076,9.862,0.1669,0.4
17.45839,-0.0226,9.8337,0.207,0.39
17.474633,-0.0414,9.8171,0.1914,0.37
17.478299,-0.0485,9.8243,0.1836,0.38
17.490556,-0.0349,9.8243,0.1528,0.36
17.498432,-0.0377,9.8721,0.1334,0.4
17.509445,-0.0265,9.8718,0.1082,0.39
17.524915,-0.0203,9.8817,0.0898,0.39
17.529623,-0.0021,9.8955,0.0899,0.41
17.541841,-0.0097,9.8626,0.0917,0.37
17.548863,-0.0004,9.8598,0.1128,0.38
17.559488,-0.0229,9.8669,0.0953,0.38
17.575815,-0.0352,9.8669,0.0952,0.38
17.579364,-0.0255,9.8459,0.0982,0.36
17.592563,-0.0173,9.8817,0.0718,0.39
17.59823,0.0012,9.9124,0.0557,0.42
17.610681,0.0108,9.9103,0.044,0.41
17.626743,0.0204,9.9174,0.0537,0.42
17.628155,0.0102,9.9245,0.0601,0.43
17.643018,0.0339,9.9508,0.0951,0.46
17.648863,0.0454,9.9129,0.0991,0.43
17.658786,0.014,9.8992,0.1081,0.41
17.68029,0.0107,9.8894,0.1111,0.41
17.681065,0.0205,9.8777,0.125,0.4
17.696815,0.0085,9.847,0.0973,0.36
17.699458,-0.0131,9.8441,0.1047,0.36
17.712118,-0.0143,9.8283,0.1203,0.35
17.720028,-0.0134,9.8182,0.0943,0.33
17.736343,-0.0343,9.8353,0.0847,0.35
17.750693,-0.0539,9.8613,0.1018,0.38
17.751288,-0.0626,9.8664,0.1064,0.39
17.766539,-0.0707,9.8886,0.113,0.41
17.767931,-0.07,9.8888,0.1194,0.41
17.782476,-0.0842,9.8691,0.1136,0.4
17.799559,-0.0621,9.8772,0.118,0.4
17.800128,-0.053,9.9033,0.0896,0.42
17.816289,-0.0446,9.8935,0.0692,0.4
17.817789,-0.0443,9.9155,0.0688,0.42
17.832251,-0.0402,9.9208,0.0902,0.43
17.84917,-0.028,9.8658,0.1068,0.38
17.849958,-0.025,9.846,0.1254,0.37
17.866304,-0.0301,9.8438,0.1326,0.37
17.86842,-0.0185,9.8578,0.1259,0.38
17.882402,-0.024,9.8486,0.1147,0.37
17.900246,-0.0149,9.9011,0.0823,0.41
17.900987,-0.0307,9.9526,0.0151,0.45
17.917198,-0.0334,9.9742,-0.0337,0.48
17.918217,-0.0151,9.9621,-0.0295,0.46
17.935199,-0.0247,9.9364,0.0273,0.44
17.952306,-0.0183,9.8931,0.1108,0.41
17.970017,-0.0356,9.8182,0.1952,0.37
17.98757,-0.0215,9.773,0.213,0.35
17.988162,-0.0186,9.764,0.1768,0.32
18.004245,-0.007,9.8018,0.133,0.33
18.021204,-0.0174,9.8683,0.1315,0.39
18.021792,-0.0201,9.9229,0.1381,0.45
18.038339,-0.0117,9.9465,0.1254,0.46
18.038975,0.0023,9.9682,0.1198,0.48
18.054792,0.0033,9.9628,0.0968,0.47
18.07211,0.0122,9.9336,0.1132,0.45
18.072709,-0.0124,9.9044,0.0763,0.41
18.089643,-0.0227,9.8779,0.0687,0.38
18.090206,-0.0319,9.8605,0.0035,0.36
18.106674,-0.0516,9.843,-0.0216,0.35
18.128522,-0.0314,9.8747,0.0205,0.38
18.146342,-0.0485,9.8834,0.0097,0.39
18.163279,-0.0612,9.8715,0.0573,0.38
18.163926,-0.0433,9.8817,0.0753,0.39
18.180596,-0.0307,9.8911,0.0856,0.4
18.181363,-0.0268,9.8995,0.1167,0.42
18.19707,0.0007,9.8849,0.1298,0.41
18.214114,-0.0058,9.8664,0.1271,0.39
18.23053,0.0105,9.8427,0.133,0.37
18.248353,-0.0143,9.9153,0.1546,0.44
18.266574,-0.0386,9.906,0.1423,0.43
18.284082,-0.0222,9.866,0.1178,0.39
18.301243,-0.0142,9.8012,0.096,0.32
18.318166,-0.0025,9.8082,0.0769,0.32
18.318763,-0.0146,9.8373,0.0836,0.35
18.335034,-0.0331,9.8944,0.1193,0.41
18.352577,-0.0143,9.8944,0.1214,0.41
18.353889,0.0242,9.9024,0.1672,0.44
18.370454,0.0445,9.8873,0.1693,0.43
18.371196,0.0708,9.9022,0.1884,0.45
18.378274,0.0842,9.8899,0.1776,0.44
18.390859,0.0718,9.9172,0.0822,0.43
18.405862,0.0478,9.9263,0.0163,0.43
18.422587,0.0361,9.9015,-0.0645,0.41
18.423433,0.0386,9.8871,-0.0865,0.4
18.43965,0.0113,9.863,-0.0689,0.37
18.440328,-0.0451,9.8892,0.0111,0.39
18.45551,-0.091,9.883,0.0911,0.4
18.471371,-0.115,9.8887,0.1557,0.43
18.471968,-0.115,9.8933,0.1697,0.44
18.488235,-0.1042,9.8607,0.1834,0.42
18.488836,-0.1023,9.8348,0.1611,0.39
18.505283,-0.0583,9.8249,0.1375,0.36
18.509322,-0.0,9.8555,0.0838,0.37
18.521798,0.0024,9.8501,0.0326,0.35
18.539662,0.0009,9.9097,0.015,0.41
18.540951,0.0133,9.9265,0.014,0.43
18.555422,-0.0132,9.9385,-0.0001,0.44
18.556895,-0.0455,9.9389,0.0653,0.45
18.572715,-0.0498,9.9106,0.077,0.42
18.589096,-0.0749,9.8783,0.1196,0.4
18.589702,-0.0502,9.844899999999999,0.1393,0.38
18.60461,-0.0336,9.8525,0.1441,0.38
18.607062,-0.0299,9.8699,0.1335,0.39
18.622017,-0.0479,9.8893,0.1124,0.41
18.640296,-0.0382,9.8966,0.1316,0.42
18.641,-0.0327,9.8969,0.1187,0.42
18.658161,-0.0253,9.8881,0.1059,0.4
18.65881,-0.0302,9.8933,0.117,0.41
18.675682,-0.0322,9.8766,0.1399,0.4
18.676868,-0.0252,9.9028,0.1339,0.43
18.692372,-0.0154,9.9149,0.1214,0.43
18.709841,-0.0082,9.8772,0.1465,0.4
18.710661,0.0162,9.8745,0.1457,0.4
18.727483,0.0188,9.8706,0.1261,0.39
18.7292,0.0178,9.8948,0.1118,0.41
18.746292,0.0354,9.8708,0.1135,0.39
18.747184,0.0311,9.8588,0.1066,0.38
18.769942,0.0059,9.8707,0.0953,0.38
18.770607,0.0013,9.8775,0.0723,0.38
18.784994,0.0069,9.8821,0.0139,0.38
18.806771,-0.0098,9.9028,0.0103,0.4
18.82371,-0.003,9.8839,0.0869,0.39
18.826538,0.002,9.8312,0.0949,0.34
18.839164,-0.0105,9.8345,0.0875,0.35
18.858888,-0.0136,9.8296,0.0994,0.34
18.860319,-0.0235,9.8587,0.1163,0.38
18.874433,-0.0504,9.9138,0.1266,0.44
18.876594,-0.0596,9.9926,0.1124,0.51
18.891566,-0.0685,10.0095,0.0824,0.52
18.909042,-0.0626,9.9852,-0.0075,0.49
18.909681,-0.0197,9.982099999999999,-0.0359,0.48
18.927459,-0.0108,9.9183,-0.0198,0.42
18.928186,-0.0124,9.8709,0.021,0.37
18.945059,-0.0491,9.8517,0.0851,0.37
18.962215,-0.0765,9.8296,0.1469,0.37
18.962825,-0.0986,9.8155,0.2006,0.39
18.979237,-0.0969,9.8333,0.2034,0.4
18.979834,-0.0835,9.8406,0.1973,0.4
19.000449,-0.0921,9.8717,0.1971,0.43
19.001094,-0.0505,9.8667,0.1546,0.4
19.017991,-0.0211,9.8863,0.1201,0.41
19.018697,-0.0038,9.886,0.1023,0.4
19.034817,0.0268,9.8927,0.0824,0.4
19.051736,0.0079,9.8945,0.078,0.4
19.052445,-0.0123,9.8993,0.0615,0.4
19.0688,-0.0145,9.8943,0.0787,0.4
19.069503,-0.0129,9.8733,0.1024,0.39
19.086489,-0.0014,9.9044,0.1094,0.42
19.087207,-0.0205,9.9133,0.0975,0.43
19.103043,-0.0445,9.9133,0.0786,0.42
19.121068,-0.0447,9.8992,0.0766,0.41
19.121838,-0.0652,9.8732,0.05,0.38
19.138586,-0.058,9.8821,0.0434,0.39
19.139331,-0.037,9.873,0.0489,0.38
19.155586,-0.0151,9.8889,0.0443,0.39
19.156262,-0.0203,9.9179,0.0703,0.42
19.173114,-0.0224,9.925,0.0919,0.44
19.189103,0.0081,9.9212,0.117,0.44
19.189751,0.0196,9.9014,0.138,0.42
19.204814,0.031,9.8896,0.1494,0.42
19.222865,0.0407,9.8616,0.1577,0.4
19.224484,0.0524,9.8516,0.1178,0.37
19.238626,-0.0151,9.8775,0.1206,0.4
19.255192,-0.0353,9.8894,0.1261,0.41
19.257042,-0.0415,9.9043,0.1219,0.42
19.273988,-0.07,9.9252,0.1223,0.45
19.293651,-0.0597,9.8921,0.1088,0.41
19.3138,-0.0592,9.8987,0.0548,0.41
19.314415,-0.036,9.8917,0.0572,0.4
19.332211,-0.0396,9.8985,0.0338,0.4
19.350063,-0.0438,9.8523,0.0611,0.36
19.35063,-0.0177,9.8431,0.065,0.35
19.369713,0.001,9.8598,0.0917,0.37
19.370328,-0.0032,9.9237,0.1183,0.44
19.387504,-0.0237,9.9505,0.1391,0.47
19.388145,-0.038,9.9761,0.0922,0.49
19.404166,-0.0009,9.9687,0.0284,0.47
19.420598,0.0013,9.9226,-0.004,0.42
19.421303,0.0007,9.8777,0.0026,0.38
19.436861,-0.0233,9.859,0.0372,0.36
19.437471,-0.0449,9.8186,0.0991,0.34
19.453422,-0.0447,9.8482,0.1599,0.39
19.471534,-0.0564,9.8437,0.1911,0.4
19.472192,-0.0585,9.8321,0.2234,0.4
19.49145,-0.0278,9.8391,0.1889,0.39
19.492121,-0.0264,9.87,0.1585,0.4
19.508203,-0.0495,9.9127,0.124,0.43
19.509279,-0.019,9.8982,0.0943,0.41
19.525019,-0.0178,9.9098,0.0786,0.42
19.525759,-0.0283,9.9046,0.0436,0.41
19.541482,0.0,9.9044,0.044,0.41
19.557639,-0.0126,9.8835,0.0868,0.39
19.558301,-0.0153,9.8906,0.1272,0.41
19.573858,-0.0208,9.8615,0.1032,0.38
19.59007,-0.0077,9.8684,0.1136,0.39
19.590721,0.0152,9.8732,0.087,0.38
19.608084,-0.0043,9.9089,0.0517,0.41
19.609425,-0.0098,9.9158,0.0333,0.42
19.625533,-0.0337,9.9087,0.0487,0.41
19.626857,-0.0472,9.8967,0.0457,0.4
19.641388,-0.0372,9.8899,0.0674,0.4
19.657744,-0.0214,9.8831,0.1025,0.4
19.658388,-0.0017,9.8754,0.1512,0.4
19.677474,0.0166,9.8837,0.1757,0.42
19.678231,0.0518,9.888,0.1798,0.43
19.698882,0.0553,9.8739,0.1677,0.41
19.700719,0.0323,9.8789,0.1441,0.41
19.716137,0.0035,9.8805,0.0854,0.39
19.716985,-0.0199,9.8922,0.0796,0.4
19.73751,-0.0599,9.887,0.0598,0.4
19.738855,-0.0778,9.8847,0.0527,0.4
19.756749,-0.1028,9.8897,0.0493,0.41
19.757487,-0.1069,9.8776,0.0498,0.4
19.776484,-0.0995,9.9085,0.0352,0.42
19.777125,-0.0635,9.8915,0.0593,0.4
19.793713,-0.026,9.9085,0.0757,0.42
19.79601,-0.0234,9.9308,0.077,0.44
19.812067,-0.0147,9.9231,0.124,0.44
19.828432,0.0,9.8803,0.1109,0.4
19.82908,-0.0032,9.8475,0.1032,0.36
19.849018,-0.0361,9.8406,0.1404,0.37
19.849668,-0.0551,9.8428,0.1143,0.37
19.865964,-0.0553,9.8837,0.1361,0.41
19.86666,-0.0485,9.8978,0.1598,0.43
19.883634,-0.0606,9.9437,0.1482,0.47
19.885873,-0.0401,9.9454,0.0841,0.46
19.900114,-0.002,9.9521,0.0251,0.45
19.91792,0.0182,9.9471,0.0132,0.45
19.918607,0.0207,9.9212,0.0264,0.42
19.934382,0.046,9.8856,0.0775,0.4
19.935098,0.0199,9.8643,0.1423,0.39
19.951742,-0.004,9.8369,0.219,0.4
19.967829,-0.0209,9.8222,0.2088,0.38
19.968514,-0.0377,9.8511,0.1768,0.39
19.984863,-0.0376,9.858,0.1447,0.39
19.985639,-0.0357,9.8485,0.0847,0.36
20.001452,-0.0208,9.864,0.0764,0.37
20.017927,-0.0308,9.8806,0.0898,0.39
20.018761,-0.0429,9.8874,0.0698,0.4
20.036091,-0.048,9.8971,0.0724,0.41
20.037731,-0.0281,9.9022,0.1036,0.42
20.051141,-0.0312,9.9212,0.1411,0.45
20.067278,-0.0432,9.9163,0.144,0.44
20.068005,-0.0364,9.9282,0.1293,0.45
20.085185,-0.0127,9.926,0.097,0.44
20.086778,-0.0051,9.8916,0.0622,0.4
20.102113,-0.0085,9.9062,0.0088,0.41
20.121128,-0.0206,9.906,0.0027,0.41
20.123141,-0.0058,9.8857,-0.0111,0.39
20.126233,-0.0157,9.8885,0.0067,0.39
20.138322,-0.0055,9.9004,0.031,0.4
20.155344,-0.0105,9.9145,0.0735,0.42
20.156211,0.0015,9.8818,0.1014,0.4
20.17456,-0.0033,9.8891,0.1144,0.41
20.175276,-0.0289,9.8913,0.1355,0.42
20.191239,-0.0336,9.8916,0.1437,0.42
20.208463,-0.019,9.8728,0.1528,0.4
20.209148,-0.0237,9.866,0.1284,0.39
20.2275,-0.039,9.883,0.0943,0.4
20.228178,-0.0722,9.8901,0.1045,0.41
20.244393,-0.0598,9.8831,0.1451,0.41
20.24504,-0.0685,9.8782,0.118,0.4
20.261385,-0.0613,9.8592,0.118,0.38
20.278506,-0.0425,9.8783,0.1207,0.4
20.279624,-0.0167,9.8923,0.1293,0.41
20.295057,0.0019,9.8924,0.0981,0.4
20.311648,-0.0103,9.9115,0.0977,0.42
20.312588,-0.0075,9.9236,0.1244,0.44
20.32876,-0.0056,9.9026,0.1193,0.42
20.329507,-0.0146,9.8546,0.1383,0.38
20.345718,-0.0197,9.8515,0.1287,0.37
20.346419,-0.0366,9.8592,0.1277,0.38
20.37021,-0.0484,9.8629,0.1361,0.39
20.371025,-0.0554,9.8913,0.1021,0.41
20.389815,-0.0507,9.9458,0.0594,0.45
20.390581,-0.0322,9.9642,0.0251,0.47
20.406742,-0.0117,9.969,-0.029,0.47
20.407652,0.0028,9.9213,0.022,0.42
20.429938,-0.0001,9.8938,0.0797,0.4
20.430721,-0.0118,9.8656,0.1281,0.39
20.450799,-0.0115,9.8663,0.1924,0.41
20.452036,-0.025,9.854800000000001,0.2473,0.43
20.472791,-0.0555,9.833,0.1966,0.39
20.473542,-0.0383,9.807,0.1679,0.35
20.502045,-0.0436,9.8236,0.1262,0.35
20.531878,-0.0211,9.8941,0.0627,0.4
20.533489,-0.0245,9.9098,0.037,0.41
20.535248,-0.0049,9.9097,0.0882,0.42
20.549466,-0.0514,9.9248,0.1105,0.44
20.55538,-0.0682,9.8939,0.1131,0.42
20.575781,-0.0466,9.8959,0.1031,0.41
20.576641,-0.0468,9.8957,0.0654,0.4
20.592827,-0.033,9.9076,0.0538,0.41
20.594457,-0.0263,9.9056,0.0561,0.41
20.620781,-0.0096,9.9146,0.068,0.42
20.622435,0.0001,9.9147,0.0948,0.43
20.634816,0.005,9.9027,0.0874,0.41
20.635566,0.0205,9.8839,0.1125,0.4
20.652251,0.0163,9.8982,0.1325,0.42
20.654391,0.0229,9.8744,0.1586,0.41
20.668968,0.0247,9.8824,0.1484,0.41
20.687449,0.0055,9.8674,0.1486,0.4
20.68896,-0.0016,9.8534,0.1418,0.38
20.702682,-0.0064,9.8481,0.1235,0.37
20.70406,-0.0302,9.829,0.1242,0.35
20.721337,-0.0556,9.8217,0.1342,0.35
20.736801,-0.0512,9.8665,0.1315,0.39
20.737501,-0.0884,9.9191,0.1349,0.45
20.753558,-0.0728,9.9637,0.1263,0.49
20.754246,-0.0534,9.9715,0.1018,0.49
20.772015,-0.0632,9.9681,0.0673,0.48
20.774773,-0.0345,9.9729,0.0868,0.48
20.789302,-0.006,9.9199,0.0629,0.42
20.806363,-0.0113,9.884,0.0773,0.39
20.807942,0.0006,9.8341,0.0975,0.35
20.822439,0.0124,9.8153,0.107,0.33
20.824532,0.0024,9.8252,0.1281,0.35
20.838813,0.0071,9.8651,0.1488,0.39
20.854994,-0.0072,9.8989,0.1616,0.43
20.855717,-0.0316,9.9365,0.1388,0.46
20.871008,-0.0521,9.974,0.0875,0.48
20.873811,-0.0523,9.9644,-0.015,0.47
20.887219,-0.0354,9.9279,-0.0473,0.43
20.90575,-0.0353,9.8918,-0.0707,0.4
20.906477,-0.0251,9.8901,-0.0308,0.39
20.924634,-0.0177,9.8379,0.0744,0.35
20.925854,-0.0478,9.8457,0.1382,0.38
20.944037,-0.0689,9.8416,0.2111,0.41
20.944786,-0.0636,9.8612,0.2359,0.44
20.962673,-0.0419,9.9095,0.2466,0.48
20.965286,-0.0286,9.907399999999999,0.1714,0.44
20.98406,-0.0036,9.8885,0.1695,0.42
20.985704,-0.0201,9.8854,0.1477,0.41
21.003833,-0.0426,9.9002,0.1102,0.42
21.004595,-0.0477,9.8641,0.0916,0.38
21.021335,-0.0312,9.8589,0.1108,0.38
21.045409,-0.0385,9.8828,0.1064,0.4
21.070051,-0.0282,9.9012,0.1254,0.42
21.07131,0.0237,9.9318,0.1149,0.45
21.095823,0.0197,9.9273,0.1025,0.44
21.09787,0.007,9.903,0.0884,0.41
21.100127,0.0134,9.9028,0.065,0.41
21.128631,-0.0246,9.9097,0.0536,0.41
21.145063,-0.0592,9.8925,0.0884,0.41
21.16785,0.0006,9.9098,0.1325,0.43
21.169278,0.034,9.919,0.1368,0.44
21.187564,0.0447,9.9002,0.1508,0.43
21.188239,0.0376,9.8793,0.1383,0.41
21.210086,0.0378,9.8405,0.1516,0.37
21.230215,-0.0322,9.8456,0.1154,0.37
21.230856,-0.0636,9.8837,0.1158,0.41
21.246358,-0.0645,9.9156,0.097,0.43
21.263288,-0.0495,9.9394,0.0641,0.45
21.263959,-0.0403,9.9556,0.0956,0.47
21.280682,-0.0283,9.9349,0.0896,0.44
21.297246,-0.0114,9.9042,0.1021,0.42
21.297914,-0.0284,9.8997,0.1601,0.43
21.315771,-0.049,9.8882,0.1566,0.42
21.316426,-0.0554,9.8615,0.1454,0.39
21.323288,-0.055,9.8407,0.1497,0.38
21.335548,-0.0547,9.8527,0.1326,0.38
21.343423,-0.0545,9.8857,0.14,0.41
21.353241,-0.0714,9.9144,0.1049,0.43
21.369571,-0.0616,9.9242,0.0846,0.44
21.373201,-0.0578,9.941,0.0274,0.45
21.386169,-0.067,9.981,0.0066,0.49
21.39331,-0.0297,9.9742,0.0125,0.48
21.403247,-0.0252,9.9198,0.0868,0.43
21.420407,-0.0204,9.9035,0.131,0.42
21.427089,-0.0137,9.8663,0.1604,0.4
21.437108,-0.0168,9.8358,0.1721,0.38
21.443719,-0.0259,9.8122,0.1776,0.36
21.455094,-0.0499,9.8434,0.1598,0.38
21.471265,-0.0382,9.8554,0.141,0.38
21.473007,-0.0249,9.9171,0.1087,0.43
21.491588,-0.0189,9.9289,0.1093,0.44
21.493846,-0.0081,9.9527,0.1116,0.47
21.507744,-0.0091,9.9387,0.0859,0.45
21.524381,-0.0049,9.9147,0.1096,0.43
21.52529,-0.0145,9.8838,0.1109,0.4
21.541044,-0.0061,9.8619,0.1054,0.38
21.543021,0.0053,9.8761,0.1268,0.4
21.558373,0.0097,9.864,0.1079,0.38
21.563265,0.0071,9.9119,0.0962,0.42
21.574993,-0.0051,9.9437,0.0818,0.45
21.593725,-0.0054,9.9477,0.0919,0.46
21.594743,-0.0136,9.9545,0.0852,0.46
21.612188,-0.0107,9.9646,0.0681,0.47
21.61374,-0.0227,9.9096,0.0777,0.42
21.628683,-0.0373,9.876,0.1098,0.39
21.643936,-0.0289,9.8383,0.1205,0.36
21.644561,-0.0365,9.8367,0.1332,0.36
21.660419,-0.0311,9.8559,0.1423,0.38
21.662743,-0.0211,9.885,0.1181,0.4
21.677263,-0.0257,9.9161,0.152,0.44
21.695304,0.0006,9.9131,0.1439,0.44
21.69596,-0.0179,9.923,0.1491,0.45
21.711144,-0.0433,9.9212,0.1847,0.46
21.712665,-0.0684,9.9213,0.1674,0.46
21.728165,-0.0607,9.8822,0.1368,0.41
21.744595,-0.0671,9.8533,0.116,0.38
21.745285,-0.0698,9.8701,0.0806,0.39
21.76159,-0.0477,9.875,0.0517,0.38
21.762678,-0.044,9.9091,0.0447,0.41
21.777961,-0.0223,9.9212,0.0559,0.43
21.794119,-0.0155,9.9286,0.0878,0.44
21.794792,-0.0346,9.9188,0.1204,0.44
21.810278,-0.018,9.8932,0.174,0.43
21.812638,-0.0212,9.8545,0.2159,0.42
21.827675,-0.0351,9.8147,0.213,0.38
21.843992,-0.0302,9.8316,0.1844,0.38
21.844667,-0.0302,9.8663,0.1636,0.4
21.860618,-0.04,9.9257,0.0852,0.44
21.862465,-0.0216,9.988,0.0088,0.49
21.876865,-0.0021,10.0134,-0.0565,0.52
21.897461,0.0061,10.0153,-0.0322,0.52
21.898305,0.0124,9.9658,0.0759,0.47
21.915039,0.0052,9.9095,0.1501,0.44
21.915889,-0.0185,9.8623,0.1871,0.41
21.932124,-0.0369,9.803,0.2276,0.38
21.932941,-0.0463,9.7984,0.2314,0.38
21.950471,-0.0192,9.8172,0.1868,0.37
21.952859,-0.0241,9.8527,0.1237,0.37
21.965678,-0.024,9.8933,0.1066,0.41
21.983588,-0.017,9.9067,0.1036,0.42
21.98422,-0.0169,9.9183,0.0862,0.43
22.001261,-0.0071,9.9229,0.0636,0.43
22.020327,-0.0172,9.9057,0.0506,0.41
22.036868,-0.0172,9.9275,0.0795,0.44
22.053494,-0.0373,9.8794,0.0781,0.39
22.054159,-0.028,9.9002,0.048,0.4
22.071204,-0.0368,9.9121,0.0453,0.42
22.072283,-0.0227,9.9271,0.0551,0.43
22.089048,-0.0155,9.9172,0.0499,0.42
22.105964,-0.0104,9.8933,0.0663,0.4
22.106656,0.0018,9.8935,0.0777,0.4
22.124367,0.0068,9.8817,0.0978,0.39
22.125117,-0.0078,9.899000000000001,0.1207,0.42
22.142226,-0.0077,9.911200000000001,0.1161,0.43
22.142961,-0.0076,9.8854,0.1343,0.41
22.160885,-0.026,9.8686,0.1271,0.39
22.179215,-0.0207,9.8876,0.1358,0.41
22.179887,-0.042,9.9047,0.1357,0.43
22.197418,-0.0382,9.8948,0.1353,0.42
22.198253,-0.0563,9.902,0.1498,0.43
22.215686,-0.0625,9.8813,0.1528,0.42
22.216391,-0.0617,9.8864,0.1146,0.41
22.233311,-0.0473,9.8645,0.1213,0.39
22.233993,-0.0381,9.8645,0.107,0.38
22.251683,-0.05,9.9005,0.0761,0.41
22.252398,-0.0281,9.9005,0.0589,0.41
22.269742,-0.0143,9.8987,0.0637,0.4
22.288211,-0.0213,9.9199,0.1147,0.44
22.28893,-0.0115,9.901,0.1142,0.42
22.306477,-0.0334,9.8911,0.1342,0.41
22.326384,-0.0354,9.865,0.1583,0.4
22.343712,-0.0523,9.9104,0.1367,0.44
22.36083,-0.0285,9.9782,-0.0007,0.48
22.362001,-0.0166,9.9947,-0.0442,0.5
22.377358,-0.0186,9.979800000000001,-0.0046,0.48
22.393957,-0.0095,9.9353,0.0396,0.44
22.394653,-0.0232,9.8691,0.1399,0.4
22.410263,-0.0395,9.8509,0.216,0.41
22.427684,-0.0369,9.8444,0.238,0.42
22.448285,-0.0007,9.8226,0.1896,0.37
22.449105,-0.0127,9.8553,0.1616,0.39
22.463324,-0.0316,9.9107,0.0948,0.42
22.472828,-0.0288,9.9118,0.081,0.42
22.48259,-0.0388,9.9066,0.0699,0.41
22.495757,-0.0456,9.8855,0.0703,0.39
22.50306,-0.0216,9.9016,0.0822,0.41
22.516779,-0.0285,9.8995,0.0961,0.41
22.534862,-0.0401,9.8825,0.0993,0.4
22.535625,-0.0397,9.8994,0.0759,0.41
22.555803,-0.0119,9.9282,0.0718,0.43
22.556502,-0.0209,9.947,0.0634,0.45
22.574015,-0.009,9.9329,0.037,0.43
22.574653,-0.0427,9.9348,0.0592,0.44
22.596391,-0.0494,9.9539,0.0471,0.46
22.597083,-0.0352,9.9281,0.0636,0.43
22.617379,-0.044,9.9231,0.0631,0.43
22.618063,-0.0467,9.8974,0.0852,0.41
22.635855,-0.0434,9.8824,0.1071,0.4
22.63653,-0.0242,9.883,0.1242,0.4
22.653795,0.0068,9.8832,0.1453,0.41
22.654492,-0.0003,9.8762,0.1539,0.41
22.671889,0.0049,9.8544,0.1415,0.38
22.672587,-0.0117,9.8714,0.1514,0.4
22.693251,-0.0399,9.8935,0.1376,0.42
22.694103,-0.077,9.9224,0.1109,0.44
22.709693,-0.0884,9.9024,0.0803,0.42
22.727675,-0.0831,9.9143,0.0666,0.43
22.729442,-0.0694,9.9023,0.0565,0.41
22.749145,-0.0438,9.8883,0.068,0.4
22.765975,-0.0086,9.8959,0.1119,0.41
22.784259,-0.0163,9.8754,0.1688,0.41
22.785657,-0.0238,9.8995,0.1805,0.44
22.800035,-0.0197,9.9324,0.2006,0.48
22.801305,-0.0321,9.9321,0.1795,0.47
22.816419,-0.0395,9.9198,0.1687,0.45
22.82127,-0.0361,9.9552,0.1039,0.47
22.833267,-0.0126,9.9803,0.0138,0.48
22.8519,0.0136,9.963799999999999,-0.042,0.47
22.852557,0.0012,9.9465,-0.07,0.45
22.869389,-0.0176,9.9177,-0.0316,0.42
22.8712,-0.0255,9.9011,0.0358,0.4
22.885951,-0.0293,9.8587,0.1295,0.38
22.902844,-0.0053,9.8543,0.2183,0.42
22.903562,-0.0173,9.8406,0.2187,0.41
22.920798,-0.0293,9.8339,0.2211,0.4
22.922465,-0.0275,9.8217,0.1757,0.37
22.937839,-0.0395,9.8502,0.1155,0.37
22.954085,-0.0324,9.8947,0.0864,0.41
22.954755,-0.0465,9.9062,0.0664,0.41
22.970998,-0.0394,9.9279,0.0516,0.43
22.971909,-0.0206,9.9586,0.0544,0.46
22.988117,-0.0398,9.9247,0.0687,0.43
23.00525,-0.0114,9.9158,0.1089,0.43
23.005974,-0.0098,9.9109,0.1221,0.43
23.021986,-0.0123,9.9131,0.1215,0.43
23.022767,-0.0153,9.9251,0.0906,0.43
23.03887,-0.0273,9.9281,0.0838,0.44
23.055236,-0.0223,9.9329,0.0671,0.44
23.05594,-0.034,9.9279,0.0555,0.43
23.072096,-0.0052,9.8987,0.0557,0.4
23.072979,-0.0153,9.8917,0.04,0.39
23.089395,-0.0172,9.8698,0.0657,0.38
23.090978,-0.012,9.8629,0.106,0.38
23.107236,-0.0115,9.9043,0.109,0.42
23.123537,0.0058,9.9065,0.1441,0.43
23.125035,-0.002,9.9067,0.1603,0.44
23.139501,0.0131,9.9068,0.1549,0.44
23.141083,0.0085,9.898,0.1662,0.43
23.157285,-0.0149,9.8782,0.138,0.4
23.174421,-0.0364,9.8783,0.1398,0.4
23.175373,-0.0703,9.8903,0.1059,0.41
23.190604,-0.0812,9.895199999999999,0.0802,0.41
23.191738,-0.0833,9.9052,0.0614,0.42
23.216098,-0.0965,9.9193,0.0852,0.44
23.217008,-0.0634,9.907399999999999,0.0797,0.42
23.235768,-0.0297,9.9077,0.0838,0.42
23.236665,-0.0277,9.887,0.1136,0.4
23.25348,-0.0228,9.8843,0.1503,0.41
23.254526,-0.0058,9.8796,0.1764,0.42
23.276143,-0.0038,9.8466,0.1544,0.38
23.276867,-0.0062,9.8654,0.1548,0.4
23.294168,-0.0043,9.8991,0.1489,0.43
23.294954,-0.0216,9.9467,0.1216,0.46
23.311506,-0.0257,9.9772,0.0757,0.48
23.312195,-0.012,9.9925,0.0298,0.49
23.329678,-0.0188,9.9591,-0.0135,0.46
23.346363,-0.0186,9.945,-0.049,0.45
23.347143,-0.0251,9.9304,-0.0074,0.43
23.366178,-0.0208,9.8931,0.076,0.4
23.366964,-0.0341,9.8701,0.1855,0.42
23.383604,-0.0503,9.8368,0.2115,0.4
23.38433,-0.0401,9.8303,0.2187,0.4
23.400455,-0.043,9.8424,0.2112,0.4
23.401134,-0.0467,9.8763,0.1661,0.41
23.418384,-0.0328,9.8829,0.1395,0.41
23.436937,-0.0468,9.9134,0.1051,0.43
23.438445,-0.0331,9.9561,0.1014,0.47
23.45322,-0.0115,9.9299,0.1023,0.44
23.453933,-0.0199,9.8938,0.0976,0.41
23.477688,-0.0004,9.9058,0.0975,0.42
23.478444,-0.0178,9.9058,0.0954,0.42
23.495216,-0.0179,9.8988,0.1123,0.41
23.495966,-0.021,9.9227,0.0905,0.43
23.517856,-0.04,9.9416,0.067,0.45
23.51866,-0.0372,9.9295,0.0604,0.44
23.535875,-0.0234,9.9344,0.0705,0.44
23.536629,-0.0096,9.9625,0.0604,0.47
23.553056,-0.0215,9.9416,0.0842,0.45
23.553888,-0.037,9.9106,0.0738,0.42
23.57907,-0.0208,9.9078,0.0694,0.41
23.579796,-0.0244,9.906,0.0969,0.42
23.580502,-0.0123,9.8751,0.125,0.4
23.605557,-0.0032,9.8724,0.1259,0.39
23.606263,0.0137,9.8915,0.124,0.41
23.632157,0.0304,9.9065,0.1407,0.43
23.651727,-0.0231,9.9089,0.1721,0.44
23.652546,-0.0633,9.897,0.1391,0.43
23.670691,-0.0765,9.907,0.0937,0.42
23.689881,-0.0549,9.9089,0.085,0.42
23.691803,-0.036,9.9089,0.0657,0.42
23.717232,-0.0074,9.9091,0.0739,0.42
23.73693,-0.0242,9.8887,0.1097,0.4
23.738318,-0.0072,9.869,0.1499,0.4
23.752452,-0.0262,9.846,0.1954,0.4
23.768867,-0.0244,9.8858,0.1934,0.43
23.785486,-0.0267,9.9243,0.1553,0.45
23.786128,-0.0319,9.9735,0.086,0.48
23.802366,-0.0371,10.0159,0.0544,0.52
23.803091,-0.0185,10.0294,-0.0088,0.53
23.818475,-0.0037,10.0052,-0.0151,0.51
23.835132,0.0104,9.9415,0.027,0.44
23.835811,0.0017,9.899000000000001,0.0591,0.4
23.852726,-0.0363,9.8516,0.126,0.38
23.853389,-0.0543,9.8252,0.2028,0.39
23.871296,-0.0556,9.8305,0.1856,0.38
23.872798,-0.0395,9.8455,0.1775,0.39
23.88587,-0.0316,9.8784,0.1762,0.42
23.902006,-0.008,9.9,0.1585,0.43
23.902695,-0.0253,9.9015,0.1142,0.42
23.919119,-0.0185,9.9392,0.1239,0.46
23.920241,-0.0115,9.8908,0.0931,0.4
23.936259,-0.0256,9.9025,0.0733,0.41
23.952539,-0.0325,9.9122,0.0574,0.42
23.953201,-0.0327,9.931,0.0462,0.43
23.968766,-0.0141,9.9428,0.0568,0.45
23.969905,-0.0124,9.9308,0.0929,0.44
23.986764,-0.0176,9.9377,0.0952,0.45
24.009898,-0.0009,9.9136,0.0644,0.42
24.032623,-0.0132,9.9288,0.0999,0.44
24.033378,-0.0366,9.9217,0.0781,0.43
24.052033,-0.0332,9.9218,0.0847,0.43
24.052721,-0.0499,9.9119,0.0924,0.43
24.068231,-0.0288,9.9172,0.1128,0.43
24.086409,-0.0186,9.9075,0.1663,0.44
24.087119,-0.0066,9.8868,0.1801,0.43
24.103639,-0.0062,9.8822,0.179,0.42
24.104284,-0.0366,9.8753,0.1785,0.42
24.12035,-0.0428,9.8724,0.1703,0.41
24.121029,-0.0404,9.9083,0.1616,0.44
24.136844,-0.071,9.9111,0.1314,0.44
24.153127,-0.0708,9.9248,0.1173,0.45
24.153794,-0.0568,9.9107,0.109,0.43
24.17155,-0.04,9.9226,0.0876,0.43
24.17225,-0.0354,9.9416,0.0786,0.45
24.193149,-0.0269,9.9387,0.0781,0.45
24.19387,-0.0341,9.9349,0.0983,0.45
24.211597,-0.0343,9.8791,0.1214,0.4
24.213273,-0.0345,9.8462,0.131,0.37
24.228116,-0.0299,9.8241,0.1502,0.36
24.246154,-0.0236,9.9056,0.1449,0.43
24.249401,-0.0241,9.9412,0.1484,0.47
24.2645,-0.0269,9.9976,0.0745,0.5
24.282352,-0.0324,10.019,0.0324,0.52
24.300026,0.0071,9.9757,0.0055,0.48
24.322188,-0.0125,9.8705,0.0882,0.38
24.322936,-0.0273,9.8331,0.155,0.37
24.341388,-0.0716,9.8195,0.1922,0.38
24.342067,-0.0713,9.858,0.2241,0.43
24.360953,-0.0573,9.8649,0.1812,0.41
24.361686,-0.0408,9.8668,0.1508,0.4
24.382535,-0.0346,9.9104,0.1468,0.44
24.383656,-0.0134,9.905100000000001,0.1218,0.42
24.398772,-0.0022,9.9068,0.089,0.42
24.399586,-0.0175,9.9096,0.0965,0.42
24.4173,-0.0267,9.9064,0.064,0.41
24.438831,-0.0252,9.9064,0.0813,0.42
24.456297,-0.001,9.9181,0.1197,0.43
24.473013,-0.0018,9.93,0.0981,0.44
24.473769,-0.0181,9.9399,0.0965,0.45
24.491125,-0.0213,9.9227,0.0489,0.43
24.491949,-0.0116,9.9039,0.0964,0.42
24.508359,-0.0237,9.9178,0.0607,0.42
24.509192,-0.0146,9.9227,0.0419,0.42
24.534531,-0.0234,9.9298,0.0946,0.44
24.537369,-0.0281,9.9161,0.1148,0.43
24.553242,-0.0179,9.9093,0.1288,0.43
24.555202,0.001,9.8856,0.1466,0.41
24.574319,-0.0176,9.9019,0.1548,0.43
24.575189,-0.0204,9.8901,0.181,0.43
24.59323,-0.0172,9.9053,0.1825,0.44
24.594031,-0.0506,9.9174,0.1754,0.46
24.619636,-0.0638,9.9414,0.1465,0.47
24.637042,-0.093,9.9191,0.0928,0.44
24.660966,-0.0531,9.8881,0.0946,0.4
24.699079,0.0035,9.9266,0.0976,0.44
24.728093,-0.0282,9.867,0.194,0.42
24.756118,-0.0408,10.0007,0.0729,0.51
24.757585,-0.0321,9.992,0.0121,0.49
24.759882,-0.0054,10.0156,-0.0464,0.52
24.774203,-0.0155,9.9757,-0.0363,0.48
24.798705,-0.0135,9.9162,0.0716,0.42
24.815762,-0.0546,9.8103,0.2337,0.39
24.818638,-0.0444,9.8295,0.1999,0.39
24.832984,-0.0355,9.8294,0.1574,0.37
24.850291,-0.0328,9.8671,0.1415,0.39
24.851075,-0.0282,9.9178,0.1238,0.44
24.868447,-0.0127,9.9244,0.1029,0.44
24.86912,-0.0251,9.9382,0.1037,0.45
24.887611,-0.0054,9.919,0.0821,0.43
24.888927,-0.0018,9.898,0.0943,0.41
24.910622,-0.0089,9.907,0.121,0.42
24.911371,-0.021,9.9101,0.1258,0.43
24.928145,-0.0211,9.9071,0.1227,0.43
24.930508,-0.0449,9.9021,0.109,0.42
24.944248,-0.0537,9.9259,0.0737,0.44
24.961315,-0.0444,9.9408,0.0794,0.45
24.962725,-0.0344,9.9716,0.0888,0.48
24.977186,-0.0133,9.9735,0.0512,0.48
24.99403,-0.0081,9.9496,0.0703,0.46
24.995392,-0.0079,9.9216,0.0799,0.43
25.000033,-0.0094,9.9019,0.0883,0.41
25.015036,-0.0139,9.8811,0.0996,0.39
25.032185,-0.0037,9.8432,0.1206,0.36
25.033037,0.0005,9.8576,0.1436,0.39
25.04999,-0.006,9.8987,0.1551,0.43
25.051388,0.0014,9.9109,0.1614,0.44
25.069835,-0.0102,9.935,0.1391,0.46
25.072553,-0.0284,9.9201,0.144,0.45
25.088663,-0.0673,9.9033,0.1697,0.44
25.089313,-0.0549,9.8992,0.1368,0.43
25.106261,-0.0764,9.9032,0.0911,0.42
25.122717,-0.0738,9.8943,0.1031,0.41
25.123595,-0.0656,9.8823,0.0842,0.4
25.139364,-0.0425,9.8793,0.075,0.39
25.140853,-0.0276,9.9065,0.0904,0.42
25.155189,-0.0069,9.9254,0.095,0.44
25.173073,0.003,9.9206,0.1237,0.44
25.173823,0.0077,9.9086,0.1524,0.44
25.190799,-0.0024,9.9136,0.1734,0.45
25.191576,-0.0262,9.9115,0.1808,0.45
25.208595,-0.0211,9.9303,0.1749,0.46
25.209335,-0.0378,9.9468,0.1645,0.48
25.225179,-0.0517,9.9463,0.0826,0.46
25.243107,-0.0346,9.9566,0.0041,0.46
25.244069,-0.0137,9.9661,-0.078,0.47
25.259989,-0.0088,9.9522,-0.0232,0.45
25.260691,-0.0107,9.9307,0.0231,0.43
25.276229,-0.0105,9.9073,0.1116,0.42
25.293913,-0.0221,9.8721,0.2047,0.43
25.294638,-0.0455,9.848700000000001,0.2454,0.43
25.311389,-0.0479,9.8252,0.2658,0.42
25.312123,-0.0258,9.8493,0.2313,0.42
25.327586,-0.0257,9.885,0.1753,0.42
25.328527,-0.019,9.9155,0.1075,0.43
25.345076,-0.0175,9.9608,0.0837,0.47
25.362569,-0.0267,9.9673,0.0687,0.47
25.363453,-0.0198,9.9479,0.0441,0.45
25.380004,-0.0219,9.9308,0.0637,0.44
25.380715,-0.0271,9.9187,0.0569,0.42
25.395895,-0.0271,9.9169,0.0876,0.43
25.411774,-0.0486,9.8979,0.1135,0.42
25.41245,-0.0503,9.8898,0.0998,0.41
25.427526,-0.0384,9.9066,0.0904,0.42
25.428197,-0.0027,9.9454,0.0513,0.45
25.447529,-0.0179,9.9901,0.0443,0.49
25.448268,-0.0219,9.9881,0.0664,0.49
25.463451,-0.0179,9.9902,0.087,0.5
25.47996,-0.0267,9.9424,0.0894,0.45
25.480714,-0.0295,9.9016,0.1026,0.42
25.496357,0.0025,9.8738,0.1087,0.39
25.512923,-0.0075,9.866,0.1013,0.38
25.513627,0.0094,9.893,0.0922,0.4
25.529968,0.0144,9.8901,0.1059,0.4
25.534388,-0.0122,9.9071,0.1276,0.43
25.556389,-0.0324,9.9223,0.1511,0.45
25.557233,-0.0488,9.9266,0.1952,0.47
25.572316,-0.0832,9.8868,0.1395,0.42
25.581031,-0.0825,9.9029,0.1297,0.43
25.595471,-0.0512,9.8987,0.0802,0.41
25.611166,-0.0562,9.8937,0.0754,0.4
25.627625,0.0028,9.9509,0.0812,0.46
25.648353,-0.0123,9.901299999999999,0.1115,0.42
25.648999,-0.0105,9.8774,0.12,0.4
25.664594,-0.0106,9.8605,0.1535,0.39
25.681691,-0.0415,9.8775,0.1936,0.43
25.702557,-0.0505,9.9509,0.141,0.48
25.704145,-0.0439,9.9893,0.0984,0.5
25.718587,-0.0304,10.0097,0.0357,0.51
25.733749,0.0047,9.9589,-0.0619,0.46
25.749836,-0.012,9.9093,0.0127,0.41
25.750481,-0.0048,9.876,0.094,0.39
25.766648,-0.0233,9.8646,0.1496,0.39
25.767543,-0.0419,9.8293,0.2301,0.4
25.781888,-0.0199,9.8368,0.2406,0.41
25.798548,-0.0202,9.8609,0.245,0.44
25.799271,-0.0256,9.8967,0.1738,0.43
25.816334,-0.0258,9.8944,0.1271,0.42
25.817566,-0.0329,9.927,0.1217,0.45
25.833494,-0.026,9.9145,0.0852,0.42
25.849281,-0.0092,9.9311,0.0677,0.44
25.850123,-0.0124,9.9567,0.0708,0.46
25.865637,-0.0177,9.9235,0.0525,0.43
25.869528,-0.003,9.9114,0.0598,0.42
25.881956,-0.0151,9.9094,0.072,0.42
25.898068,-0.0321,9.8944,0.0862,0.4
25.898715,-0.02,9.9233,0.0845,0.43
25.915813,-0.0269,9.9492,0.0421,0.45
25.932637,-0.0197,9.9661,0.0444,0.47
25.947622,-0.0008,9.9452,0.0539,0.45
25.964157,-0.0219,9.9217,0.0899,0.43
25.981323,-0.0453,9.895,0.1009,0.41
25.981979,-0.0409,9.8694,0.1239,0.39
25.997493,-0.0443,9.8906,0.1281,0.41
25.998155,-0.0318,9.8867,0.1296,0.41
26.01452,-0.0194,9.9179,0.172,0.45
26.031523,-0.0121,9.9151,0.1523,0.44
26.032447,-0.0216,9.9183,0.1708,0.45
26.048345,-0.0283,9.9324,0.1821,0.47
26.049054,-0.0568,9.9256,0.1865,0.47
26.06472,-0.0873,9.9038,0.1502,0.44
26.083135,-0.0718,9.8828,0.1123,0.41
26.099271,-0.0559,9.9016,0.0748,0.41
26.115611,-0.0326,9.9376,0.0813,0.45
26.133713,-0.0115,9.9398,0.0881,0.45
26.150557,-0.0106,9.9067,0.1379,0.43
26.16802,-0.0323,9.9155,0.1867,0.46
26.168678,-0.0406,9.9471,0.162,0.48
26.184346,-0.0309,9.9626,0.1058,0.48
26.201988,-0.0522,9.977,0.0321,0.48
26.204255,-0.0197,10.0006,-0.0243,0.5
26.217599,-0.0032,9.9803,-0.0377,0.48
26.218261,-0.0083,9.9376,0.0144,0.44
26.234837,-0.0103,9.8831,0.0793,0.39
26.250838,-0.022,9.8438,0.1696,0.38
26.251591,-0.0366,9.8174,0.2053,0.38
26.268029,-0.0386,9.8208,0.2089,0.38
26.268709,-0.0437,9.8538,0.1828,0.4
26.284642,-0.0322,9.9068,0.1803,0.45
26.302011,-0.0188,9.9035,0.1501,0.43
26.3031,-0.0262,9.9152,0.1271,0.44
26.318731,-0.0286,9.927,0.1211,0.44
26.336181,-0.0169,9.9126,0.0652,0.42
26.352243,-0.0322,9.9224,0.0919,0.43
26.369443,-0.0243,9.9415,0.1157,0.46
26.370183,-0.0275,9.9295,0.1017,0.44
26.386671,-0.0209,9.9534,0.1057,0.47
26.387398,-0.023,9.9534,0.092,0.46
26.402338,-0.0042,9.9654,0.092,0.47
26.417934,-0.0113,9.9533,0.0803,0.46
26.418635,-0.0092,9.9382,0.0635,0.44
26.434169,-0.0278,9.9263,0.0613,0.43
26.451342,-0.0296,9.9242,0.0513,0.43
26.45205,-0.0324,9.9174,0.0819,0.43
26.470646,-0.0123,9.9075,0.1204,0.43
26.471591,-0.0171,9.9006,0.1289,0.42
26.491571,-0.0197,9.9028,0.1337,0.42
26.493356,-0.0073,9.8989,0.1501,0.43
26.511243,-0.0189,9.887,0.1308,0.41
26.512026,-0.0274,9.8961,0.1328,0.42
26.526964,-0.0675,9.8961,0.1496,0.43
26.52759,-0.0597,9.9231,0.1429,0.45
26.543054,-0.0752,9.9369,0.1045,0.46
26.546448,-0.0828,9.9438,0.0791,0.46
26.55967,-0.0745,9.9468,0.0554,0.46
26.566349,-0.0487,9.9488,0.0812,0.46
26.577101,-0.03,9.951,0.0835,0.46
26.592622,-0.0016,9.8942,0.1036,0.41
26.59711,-0.0001,9.8754,0.1248,0.4
26.608634,-0.0123,9.8826,0.1363,0.41
26.616621,-0.0054,9.8845,0.1552,0.41
26.636563,-0.0212,9.9113,0.1683,0.44
26.647325,-0.0214,9.9419,0.1458,0.47
26.658019,-0.0315,9.9772,0.0744,0.48
26.666237,-0.0417,9.9954,0.0152,0.5
26.676182,-0.037,9.9968,-0.0614,0.5
26.69102,-0.0153,9.9825,-0.0566,0.49
26.696381,-0.0101,9.9369,-0.0137,0.44
26.708322,-0.0178,9.9015,0.0859,0.41
26.716199,-0.031,9.8743,0.1788,0.42
26.726316,-0.0471,9.8361,0.2222,0.41
26.74234,-0.0486,9.8085,0.2325,0.39
26.746739,-0.0224,9.8228,0.2247,0.39
26.759046,-0.0128,9.8555,0.1627,0.39
26.76766,-0.0227,9.896,0.1146,0.41
26.779497,-0.0229,9.9415,0.1025,0.45
26.797962,-0.0202,9.9771,0.0512,0.48
26.814183,-0.0137,9.9614,0.0436,0.46
26.831123,-0.0661,9.9113,0.059,0.42
26.849915,-0.0656,9.8535,0.0896,0.37
26.866751,-0.0315,9.9163,0.0662,0.42
26.884707,-0.0063,9.9829,0.0553,0.49
26.902517,0.0004,9.985,0.0573,0.49
26.91979,-0.0202,9.9563,0.107,0.47
26.936442,-0.0459,9.8828,0.1123,0.4
26.937073,-0.0335,9.859,0.1086,0.38
26.952896,-0.0025,9.8572,0.1182,0.38
26.969654,0.0005,9.8782,0.104,0.39
26.970354,0.0175,9.895199999999999,0.1108,0.41
26.987541,-0.0211,9.9024,0.1314,0.42
26.988172,-0.0208,9.9174,0.1313,0.44
27.004333,-0.0599,9.9145,0.1482,0.44
27.021978,-0.0828,9.8937,0.1409,0.43
27.022611,-0.087,9.8957,0.1506,0.43
27.039069,-0.0775,9.8838,0.1285,0.41
27.040052,-0.0742,9.8907,0.0829,0.41
27.060218,-0.0344,9.8956,0.0673,0.4
27.061453,-0.0532,9.9176,0.0766,0.43
27.077159,-0.0261,9.9435,0.0767,0.45
27.077777,0.0163,9.9435,0.0837,0.45
27.096057,-0.0031,9.9144,0.0958,0.43
27.097357,-0.0064,9.9054,0.1161,0.42
27.111094,0.0052,9.8783,0.1731,0.42
27.131109,0.0098,9.895199999999999,0.1755,0.43
27.131979,-0.0076,9.9358,0.1606,0.46
27.144435,-0.0366,9.9644,0.1097,0.48
27.146155,-0.0434,9.9706,0.0333,0.47
27.16023,-0.0363,9.97,-0.0246,0.47
27.176127,-0.0262,9.9838,-0.0922,0.49
27.176933,-0.0191,9.9629,-0.0476,0.47
27.193642,-0.0449,9.9104,0.0681,0.42
27.214646,-0.0631,9.8943,0.1462,0.43
27.231287,-0.0428,9.8666,0.2206,0.43
27.247443,-0.0496,9.9024,0.1993,0.45
27.248097,-0.0381,9.9069,0.12,0.43
27.264287,-0.0198,9.9233,0.0689,0.43
27.282757,-0.0034,9.9159,0.0588,0.42
27.283464,-0.0257,9.9244,0.0463,0.43
27.299843,-0.024,9.9101,0.0424,0.41
27.300492,-0.016,9.9361,0.0668,0.44
27.317183,-0.004,9.9271,0.0786,0.43
27.317842,-0.021,9.9052,0.0972,0.42
27.335148,-0.0308,9.9273,0.1238,0.45
27.33581,-0.0308,9.9293,0.1157,0.45
27.352279,-0.026,9.9172,0.0882,0.43
27.369791,-0.0263,9.9339,0.0478,0.44
27.370446,-0.0265,9.9438,0.0364,0.45
27.386942,-0.0383,9.9456,0.0421,0.45
27.387643,-0.0142,9.9435,0.0257,0.44
27.403296,-0.0072,9.9315,0.0617,0.44
27.405294,-0.0162,9.9116,0.0924,0.42
27.420921,-0.019,9.8998,0.1057,0.41
27.439103,-0.0156,9.881,0.1389,0.41
27.439806,-0.0229,9.8932,0.1404,0.42
27.456602,-0.0124,9.8843,0.1518,0.41
27.457241,-0.0216,9.8885,0.1358,0.41
27.473608,-0.0278,9.9154,0.107,0.43
27.490475,-0.0549,9.8964,0.1382,0.42
27.491177,-0.069,9.9054,0.1315,0.43
27.509598,-0.0852,9.9082,0.0913,0.43
27.510625,-0.0818,9.9121,0.0752,0.43
27.527216,-0.0728,9.898,0.1089,0.42
27.527865,-0.0392,9.9121,0.0847,0.42
27.547453,-0.0443,9.9291,0.0797,0.44
27.548172,-0.0187,9.9221,0.0916,0.43
27.564988,-0.0022,9.9151,0.0986,0.43
27.565885,-0.0118,9.9099,0.1177,0.43
27.582494,-0.0173,9.9168,0.1234,0.44
27.600624,-0.0175,9.919599999999999,0.1363,0.44
27.601303,-0.0326,9.9233,0.1494,0.45
27.607458,-0.0434,9.9428,0.1272,0.46
27.620013,-0.0482,9.9583,0.0894,0.47
27.636867,-0.0394,9.9555,0.0171,0.46
27.637698,-0.0089,9.9959,-0.0525,0.5
27.65301,-0.0132,9.9957,-0.0366,0.5
27.655258,-0.0044,9.95,0.0241,0.45
27.672749,-0.0113,9.9295,0.08,0.44
27.675912,-0.0329,9.8821,0.1327,0.41
27.689743,-0.0464,9.8508,0.2163,0.41
27.705612,-0.039,9.8351,0.2121,0.4
27.70621,-0.0429,9.828,0.1693,0.37
27.722404,-0.0154,9.8557,0.1447,0.38
27.724737,-0.0209,9.8702,0.1154,0.39
27.73709,-0.0063,9.9127,0.0765,0.42
27.7551,-0.0374,9.9482,0.0543,0.45
27.756425,-0.0189,9.9788,0.0706,0.48
27.770329,-0.0103,9.9636,0.0682,0.47
27.786875,-0.0105,9.9326,0.0547,0.44
27.787566,-0.0364,9.9015,0.0688,0.41
27.805062,-0.0363,9.8995,0.0838,0.41
27.806324,-0.041,9.8875,0.0961,0.4
27.821973,-0.0527,9.8993,0.0558,0.41
27.825255,-0.0221,9.9321,0.0417,0.43
27.840264,-0.0173,9.9708,0.0284,0.47
27.857571,-0.0263,9.9867,0.0405,0.49
27.858242,-0.0127,9.9708,0.0506,0.47
27.874001,-0.011,9.9278,0.0762,0.43
27.875225,-0.0266,9.911,0.0856,0.42
27.891299,-0.043,9.8873,0.0969,0.4
27.912594,-0.0135,9.8703,0.0982,0.38
27.914485,-0.0063,9.8704,0.093,0.38
27.916392,-0.0009,9.8967,0.1356,0.42
27.930551,0.0032,9.9067,0.1352,0.43
27.948066,0.0035,9.9259,0.1417,0.45
27.952889,-0.022,9.9571,0.1682,0.49
27.963094,-0.0405,9.9602,0.1727,0.49
27.980234,-0.0637,9.9213,0.1405,0.45
27.980851,-0.0751,9.8853,0.1127,0.41
27.998936,-0.0795,9.8811,0.0503,0.39
27.999571,-0.0574,9.8949,0.03,0.4
28.015247,-0.0318,9.8969,0.0322,0.4
28.016094,-0.0202,9.9379,0.0561,0.44
28.034658,-0.0134,9.933,0.0777,0.44
28.03571,-0.0325,9.931,0.0913,0.44
28.05155,-0.0205,9.9191,0.1131,0.43
28.068398,-0.0089,9.8902,0.1507,0.42
28.069092,-0.028,9.8811,0.1461,0.41
28.086054,-0.031,9.9068,0.159,0.44
28.086799,-0.0496,9.9304,0.1007,0.44
28.104437,-0.0326,9.947,0.0646,0.45
28.105076,-0.0281,9.9824,-0.0172,0.48
28.121333,-0.0145,9.9939,-0.0654,0.5
28.138995,0.0071,10.0029,-0.0484,0.51
28.139672,-0.0078,9.9583,0.0241,0.46
28.155725,-0.0333,9.913,0.1214,0.43
28.156638,-0.0348,9.8848,0.1956,0.43
28.173361,-0.0532,9.8333,0.2055,0.4
28.190131,-0.0408,9.8307,0.1781,0.38
28.207099,-0.0436,9.8664,0.1314,0.39
28.223471,-0.0101,9.9684,0.0703,0.47
28.241445,-0.0202,9.9712,0.0619,0.48
28.242144,-0.0106,9.9506,0.0608,0.45
28.258963,-0.0138,9.9245,0.0594,0.43
28.259742,-0.0043,9.8934,0.0596,0.4
28.275949,-0.0315,9.8745,0.0904,0.39
28.292994,-0.0286,9.9002,0.0772,0.41
28.309498,-0.02,9.9271,0.0677,0.43
28.326511,-0.0275,9.9617,0.0567,0.47
28.343902,-0.0553,9.9767,0.062,0.48
28.344706,-0.034,9.9269,0.0736,0.43
28.360276,-0.0029,9.912,0.094,0.42
28.376862,0.0002,9.8792,0.1013,0.39
28.377534,0.0092,9.8624,0.1027,0.38
28.395353,0.0092,9.8744,0.1097,0.39
28.399135,0.0124,9.9033,0.1318,0.42
28.411342,-0.0042,9.9004,0.1528,0.43
28.429824,-0.0107,9.9314,0.1598,0.46
28.448607,-0.0765,9.9392,0.1019,0.46
28.467583,-0.0684,9.893,0.0827,0.41
28.468269,-0.0594,9.9239,0.0741,0.43
28.484877,-0.0476,9.9289,0.064,0.44
28.48547,-0.026,9.939,0.0736,0.45
28.504808,-0.0241,9.9313,0.1058,0.44
28.505864,-0.0292,9.9274,0.1339,0.45
28.5226,-0.0329,9.8986,0.1198,0.42
28.524218,-0.0309,9.8573,0.0984,0.37
28.540099,-0.0141,9.8431,0.1253,0.37
28.557027,-0.0091,9.8998,0.1654,0.43
28.557683,-0.0053,9.9453,0.1165,0.46
28.574122,-0.0331,9.9755,0.0602,0.48
28.574741,-0.0569,10.0109,0.0098,0.51
28.590876,-0.0597,10.0054,-0.0721,0.51
28.608431,-0.0071,9.9952,-0.0495,0.5
28.609302,-0.0053,9.9365,-0.0026,0.44
28.624574,-0.017,9.898,0.0593,0.4
28.625802,-0.0306,9.8556,0.1308,0.38
28.641616,-0.0628,9.8393,0.2058,0.4
28.643893,-0.0839,9.8396,0.2166,0.41
28.65831,-0.0665,9.8547,0.1975,0.41
28.663781,-0.0456,9.8705,0.1644,0.41
28.674306,-0.019,9.9019,0.1142,0.42
28.691939,-0.0196,9.9604,0.0942,0.47
28.693767,-0.0062,9.9749,0.0957,0.48
28.708214,-0.0254,9.9336,0.042,0.44
28.713676,-0.0134,9.9093,0.0291,0.41
28.724275,-0.0203,9.8901,0.0319,0.39
28.740322,-0.0285,9.89,0.0513,0.39
28.7438,-0.0441,9.895,0.0686,0.4
28.759386,-0.0422,9.9138,0.0689,0.42
28.763558,-0.0592,9.9328,0.0693,0.44
28.777122,-0.0496,9.9687,0.0718,0.48
28.79433,-0.0309,10.0027,0.0718,0.51
28.795217,-0.0174,9.9616,0.0577,0.47
28.81156,-0.0027,9.9356,0.0696,0.44
28.815881,-0.0097,9.9237,0.0715,0.43
28.832909,-0.0216,9.8998,0.088,0.41
28.8342,-0.0214,9.8801,0.111,0.4
28.847991,-0.0093,9.8853,0.1009,0.4
28.864617,0.0215,9.8717,0.1189,0.39
28.865827,0.0187,9.8719,0.1421,0.4
28.880949,0.0072,9.8769,0.1367,0.4
28.883663,-0.0041,9.9201,0.1506,0.45
28.897342,-0.0244,9.939,0.1387,0.46
28.91474,-0.0457,9.9411,0.1199,0.46
28.915489,-0.0691,9.941,0.1251,0.46
28.931609,-0.0568,9.917,0.1065,0.43
28.933683,-0.0683,9.9248,0.056,0.43
28.94799,-0.0441,9.9027,0.0353,0.41
28.965406,-0.041,9.9129,0.0678,0.42
28.966064,-0.032,9.9052,0.0819,0.41
28.982807,0.0036,9.9153,0.095,0.43
28.984312,0.0064,9.9154,0.1353,0.44
28.999847,-0.0173,9.8867,0.1825,0.43
29.017008,-0.0272,9.8796,0.1676,0.42
29.018312,-0.0132,9.8725,0.1544,0.4
29.034443,-0.0199,9.948,0.132,0.47
29.035463,-0.0388,9.9766,0.1149,0.49
29.050505,-0.0439,9.9949,0.0525,0.5
29.069382,-0.0391,9.9972,-0.057,0.5
29.070074,-0.0323,9.975,-0.0867,0.48
29.086727,-0.0323,9.9203,-0.009,0.42
29.087456,-0.0411,9.8999,0.0576,0.41
29.103717,-0.0337,9.8717,0.1408,0.4
29.104406,-0.0549,9.8454,0.2201,0.41
29.12087,-0.0782,9.8577,0.1971,0.42
29.137271,-0.0391,9.8369,0.2087,0.4
29.137903,-0.0276,9.8576,0.1666,0.4
29.159215,-0.0333,9.879,0.1304,0.4
29.15995,-0.01,9.9263,0.0777,0.43
29.176859,-0.0084,9.9498,0.0836,0.46
29.177531,-0.0089,9.9636,0.0729,0.47
29.194004,-0.0181,9.9513,0.0549,0.45
29.194656,-0.0117,9.9392,0.0791,0.45
29.211441,-0.0003,9.9081,0.084,0.42
29.229831,-0.0107,9.8991,0.094,0.41
29.247408,-0.0288,9.9007,0.0921,0.41
29.264241,-0.0142,9.9313,0.0488,0.43
29.264868,-0.0171,9.9432,0.0324,0.44
29.281344,-0.0186,9.9383,0.0653,0.44
29.298391,-0.02,9.9263,0.0654,0.43
29.299154,-0.0076,9.9004,0.0968,0.41
29.314994,0.0064,9.8956,0.1052,0.41
29.315672,0.0203,9.9007,0.1093,0.42
29.332154,0.0134,9.8869,0.1258,0.41
29.333346,0.0184,9.8911,0.1274,0.41
29.349259,-0.0001,9.9061,0.1104,0.42
29.366238,-0.033,9.8842,0.127,0.41
29.366937,-0.041,9.8963,0.134,0.42
29.382599,-0.0737,9.8963,0.1034,0.42
29.383418,-0.1131,9.9153,0.1067,0.44
29.399192,-0.0968,9.9012,0.1022,0.43
29.415295,-0.0888,9.8792,0.0807,0.4
29.415968,-0.0897,9.8792,0.098,0.4
29.431631,-0.063,9.8771,0.0959,0.39
29.432811,-0.0382,9.8994,0.1045,0.41
29.448452,-0.0495,9.9307,0.1396,0.46
29.465782,-0.0436,9.9088,0.1392,0.43
29.466462,-0.041,9.9068,0.1292,0.43
29.481945,-0.0187,9.8707,0.1519,0.4
29.482606,-0.0238,9.8673,0.1365,0.39
29.500196,-0.0287,9.8937,0.1197,0.41
29.516791,-0.0119,9.96,0.113,0.47
29.518524,-0.0051,10.0044,0.0863,0.51
29.533663,-0.0103,10.0279,0.0493,0.53
29.534469,0.0281,10.0305,-0.0114,0.53
29.551413,0.0277,9.9997,-0.0047,0.5
29.55266,0.0224,9.909,0.0586,0.41
29.56715,0.0037,9.8538,0.1351,0.38
29.585004,-0.0346,9.8073,0.1568,0.35
29.58564,-0.0426,9.7667,0.1656,0.32
29.602195,-0.0567,9.7787,0.1507,0.32
29.603036,-0.0414,9.8313,0.1241,0.36
29.619491,-0.0296,9.8948,0.0873,0.41
29.623729,-0.023,9.9472,0.0876,0.46
29.637691,-0.0233,9.9637,0.0677,0.47
29.645178,-0.0182,9.9652,0.0487,0.47
29.654737,-0.042,9.9629,0.05,0.47
29.670667,-0.0111,9.9237,0.0766,0.43
29.672393,-0.0158,9.9146,0.0441,0.42
29.687434,-0.0343,9.8926,0.0602,0.4
29.706427,-0.0506,9.9027,0.111,0.42
29.707514,-0.0381,9.9406,0.0944,0.45
29.72222,-0.0259,9.9333,0.0662,0.44
29.722887,-0.0157,9.9353,0.0809,0.44
29.738565,-0.0155,9.9352,0.0463,0.44
29.755026,-0.0253,9.938,0.0349,0.44
29.755701,-0.0201,9.928,0.0631,0.43
29.771621,-0.0414,9.8971,0.0627,0.4
29.772234,-0.0499,9.8923,0.0722,0.4
29.788729,-0.0426,9.9195,0.1043,0.43
29.804419,-0.0352,9.9119,0.127,0.43
29.805395,-0.0318,9.8912,0.1258,0.41
29.82147,-0.0177,9.8965,0.1418,0.42
29.822589,-0.0174,9.8647,0.148,0.39
29.83959,-0.0171,9.8698,0.1426,0.4
29.858267,-0.0285,9.8849,0.1473,0.41
29.859585,-0.0587,9.889,0.1283,0.41
29.871763,-0.0728,9.909,0.1235,0.43
29.872596,-0.0575,9.9369,0.0859,0.45
29.890777,-0.0603,9.9417,0.0646,0.45
29.908265,-0.0386,9.9208,0.0794,0.43
29.908927,-0.0218,9.9249,0.0669,0.43
29.925459,-0.0063,9.9041,0.0542,0.41
29.926164,0.0151,9.8942,0.0943,0.41
29.943157,0.0047,9.8634,0.1214,0.38
29.943869,-0.0045,9.8466,0.1478,0.38
29.961249,-0.0215,9.8586,0.1596,0.39
29.962293,-0.0266,9.8925,0.1639,0.43
29.978714,-0.0474,9.9402,0.1532,0.47
29.995099,-0.0544,9.9897,0.1052,0.5
29.996558,-0.0454,9.994,0.0235,0.5
30.012708,-0.0147,9.9906,-0.0227,0.49
30.013438,0.0069,9.9595,-0.0551,0.46
30.030275,-0.0049,9.9149,-0.0037,0.41
30.047684,-0.0072,9.9296,0.0815,0.44
30.048337,-0.022,9.8876,0.1808,0.43
30.064554,-0.0544,9.8166,0.2472,0.41
30.065217,-0.0582,9.7573,0.2686,0.38
30.081223,-0.0034,9.7363,0.1935,0.31
30.081896,-0.0061,9.798,0.1673,0.34
30.0973,-0.0052,9.8832,0.1548,0.41
30.114199,-0.0407,9.9665,0.1363,0.49
30.11495,-0.0936,10.0159,0.0878,0.53
30.132558,-0.117,10.0235,0.0707,0.54
30.13409,-0.0806,9.9891,0.0512,0.5
30.151113,-0.0473,9.9359,0.037,0.44
30.151964,-0.0304,9.8978,0.0471,0.4
30.169842,-0.0114,9.879,0.0797,0.39
30.191582,-0.0115,9.869,0.0775,0.38
30.207824,-0.0447,9.9645,0.0144,0.47
30.225914,-0.0447,9.9934,0.0435,0.5
30.226693,-0.0546,9.9866,0.0485,0.49
30.242556,-0.0356,9.9575,0.0385,0.46
30.243264,-0.0141,9.9335,0.0692,0.44
30.258631,-0.0057,9.8838,0.0852,0.39
30.275875,0.0055,9.857,0.1032,0.37
30.276706,0.0268,9.8482,0.1174,0.37
30.294309,0.0334,9.8552,0.0901,0.37
30.295028,0.0211,9.8962,0.0931,0.41
30.311364,-0.0028,9.9293,0.1187,0.45
30.312031,-0.0144,9.9365,0.1491,0.46
30.328559,-0.0421,9.9247,0.1555,0.45
30.345567,-0.0467,9.9058,0.1578,0.44
30.34649,-0.0655,9.897,0.1332,0.42
30.363192,-0.0611,9.8801,0.109,0.4
30.364094,-0.0747,9.8922,0.1086,0.41
30.381226,-0.0525,9.9043,0.0942,0.42
30.381848,-0.0128,9.9165,0.0906,0.43
30.402786,-0.0083,9.9017,0.1068,0.42
30.403592,-0.0136,9.9189,0.1318,0.44
30.419628,-0.0227,9.9071,0.1526,0.44
30.436569,-0.0516,9.8784,0.19,0.43
30.437204,-0.0532,9.8864,0.178,0.43
30.453699,-0.049,9.9191,0.1599,0.45
30.454339,-0.0631,9.9258,0.1115,0.44
30.470322,-0.0613,9.959,0.0248,0.46
30.471754,-0.0281,9.9895,-0.0399,0.49
30.488356,0.0092,9.9992,-0.077,0.51
30.505677,0.0182,9.9754,-0.0448,0.48
30.506355,-0.0129,9.973,0.0827,0.48
30.523583,-0.0319,9.9099,0.184,0.45
30.524563,-0.0487,9.8219,0.2235,0.39
30.541072,-0.03,9.7675,0.2139,0.34
30.541757,-0.0165,9.7846,0.194,0.34
30.557811,-0.031,9.8246,0.1792,0.37
30.574748,-0.05,9.8673,0.1186,0.39
30.575443,-0.0454,9.9317,0.0755,0.44
30.591134,-0.032,9.9811,0.0914,0.49
30.591947,-0.0207,9.9957,0.081,0.5
30.609661,-0.0074,9.9683,0.0603,0.47
30.62516,-0.027,9.9373,0.0587,0.44
30.625922,-0.0325,9.9113,0.1163,0.43
30.640715,-0.0233,9.8974,0.1128,0.41
30.641487,-0.0475,9.8774,0.0937,0.39
30.656845,-0.0645,9.8703,0.0533,0.38
30.663665,-0.0459,9.899000000000001,0.0349,0.4
30.673435,-0.0434,9.9539,0.0495,0.46
30.690882,-0.023,9.9399,0.0574,0.44
30.691979,-0.0116,9.9399,0.0613,0.44
30.708879,-0.012,9.952,0.066,0.46
30.727981,-0.0149,9.9213,0.0934,0.43
30.744173,-0.0104,9.9016,0.1142,0.42
30.760208,0.0003,9.8471,0.1309,0.37
30.776266,0.0013,9.8575,0.1103,0.37
30.780969,-0.0312,9.9126,0.1215,0.43
30.792298,-0.0545,9.9369,0.1398,0.46
30.808303,-0.052,9.9511,0.1392,0.47
30.811079,-0.0568,9.9582,0.1506,0.49
30.824541,-0.0543,9.9393,0.1045,0.45
30.832736,-0.0428,9.9132,0.0923,0.43
30.841972,-0.0294,9.8654,0.1064,0.38
30.861267,-0.0344,9.8636,0.0787,0.37
30.861873,-0.0241,9.8679,0.078,0.38
30.877678,-0.0267,9.8471,0.1082,0.36
30.880845,-0.0266,9.8781,0.113,0.4
30.893242,-0.0265,9.8901,0.1508,0.42
30.909474,-0.0117,9.9021,0.1869,0.44
30.91081,-0.0201,9.9159,0.1518,0.44
30.925617,-0.0432,9.9614,0.1085,0.48
30.930806,-0.0481,9.99,0.0695,0.5
30.943323,-0.0392,9.9895,-0.0215,0.49
30.958759,-0.0412,9.9862,-0.0634,0.49
30.960755,-0.0291,9.9573,-0.0241,0.46
30.981818,-0.0359,9.918,0.0556,0.42
30.982744,-0.0475,9.8967,0.1368,0.42
30.99748,-0.0423,9.8565,0.2008,0.41
31.014636,-0.057,9.8218,0.196,0.38
31.035473,-0.0229,9.824,0.1531,0.36
31.036168,-0.026,9.8567,0.1368,0.38
31.051369,-0.0261,9.8924,0.091,0.4
31.067569,-0.0084,9.9759,0.0878,0.48
31.086579,0.0059,9.9377,0.088,0.45
31.105864,-0.0238,9.8849,0.0804,0.39
31.10697,-0.0408,9.885,0.0989,0.4
31.12302,-0.0261,9.9001,0.1123,0.42
31.139571,-0.0106,9.9428,0.0688,0.45
31.140683,-0.0008,9.9426,0.0523,0.45
31.158095,-0.003,9.9305,0.0307,0.43
31.175363,-0.0032,9.9305,0.0529,0.43
31.176168,-0.0252,9.9156,0.0714,0.42
31.192372,-0.0322,9.9496,0.0851,0.46
31.193026,-0.0063,9.9518,0.0845,0.46
31.209624,-0.0016,9.9191,0.1004,0.43
31.210773,-0.0015,9.8974,0.116,0.41
31.226382,-0.0084,9.8738,0.1405,0.4
31.243782,-0.0149,9.8622,0.161,0.4
31.244414,-0.0313,9.8625,0.1601,0.4
31.260571,-0.0445,9.8727,0.1664,0.41
31.261207,-0.0537,9.9038,0.164,0.44
31.277173,-0.0835,9.9349,0.1321,0.46
31.2946,-0.0876,9.9158,0.1184,0.44
31.29541,-0.0798,9.9109,0.1136,0.43
31.311143,-0.0605,9.8898,0.0947,0.41
31.311828,-0.0267,9.8849,0.0825,0.39
31.328535,0.0039,9.8851,0.061,0.39
31.345696,0.0015,9.9042,0.0858,0.41
31.346366,-0.0156,9.9095,0.104,0.42
31.362286,-0.0413,9.9046,0.1253,0.43
31.363008,-0.0292,9.8638,0.1556,0.4
31.379731,-0.0203,9.8808,0.1556,0.41
31.380437,-0.0184,9.8948,0.153,0.42
31.396542,-0.0134,9.9384,0.1525,0.46
31.414465,-0.0273,9.9708,0.1017,0.48
31.415272,-0.0201,9.9922,-0.0026,0.49
31.431707,-0.0129,10.0006,-0.0725,0.51
31.432365,-0.0078,9.9555,-0.0511,0.46
31.448883,-0.0123,9.9289,0.0028,0.43
31.450294,-0.0188,9.8984,0.0638,0.4
31.466523,-0.0349,9.8581,0.1494,0.39
31.482187,-0.055,9.8355,0.1715,0.38
31.483058,-0.078,9.8239,0.1633,0.37
31.498113,-0.0724,9.804,0.1371,0.34
31.500253,-0.0562,9.8259,0.0946,0.34
31.517348,-0.0393,9.8757,0.0873,0.39
31.521889,-0.0344,9.9145,0.0691,0.42
31.534638,-0.0293,9.9355,0.0932,0.45
31.552164,-0.0135,9.9456,0.0761,0.45
31.552809,-0.0086,9.9306,0.0788,0.44
31.569083,-0.0395,9.9387,0.0851,0.45
31.57021,-0.0393,9.9361,0.134,0.46
31.586381,-0.0463,9.9073,0.0973,0.42
31.602928,-0.0466,9.9124,0.0966,0.43
31.603604,-0.028,9.9075,0.0483,0.41
31.619314,-0.0284,9.9125,0.0131,0.41
31.620387,-0.0001,9.9415,0.0265,0.44
31.636791,-0.0293,9.9538,0.0256,0.46
31.653591,-0.0265,9.9612,0.0622,0.47
31.654265,-0.0177,9.9287,0.11,0.44
31.67096,-0.0077,9.9123,0.1278,0.43
31.671759,0.0042,9.9058,0.1376,0.43
31.687919,0.0016,9.8744,0.1427,0.4
31.703533,0.0119,9.8748,0.1464,0.4
31.704202,-0.0043,9.8681,0.1521,0.4
31.723314,-0.0294,9.8594,0.1322,0.38
31.724164,-0.0167,9.8497,0.1311,0.37
31.738782,-0.0124,9.8761,0.1318,0.4
31.740014,-0.0429,9.9034,0.1088,0.42
31.75964,-0.0618,9.9006,0.1078,0.42
31.760376,-0.0691,9.8919,0.0879,0.41
31.77711,-0.0812,9.8971,0.068,0.41
31.792655,-0.0673,9.9063,0.0601,0.42
31.793312,-0.0456,9.9287,0.0849,0.44
31.808643,-0.0625,9.9,0.093,0.42
31.80978,-0.0555,9.8935,0.1126,0.41
31.824695,-0.0479,9.8818,0.1522,0.41
31.844357,-0.0464,9.8942,0.2056,0.45
31.845735,-0.0397,9.8724,0.2287,0.44
31.859214,-0.057,9.9012,0.212,0.46
31.859879,-0.0594,9.8941,0.18,0.44
31.875583,-0.0815,9.8764,0.1053,0.4
31.898409,-0.0856,9.9235,0.0054,0.43
31.900343,-0.1057,9.9399,-0.08,0.46
31.90213,-0.0435,9.9106,-0.0603,0.42
31.918372,0.0102,9.8801,0.0341,0.38
31.921245,0.0093,9.9689,0.1576,0.49
31.944071,0.0373,9.9871,0.2719,0.56
31.944839,0.086,9.9192,0.3563,0.56
31.95822,0.068,9.8907,0.3558,0.53
31.959504,0.0886,9.8618,0.3603,0.52
31.975496,0.1078,9.8041,0.2596,0.41
31.992587,0.101,9.7207,0.1474,0.28
31.993267,0.0532,9.71,0.072,0.23
32.012407,0.0001,9.7631,0.0291,0.26
32.01306,-0.0215,9.8495,0.0477,0.35
32.029625,-0.0523,9.9779,0.0585,0.48
32.030309,-0.0898,10.0728,0.0921,0.59
32.046855,-0.1063,10.1339,0.1171,0.65
32.06356,-0.1005,10.1328,0.1022,0.65
32.064205,-0.1065,10.0839,0.0461,0.6
32.080211,-0.1271,10.0111,-0.0435,0.53
32.080862,-0.1069,9.9574,-0.0919,0.48
32.097581,-0.091,9.9292,-0.1115,0.45
32.114859,-0.0647,9.9121,-0.1143,0.43
32.116187,-0.0287,9.8935,-0.1073,0.41
32.132517,-0.0051,9.8987,-0.1188,0.42
32.133178,0.0134,9.879,-0.1536,0.41
32.149573,0.0295,9.853,-0.1753,0.4
32.150245,0.014,9.8653,-0.1625,0.4
32.166412,-0.0135,9.8679,-0.1496,0.4
32.183194,-0.0164,9.8739,-0.0846,0.38
32.18385,-0.0065,9.8878,0.0492,0.39
32.200607,0.0008,9.9292,0.1748,0.46
32.201386,0.0297,9.958,0.271,0.53
32.218958,0.025,9.9799,0.3181,0.58
32.219656,0.0135,9.9965,0.303,0.58
32.235829,-0.0027,9.983,0.246,0.54
32.252775,-0.0208,9.9681,0.1519,0.49
32.253459,-0.0439,9.9411,0.0316,0.44
32.269924,-0.0717,9.9101,-0.0138,0.42
32.270582,-0.0824,9.8544,-0.036,0.37
32.287429,-0.109,9.8091,0.0182,0.33
32.30574,-0.0841,9.7934,0.1195,0.33
32.306453,-0.0557,9.8157,0.2647,0.42
32.323395,-0.0809,9.8123,0.3652,0.49
32.324058,-0.0615,9.7964,0.4515,0.54
32.341047,-0.0922,9.828,0.4679,0.58
32.341836,-0.1634,9.8728,0.4047,0.57
32.357311,-0.2174,9.8825,0.2154,0.49
32.35913,-0.2255,9.8896,-0.0077,0.45
32.374171,-0.2352,9.8997,-0.0803,0.47
32.38906,-0.1946,9.8987,-0.0167,0.44
32.389665,-0.1153,9.9334,0.1448,0.47
32.405783,-0.0595,9.9953,0.2835,0.57
32.409474,0.0306,9.983,0.3561,0.6
32.423559,0.0941,9.938,0.3273,0.55
32.440264,0.1144,9.9177,0.2552,0.5
32.440889,0.0938,9.9131,0.1742,0.46
32.45771,0.0667,9.8793,0.1504,0.41
32.458761,0.0159,9.848700000000001,0.1745,0.39
32.475043,-0.0145,9.8281,0.2014,0.39
32.492238,-0.0152,9.8443,0.2003,0.4
32.492876,0.0465,9.8761,0.1574,0.41
32.509567,0.1067,9.8915,0.1059,0.42
32.510206,0.146,9.957699999999999,0.0344,0.48
32.526072,0.1427,9.9527,-0.04,0.48
32.543455,0.1075,9.9247,-0.1249,0.46
32.544174,0.0465,9.891,-0.1757,0.43
32.560769,-0.0066,9.8719,-0.1535,0.4
32.561708,-0.042,9.8336,-0.0988,0.35
32.578085,-0.0644,9.8208,-0.031,0.33
32.578745,-0.0717,9.8534,0.0787,0.37
32.595478,-0.0634,9.8838,0.1626,0.42
32.612702,-0.0375,9.942,0.1844,0.48
32.613382,-0.0257,9.9837,0.2145,0.53
32.629544,0.003,10.0152,0.1678,0.54
32.63099,0.0266,9.9985,0.1002,0.51
32.647395,-0.0021,9.9536,0.0449,0.46
32.664882,-0.018,9.9226,-0.0153,0.42
32.665514,-0.0452,9.9111,-0.0308,0.41
32.684113,-0.0694,9.9482,-0.0202,0.45
32.684812,-0.0932,9.9875,-0.0078,0.5
32.692355,-0.1133,9.9994,-0.0047,0.51
32.701069,-0.1166,9.9794,0.0123,0.49
32.717083,-0.1051,9.9746,-0.0068,0.49
32.733321,-0.1041,9.9118,0.0433,0.43
32.734023,-0.0728,9.8402,0.0612,0.35
32.749435,-0.0604,9.7486,0.1388,0.29
32.750109,-0.0581,9.6723,0.2278,0.29
32.765306,-0.0477,9.6658,0.3184,0.36
32.781463,-0.0349,9.7157,0.3358,0.4
32.782131,0.0037,9.848,0.3315,0.48
32.80413,0.021,9.9478,0.2757,0.53
32.804771,0.0044,10.012599999999999,0.2252,0.56
32.820281,0.0145,10.0495,0.1571,0.57
32.820991,-0.0004,10.0147,0.12,0.53
32.837044,-0.0041,9.9663,0.1474,0.49
32.838255,0.0147,9.8843,0.1766,0.42
32.855266,0.0286,9.8345,0.2413,0.41
32.871197,0.0119,9.8214,0.2849,0.43
32.87205,0.0053,9.8207,0.2762,0.42
32.887419,0.0054,9.8814,0.1781,0.42
32.88896,0.024,9.9244,0.0629,0.43
32.908719,0.0408,9.9572,-0.0343,0.46
32.909386,0.0356,9.9401,-0.0678,0.45
32.922751,0.0171,9.921,-0.0886,0.43
32.939964,-0.0025,9.8643,-0.0563,0.37
32.94069,0.0297,9.8498,-0.0288,0.35
32.96134,0.0215,9.8397,0.0527,0.34
32.961975,-0.0191,9.8137,0.0948,0.33
32.982317,-0.0339,9.836500000000001,0.123,0.36
32.983088,-0.0715,9.8944,0.1447,0.43
32.999094,-0.0774,9.955,0.1311,0.48
32.99979,-0.0898,9.9935,0.104,0.51
33.016434,-0.1073,10.018,0.0888,0.54
33.03347,-0.1061,10.0237,0.1003,0.54
33.034098,-0.0985,10.0038,0.1308,0.53
33.051891,-0.0739,9.9523,0.1661,0.49
33.052551,-0.0254,9.8939,0.1899,0.44
33.069196,-0.0008,9.8525,0.1845,0.4
33.069846,-0.0186,9.842,0.1775,0.39
33.085651,-0.0579,9.8385,0.1562,0.38
33.102139,-0.0494,9.8466,0.1544,0.38
33.102842,-0.0528,9.8407,0.1663,0.38
33.117966,-0.0586,9.8753,0.1234,0.4
33.118635,-0.046,9.9088,0.11,0.43
33.13518,-0.0547,9.9402,0.1178,0.46
33.150682,-0.0455,9.9815,0.0788,0.49
33.151457,-0.0114,9.968,0.0843,0.48
33.168008,-0.0349,9.9206,0.0824,0.43
33.1687,-0.0761,9.832,0.0936,0.35
33.184324,-0.0702,9.8868,0.0371,0.39
33.205296,-0.0294,9.9523,0.057,0.46
33.206803,-0.0081,9.9719,0.0545,0.48
33.209195,0.0232,9.9542,0.0931,0.46
33.221455,0.0364,9.9491,0.1496,0.47
33.237041,0.0505,9.9052,0.1321,0.43
33.238678,0.0237,9.8557,0.1552,0.39
33.253943,0.0016,9.855,0.1667,0.39
