time,ax (m/s^2),ay (m/s^2),az (m/s^2),aT (m/s^2)
0.010761,0.0612,9.9985,-0.0151,0.5
0.010874,0.0377,9.807,0.0119,0.31
0.021753,0.0254,9.7695,0.0773,0.28
0.035358,0.0227,9.801,0.0813,0.31
0.037564,0.0641,9.8274,0.1013,0.35
0.04781,0.1457,9.8208,0.0904,0.36
0.057244,0.2345,9.6894,0.1247,0.33
0.067197,0.2302,9.6382,0.1316,0.3
0.084566,0.1828,9.6359,0.1755,0.29
0.091709,0.1276,9.6364,0.2018,0.27
0.100933,0.0143,9.6677,0.1945,0.26
0.107129,-0.0414,9.7241,0.2075,0.31
0.117274,-0.0724,9.7692,0.1455,0.31
0.130848,-0.0694,9.8461,0.0923,0.36
0.137327,-0.0165,9.9371,0.0125,0.44
0.148925,-0.014,9.9418,-0.0556,0.45
0.157261,-0.004,9.8907,-0.1043,0.4
0.167139,0.0273,9.8738,-0.1146,0.39
0.182604,0.014,9.8049,-0.0992,0.32
0.187288,-0.0088,9.7482,-0.0097,0.25
0.198954,-0.0479,9.6975,0.0391,0.21
0.206894,-0.0668,9.6858,0.0946,0.22
0.217083,-0.0627,9.6651,0.155,0.23
0.234137,-0.0913,9.6774,0.2109,0.29
0.237365,-0.0993,9.7016,0.244,0.33
0.250073,-0.0945,9.7445,0.2088,0.34
0.257203,-0.0927,9.7683,0.1331,0.31
0.269175,-0.0529,9.784,0.0883,0.3
0.28627,-0.0182,9.8035,0.0261,0.31
0.287456,0.0052,9.850999999999999,-0.0066,0.35
0.302944,0.0017,9.842600000000001,-0.0071,0.34
0.308038,-0.0017,9.8403,0.003,0.34
0.322121,0.0044,9.8351,0.0676,0.34
0.334177,0.0155,9.768,0.0757,0.28
0.337638,0.0451,9.7489,0.1198,0.28
0.351331,0.0699,9.7367,0.1336,0.28
0.356813,0.073,9.7364,0.1382,0.28
0.366656,0.0865,9.7621,0.1887,0.33
0.383969,0.1144,9.7929,0.2032,0.37
0.387104,0.1262,9.7716,0.2445,0.39
0.40315,0.1328,9.8044,0.2851,0.44
0.406691,0.112,9.812,0.2812,0.43
0.417808,0.1228,9.8277,0.2611,0.44
0.426792,0.0826,9.8153,0.1769,0.37
0.436815,0.0357,9.7958,0.1006,0.31
0.451061,0.0296,9.8055,0.0276,0.31
0.456679,0.0273,9.8143,0.0283,0.32
0.46848,-0.0047,9.831,0.022,0.33
0.476841,-0.0299,9.8429,0.0447,0.35
0.486727,-0.0445,9.81,0.0868,0.32
0.501476,0.0029,9.7952,0.1139,0.32
0.50672,0.0611,9.7785,0.1188,0.31
0.521021,0.1087,9.7407,0.1119,0.29
0.52654,0.0972,9.7238,0.0662,0.25
0.537085,0.0663,9.7199,0.0017,0.23
0.552276,-0.0183,9.7508,-0.0264,0.25
0.556741,-0.1322,9.7888,-0.0417,0.32
0.569104,-0.2471,9.8146,-0.0649,0.41
0.576525,-0.3117,9.8414,-0.0952,0.47
0.588258,-0.3302,9.8463,-0.0645,0.48
0.602514,-0.335,9.8605,-0.0586,0.5
0.606738,-0.2863,9.8554,-0.1009,0.47
0.619255,-0.2257,9.8385,-0.1233,0.43
0.62656,-0.1454,9.8147,-0.0783,0.36
0.63688,-0.0532,9.801,-0.0635,0.31
0.659026,-0.024,9.7871,-0.0718,0.3
0.659202,-0.021,9.7652,-0.097,0.28
0.67051,-0.0347,9.755,-0.0998,0.28
0.676526,-0.0273,9.7217,-0.1198,0.25
0.686289,-0.0255,9.7263,-0.127,0.26
0.702861,-0.0362,9.752,-0.1625,0.3
0.706667,-0.0483,9.7654,-0.199,0.34
0.721064,-0.0296,9.7919,-0.2049,0.36
0.726485,-0.0125,9.7865,-0.218,0.36
0.736238,0.0236,9.803,-0.2174,0.37
0.753319,0.0358,9.8146,-0.2075,0.38
0.756295,0.0714,9.8453,-0.2251,0.42
0.772381,0.1063,9.8541,-0.2162,0.43
0.776776,0.107,9.8709,-0.1825,0.43
0.786717,0.1052,9.8688,-0.1991,0.43
0.803871,0.0657,9.8448,-0.1432,0.38
0.806613,0.0375,9.8307,-0.1383,0.36
0.821414,0.0559,9.7989,-0.1321,0.33
0.826819,0.0681,9.761,-0.1257,0.3
0.837174,0.099,9.735,-0.1279,0.29
0.846386,0.1092,9.744,-0.1344,0.3
0.856188,0.162,9.756,-0.1193,0.33
0.872701,0.1768,9.7559,-0.1923,0.37
0.876477,0.1661,9.7728,-0.1615,0.36
0.88795,0.1459,9.7676,-0.1178,0.33
0.896341,0.1063,9.7944,-0.1151,0.33
0.906155,0.0377,9.7982,-0.1122,0.32
0.921905,-0.0265,9.7889,-0.1111,0.31
0.926551,-0.0311,9.7785,-0.1979,0.34
0.939535,0.0191,9.7733,-0.2893,0.4
0.946167,0.0267,9.769,-0.309,0.41
0.95664,0.0751,9.7808,-0.2937,0.41
0.97134,0.1025,9.7707,-0.2597,0.39
0.976552,0.1079,9.7585,-0.2564,0.38
0.989929,0.1165,9.7442,-0.2596,0.37
0.996378,0.1435,9.744,-0.2816,0.4
1.0063,0.1724,9.7218,-0.2967,0.41
1.023629,0.1844,9.7124,-0.3358,0.44
1.026119,0.169,9.7309,-0.4125,0.5
1.040261,0.1086,9.7063,-0.4488,0.51
1.046817,0.0732,9.6626,-0.472,0.5
1.056619,0.0198,9.6257,-0.4998,0.52
1.073607,-0.0351,9.5694,-0.5306,0.54
1.076305,-0.0777,9.5217,-0.5265,0.53
1.091245,-0.0617,9.5081,-0.5407,0.54
1.09896,-0.0322,9.4895,-0.5702,0.57
1.10837,-0.0192,9.5238,-0.5575,0.56
1.122977,0.0117,9.5445,-0.5224,0.52
1.125726,0.0699,9.6275,-0.4467,0.47
1.140799,0.0906,9.6987,-0.3782,0.44
1.146874,0.1295,9.772,-0.3264,0.44
1.155726,0.1205,9.8211,-0.3351,0.48
1.16583,0.0583,9.8031,-0.389,0.5
1.176094,0.0416,9.764,-0.4466,0.52
1.1913,-0.0375,9.6975,-0.5023,0.54
1.196013,-0.1077,9.6321,-0.5796,0.6
1.206616,-0.1391,9.5826,-0.6373,0.66
1.216235,-0.1364,9.5621,-0.6597,0.68
1.225894,-0.1374,9.4978,-0.6284,0.64
1.242562,-0.0522,9.4039,-0.6061,0.62
1.24567,0.08,9.3343,-0.5584,0.59
1.2594,0.1895,9.29,-0.4823,0.56
1.265976,0.2189,9.2396,-0.4518,0.57
1.278081,0.2322,9.1535,-0.4381,0.6
1.292261,0.2799,9.1295,-0.4478,0.65
1.296287,0.2866,9.1588,-0.4778,0.65
1.308791,0.23,9.2094,-0.5309,0.65
1.31592,0.1434,9.2513,-0.6008,0.67
1.325603,0.0779,9.2855,-0.5549,0.6
1.342819,-0.0448,9.258,-0.5148,0.57
1.345815,-0.1078,9.2029,-0.496,0.59
1.358444,-0.2044,9.1159,-0.4104,0.6
1.366101,-0.2344,8.9726,-0.3959,0.7
1.376166,-0.2231,8.7767,-0.3732,0.84
1.393427,-0.193,8.5794,-0.2927,0.99
1.400208,-0.2267,8.3907,-0.2003,1.15
1.410201,-0.2506,8.243500000000001,-0.1317,1.29
1.427212,-0.3455,8.1592,-0.0173,1.38
1.429999,-0.4397,8.171,-0.0534,1.4
1.444205,-0.4687,8.2518,-0.0319,1.33
1.450109,-0.456,8.4226,0.0682,1.17
1.460613,-0.5264,8.6055,0.0826,1.04
1.476701,-0.4544,8.7136,0.0357,0.91
1.479829,-0.3214,8.7798,0.0095,0.79
1.493548,-0.1195,8.7701,-0.0128,0.74
1.500078,-0.0561,8.7734,-0.0038,0.73
1.509451,-0.0564,8.7627,0.0502,0.74
1.526845,-0.0725,8.7558,0.0627,0.75
1.529936,-0.1737,8.7665,0.1005,0.76
1.543856,-0.2662,8.8307,0.2458,0.76
1.551362,-0.339,8.8735,0.3505,0.79
1.561581,-0.42,8.9598,0.6258,0.93
1.578456,-0.4628,8.9891,0.7399,1.01
1.579334,-0.4148,8.9437,0.7439,1.02
1.594613,-0.252,8.8759,0.7289,0.99
1.599815,-0.0503,8.7891,0.667,0.98
1.61155,0.0753,8.8195,0.5579,0.88
1.629369,0.2207,8.946,0.6294,0.87
1.62955,0.2381,9.1004,0.5379,0.71
1.652003,0.0856,9.2696,0.5057,0.56
1.652191,-0.0627,9.4378,0.7188,0.72
1.660684,-0.2049,9.5564,0.9506,0.97
1.669531,-0.3679,9.7056,1.06,1.14
1.679413,-0.5886,9.8106,1.1272,1.31
1.6964,-0.6637,9.8364,1.1641,1.38
1.699511,-0.4914,9.8324,1.1292,1.28
1.712646,-0.4431,9.8081,0.9046,1.05
1.719829,-0.4906,9.6965,0.7623,0.93
1.730095,-0.5217,9.6176,0.6602,0.85
1.74513,-0.5952,9.5927,0.6811,0.91
1.749646,-0.6426,9.5603,0.851,1.07
1.762601,-0.7069,9.5623,0.9386,1.18
1.769761,-0.5587,9.5842,0.9347,1.09
1.779321,-0.1876,9.5468,0.959,0.98
1.796286,0.2307,9.5853,0.9144,0.95
1.799596,0.5565,9.6965,0.8645,1.05
1.812918,0.7461,9.7126,0.7354,1.07
1.819759,0.7277,9.6556,0.4921,0.89
1.829517,0.663,9.5862,0.3341,0.75
1.847019,0.5194,9.5733,0.1549,0.55
1.849043,0.4342,9.5646,0.1227,0.46
1.862165,0.4633,9.6444,0.0973,0.49
1.869447,0.6381,9.8293,-0.0684,0.72
1.880433,0.9075,10.1375,-0.1927,1.13
1.896399,1.2014,10.5201,-0.2601,1.6
1.899343,1.4443,10.9156,-0.177,2.03
1.912617,1.5258,11.2949,0.0823,2.36
1.919736,1.5191,11.6487,0.2854,2.65
1.929357,1.6812,11.6023,0.2795,2.71
1.948434,1.853,10.955,0.0955,2.36
1.949264,1.9252,9.898,-0.2262,1.98
1.964026,1.7096,8.9145,-0.4461,1.86
1.969573,1.3549,8.2651,-0.3935,1.87
1.980198,0.7874,8.1489,-0.008,1.56
1.999049,-0.0611,8.6086,0.589,1.07
1.999295,-1.0131,9.3105,0.9522,1.4
2.016019,-1.8747,10.1799,1.1057,2.28
2.019143,-2.3934,11.0234,0.8275,2.96
2.032665,-2.3879,11.3849,0.0925,3.04
2.047258,-1.9363,11.1373,-0.8115,2.66
2.049132,-1.0812,10.705400000000001,-1.3049,2.08
2.066833,-0.1195,10.4542,-1.4077,1.7
2.069161,1.0335,10.6395,-0.8882,1.78
2.07993,1.9202,11.1908,-0.2187,2.57
2.088706,2.3492,12.0449,0.1651,3.47
2.098714,2.6331,12.9792,0.2703,4.37
2.115682,2.7264,13.3736,0.1907,4.74
2.118672,2.1229,12.954699999999999,-0.1411,4.06
2.131226,1.2256,12.332699999999999,-0.2156,3.09
2.139113,0.8092,11.4456,-0.0963,2.11
2.153361,0.1669,10.1591,0.3105,0.75
2.169655,-0.6786,10.0654,0.7593,1.16
2.170057,-1.0402,11.0534,0.984,2.11
2.186045,-1.2195,11.7861,0.7511,2.7
2.188696,-1.0713,12.1972,0.4522,2.94
2.199703,-0.9022,12.3171,0.4211,2.99
2.217995,-0.8043,12.2869,0.6244,2.97
2.218846,-0.6248,12.2166,0.7847,2.9
2.23148,-0.3516,12.2246,0.7424,2.85
2.238556,-0.1251,12.1183,0.5487,2.68
2.248322,0.0398,11.8675,0.2529,2.38
2.264734,0.0166,11.5851,0.0298,2.09
2.268586,-0.0773,11.3125,-0.0113,1.81
2.282145,-0.1964,11.1009,0.0808,1.61
2.288388,-0.3434,10.8655,0.1286,1.41
2.298981,-0.5838,10.6662,0.0884,1.31
2.315946,-0.7825,10.463,0.0326,1.24
2.318546,-0.9865,10.2796,0.035,1.26
2.33222,-1.0516,10.1239,0.1088,1.23
2.3384,-1.0016,9.9953,0.3065,1.16
2.349509,-0.8613,9.853,0.3313,0.99
2.365308,-0.6661,9.7297,0.4933,0.86
2.368357,-0.5201,9.6371,0.6132,0.82
2.382395,-0.4466,9.5812,0.6557,0.8
2.388768,-0.416,9.5541,0.5813,0.72
2.398748,-0.3735,9.5272,0.4446,0.58
2.415908,-0.2993,9.5417,0.2692,0.4
2.418308,-0.19,9.6112,0.0918,0.24
2.4329,-0.1382,9.6449,0.0278,0.2
2.438391,-0.1569,9.6786,-0.0537,0.24
2.449972,-0.2062,9.6845,-0.0665,0.28
2.458241,-0.1918,9.6416,-0.1032,0.26
2.469029,-0.1363,9.6374,-0.1822,0.27
2.483379,-0.0661,9.678,-0.1718,0.26
2.488586,-0.0242,9.7216,-0.1501,0.27
2.50299,0.0513,9.7526,-0.2428,0.35
2.508568,0.1852,9.7641,-0.3118,0.45
2.518568,0.3485,9.7501,-0.5139,0.67
2.53617,0.4448,9.8298,-0.6556,0.86
2.538031,0.5383,9.9771,-0.6594,0.98
2.551557,0.5676,10.1445,-0.6076,1.05
2.559056,0.5018,10.2415,-0.5148,1.03
2.569578,0.4478,10.1245,-0.3569,0.85
2.585175,0.418,9.8339,-0.1543,0.56
2.589108,0.3348,9.5904,0.0216,0.35
2.601469,0.2923,9.3753,0.1858,0.37
2.608403,0.2553,9.3753,0.3487,0.45
2.620413,0.2114,9.4658,0.482,0.53
2.6347,0.1944,9.6785,0.5923,0.65
2.653591,0.1905,9.9378,0.6157,0.78
2.6538,0.1836,10.1601,0.6101,0.92
2.658361,0.1294,10.3545,0.6466,1.08
2.668528,0.0307,10.486,0.6718,1.19
2.685793,-0.0328,10.5216,0.6658,1.22
2.688105,-0.0882,10.3594,0.5652,1.03
2.70203,-0.0745,10.1713,0.506,0.84
2.70848,-0.018,10.056799999999999,0.4723,0.73
2.718934,-0.0342,10.0273,0.3767,0.65
2.737228,-0.0797,10.0296,0.3345,0.63
2.737902,-0.1274,10.0485,0.2433,0.61
2.751651,-0.1849,9.9989,0.203,0.57
2.75903,-0.2435,9.926,0.1402,0.51
2.771543,-0.284,9.799,0.106,0.43
2.78563,-0.27,9.6558,0.0089,0.31
2.788005,-0.1785,9.5245,-0.0179,0.18
2.804976,-0.0903,9.4147,-0.045,0.13
2.808208,0.0217,9.4016,-0.0272,0.1
2.819821,0.1434,9.43,-0.0225,0.16
2.835639,0.2446,9.471,-0.069,0.26
2.837569,0.2895,9.5412,-0.0996,0.31
2.849073,0.2594,9.6919,-0.0858,0.33
2.862919,0.1657,9.8081,-0.0916,0.36
2.879413,0.003,9.8481,-0.1137,0.37
2.879762,-0.1322,9.8241,-0.1357,0.38
2.89688,-0.3324,9.7881,-0.1583,0.47
2.898058,-0.5712,9.8002,-0.1175,0.66
2.914113,-0.8004,9.7723,-0.0396,0.85
2.930388,-1.1026,9.7441,0.1407,1.14
2.930776,-1.3367,9.6795,0.3917,1.4
2.948511,-1.4025,9.6534,0.5888,1.53
2.949191,-1.1389,9.6734,0.6799,1.34
2.964146,-0.8148,9.7675,0.6606,1.08
2.98135,-0.3806,9.9277,0.5751,0.81
2.982289,0.1314,10.0277,0.3729,0.66
2.998612,0.5373,10.0806,-0.043,0.79
2.999516,0.8226,10.0675,-0.4411,1.09
3.014935,0.9285,10.055,-0.8242,1.36
3.032196,0.8111,10.0513,-1.046,1.43
3.033196,0.6163,10.0114,-1.0712,1.34
3.047979,0.4469,9.9388,-0.9107,1.11
3.048412,0.2953,9.8396,-0.6458,0.79
3.066732,0.163,9.7879,-0.4262,0.54
3.068371,0.1193,9.8064,-0.1936,0.38
3.085159,0.1863,9.8318,-0.0891,0.39
3.101911,0.3331,9.7809,-0.1013,0.45
3.102627,0.5479,9.643,-0.1353,0.58
3.121149,0.756,9.513,-0.2308,0.79
3.121536,0.9148,9.3542,-0.3024,0.97
3.130716,1.0387,9.2474,-0.3741,1.13
3.142164,1.0996,9.2065,-0.4518,1.22
3.1639,1.0784,9.2865,-0.5507,1.23
3.164381,0.9917,9.4601,-0.5269,1.12
3.17866,0.8937,9.6582,-0.5165,1.04
3.179074,0.756,9.8323,-0.4615,0.95
3.193078,0.6283,9.9467,-0.4063,0.87
3.197343,0.5022,9.9941,-0.3794,0.8
3.213289,0.3808,10.0074,-0.3303,0.72
3.224151,0.2549,9.9658,-0.2963,0.61
3.227325,0.1795,9.8843,-0.2913,0.51
3.240889,0.12,9.8309,-0.2649,0.44
3.247395,0.0504,9.7926,-0.2214,0.37
3.257634,-0.0101,9.8186,-0.119,0.34
3.276247,-0.0977,9.8165,-0.0703,0.34
3.277062,-0.2189,9.8374,-0.0438,0.4
3.293353,-0.2925,9.8785,-0.0274,0.48
3.297486,-0.3447,9.9404,-0.0319,0.56
3.308195,-0.3824,9.9525,-0.0215,0.59
3.325479,-0.3437,9.9596,-0.0139,0.57
3.327097,-0.3061,9.9388,0.0005,0.54
3.34229,-0.2267,9.8912,0.0331,0.45
3.347455,-0.152,9.8265,0.0564,0.36
3.360561,-0.1088,9.7531,0.0833,0.29
3.376154,-0.0899,9.6407,0.0579,0.18
3.376917,-0.0629,9.5962,0.0453,0.12
3.390787,-0.0935,9.6205,0.022,0.15
3.397582,-0.1396,9.7116,0.013,0.25
3.40917,-0.1973,9.8576,0.0085,0.41
3.425486,-0.2097,10.004,-0.013,0.55
3.426841,-0.2345,10.0523,-0.0264,0.6
3.441514,-0.2368,10.0215,-0.0201,0.57
3.446798,-0.2406,9.9209,-0.027,0.49
3.456815,-0.2445,9.8332,-0.0397,0.42
3.47593,-0.2126,9.7397,-0.0369,0.32
3.47681,-0.1979,9.6642,-0.0126,0.26
3.490783,-0.1554,9.6328,0.0578,0.21
3.496875,-0.1163,9.6263,0.07,0.19
3.510097,-0.0669,9.6579,0.1139,0.21
3.524369,-0.066,9.7231,0.1612,0.28
3.526958,-0.0861,9.8001,0.1751,0.36
3.540934,-0.0959,9.864,0.1686,0.41
3.546839,-0.1207,9.9166,0.138,0.46
3.557959,-0.1588,9.9214,0.1188,0.47
3.577428,-0.172,9.938,0.0952,0.48
3.577678,-0.1261,9.9207,0.0393,0.44
3.592175,-0.1021,9.8822,-0.0274,0.4
3.597285,-0.0674,9.7929,-0.0471,0.3
3.608849,-0.023,9.7466,0.0051,0.25
3.617403,-0.0492,9.7343,0.0939,0.26
3.62808,-0.0315,9.7369,0.1294,0.27
3.642041,-0.0535,9.7675,0.1736,0.32
3.66118,-0.0801,9.8079,0.1893,0.37
3.661438,-0.0787,9.8112,0.1462,0.35
3.666756,-0.0809,9.7995,0.1138,0.33
3.676848,-0.0754,9.7906,0.1022,0.32
3.692768,-0.0512,9.7538,0.0813,0.27
3.696776,-0.0153,9.7439,0.065,0.25
3.709458,0.0109,9.7859,0.0333,0.29
3.71738,0.0039,9.792,0.0642,0.3
3.728411,-0.0097,9.803,0.0357,0.31
3.743678,0.0094,9.867,0.0102,0.37
3.746713,-0.0481,9.8829,0.0218,0.39
3.762136,-0.0521,9.8789,-0.0274,0.38
3.76702,-0.0487,9.8829,-0.0861,0.4
3.777308,-0.0211,9.8318,-0.1383,0.36
3.795084,0.0083,9.8139,-0.1188,0.34
3.796528,0.0615,9.8029,-0.0976,0.32
3.810054,0.1105,9.786200000000001,-0.0618,0.31
3.817319,0.1161,9.7682,-0.0187,0.29
3.827583,0.0601,9.8053,0.0178,0.31
3.84614,-0.0053,9.8262,0.0229,0.33
3.846452,-0.1065,9.8512,0.0318,0.37
3.862592,-0.1821,9.872,0.0557,0.42
3.86695,-0.2383,9.885,-0.0001,0.45
3.879493,-0.1807,9.8649,-0.0459,0.41
3.896255,-0.1375,9.8448,-0.0749,0.38
3.896494,-0.0517,9.8238,-0.0834,0.34
3.913231,0.0273,9.8068,-0.094,0.32
3.916702,0.0766,9.7979,-0.1527,0.34
3.930091,0.1039,9.7971,-0.1572,0.35
3.944852,0.1009,9.8012,-0.1484,0.35
3.946141,0.0598,9.8436,-0.1593,0.38
3.961326,0.0238,9.8149,-0.118,0.34
3.966861,0.0099,9.7805,-0.1066,0.3
3.980443,0.0046,9.7419,-0.1112,0.27
3.986944,-0.001,9.7025,-0.0783,0.22
3.996739,0.0174,9.6591,-0.0841,0.18
4.011475,0.0349,9.6496,-0.0657,0.17
4.031466,0.0296,9.6887,-0.0387,0.19
4.031742,0.0215,9.7607,0.0013,0.26
4.045279,0.0617,9.838799999999999,0.0565,0.35
4.052954,0.0728,9.8723,0.0808,0.39
4.062437,0.0683,9.8665,0.0101,0.37
4.08388,0.0275,9.8759,0.0042,0.38
4.084259,0.0228,9.8772,-0.047,0.38
4.097416,0.021,9.9006,-0.1238,0.42
4.103041,0.0474,9.9342,-0.1699,0.47
4.114721,0.0716,9.905100000000001,-0.1188,0.43
4.134971,0.043,9.8351,-0.0509,0.34
4.148717,-0.0659,9.7902,0.1057,0.32
4.161999,-0.1237,9.799,0.0953,0.34
4.179842,-0.1679,9.7728,0.063,0.33
4.182591,-0.1448,9.7606,0.0005,0.3
4.196127,-0.0901,9.7483,-0.0209,0.26
4.202517,-0.0191,9.758,-0.0156,0.26
4.212457,0.035,9.7768,-0.0136,0.28
4.229361,0.0568,9.7886,0.0,0.29
4.231643,0.0345,9.8197,0.0093,0.32
4.246573,0.0416,9.8484,-0.0286,0.35
4.25211,0.0233,9.8333,-0.0259,0.34
4.263334,-0.019,9.8022,-0.0305,0.3
4.271673,-0.0374,9.7852,-0.0256,0.29
4.281509,-0.0019,9.8002,-0.0157,0.3
4.296688,0.0247,9.8073,-0.0466,0.31
4.301631,0.0502,9.8142,-0.0544,0.32
4.313519,0.0529,9.8293,-0.0549,0.34
4.321738,0.0599,9.8534,-0.0678,0.36
4.332145,0.0752,9.8126,-0.0113,0.32
4.348151,0.0139,9.7938,0.0437,0.3
4.351911,-0.0138,9.784,0.0728,0.29
4.363545,-0.0425,9.7601,0.0683,0.27
4.372318,-0.0427,9.751,0.0412,0.26
4.38152,-0.0102,9.7409,0.0253,0.24
4.396482,0.022,9.7859,0.0345,0.29
4.401918,0.0486,9.8099,0.0494,0.32
4.413415,0.0592,9.7939,0.051,0.3
4.421513,0.0697,9.7909,0.0647,0.31
4.432982,0.0778,9.782,0.074,0.3
4.446748,0.0684,9.791,0.0759,0.31
4.452107,0.0695,9.803,0.0479,0.31
4.467789,0.0283,9.82,0.0601,0.33
4.472078,0.0181,9.8148,0.0487,0.32
4.481469,-0.0294,9.8267,0.0326,0.33
4.498244,-0.0575,9.8336,0.0236,0.34
4.501914,-0.077,9.8244,0.0009,0.33
4.517624,-0.0648,9.8002,-0.0404,0.31
4.522212,-0.0489,9.771,-0.0269,0.28
4.531985,-0.0234,9.7619,-0.0494,0.27
4.548877,0.0185,9.7656,-0.0413,0.27
4.552016,0.0146,9.7996,0.01,0.3
4.565892,0.0209,9.8236,0.0415,0.33
4.573019,0.0273,9.8065,0.08,0.32
4.582652,0.0138,9.8133,0.105,0.33
4.59927,-0.0173,9.8281,0.1256,0.35
4.601466,-0.0562,9.844,0.1082,0.36
4.615233,-0.0544,9.8276,0.0626,0.34
4.621989,-0.0339,9.8273,-0.0117,0.33
4.635951,-0.0161,9.8391,-0.0665,0.35
4.653928,0.0106,9.863,-0.0633,0.37
4.654311,0.0114,9.807,-0.0246,0.31
4.66856,0.0071,9.7881,0.0465,0.29
4.671453,-0.0248,9.7792,0.1402,0.31
4.682375,-0.0474,9.7933,0.1689,0.34
4.691406,-0.0442,9.8121,0.1337,0.34
4.701614,-0.081,9.7999,0.0902,0.32
4.716817,-0.0657,9.7877,0.0325,0.3
4.721285,-0.0646,9.7805,-0.004,0.29
4.732688,-0.052,9.8062,-0.0247,0.31
4.741638,-0.0489,9.79,-0.0139,0.29
4.751577,-0.0775,9.7799,0.0046,0.29
4.766502,-0.0651,9.8038,0.0226,0.31
4.771242,-0.0361,9.8016,0.0277,0.3
4.783566,-0.0273,9.7916,0.0388,0.3
4.791633,-0.0198,9.8054,0.0619,0.31
4.801022,-0.0064,9.8252,0.0414,0.33
4.816758,-0.0019,9.8171,0.0358,0.32
4.821429,-0.0054,9.853,0.0201,0.35
4.834365,0.0227,9.8608,0.0146,0.36
4.841641,0.015,9.8337,0.0034,0.33
4.851239,0.0093,9.8167,-0.0197,0.32
4.866677,-0.0082,9.8006,0.0117,0.3
4.871007,0.0031,9.7837,0.0338,0.29
4.884091,0.0261,9.7526,0.0526,0.26
4.891065,0.0199,9.7477,0.0764,0.26
4.900858,0.0169,9.7647,0.0953,0.28
4.917351,0.0258,9.7887,0.1216,0.31
4.920882,0.0366,9.8147,0.0749,0.33
4.934301,0.0277,9.8334,0.0171,0.33
4.940736,0.0182,9.8262,0.0053,0.33
4.95122,0.0506,9.8239,-0.0134,0.33
4.96794,0.0602,9.7948,-0.0194,0.3
4.970758,0.0478,9.7876,0.004,0.29
4.985639,0.0358,9.7916,0.0351,0.3
4.990782,0.024,9.7796,0.1017,0.3
5.00428,-0.0219,9.7996,0.1256,0.33
5.020081,-0.0312,9.7996,0.1598,0.34
5.020933,-0.0507,9.8185,0.139,0.35
5.035405,-0.0278,9.8202,0.0625,0.33
5.041221,-0.022,9.815,0.0462,0.32
5.055122,-0.0296,9.8249,0.0314,0.33
5.061189,-0.045,9.8315,0.0355,0.34
5.071158,-0.0494,9.8364,0.0167,0.34
5.084788,-0.0238,9.8311,0.0377,0.33
5.090791,0.0084,9.817,0.1018,0.33
5.102634,0.0246,9.8017,0.0834,0.31
5.120182,0.003,9.7974,0.0797,0.31
5.120525,-0.0193,9.7771,0.0713,0.29
5.138002,-0.0128,9.7886,0.0227,0.29
5.140841,-0.0224,9.8152,-0.0229,0.32
5.156857,-0.0113,9.8459,-0.0735,0.35
5.161076,0.035,9.8865,-0.1023,0.4
5.171101,0.0236,9.9174,-0.126,0.44
5.187131,0.0343,9.8813,-0.1128,0.4
5.191579,0.0281,9.8281,-0.0644,0.34
5.203431,0.0063,9.8022,-0.0112,0.3
5.21148,-0.0301,9.7421,-0.0134,0.24
5.220855,-0.0542,9.7109,0.0067,0.22
5.23746,-0.0474,9.701,0.0295,0.21
5.240285,-0.0358,9.7129,0.0303,0.22
5.255053,-0.031,9.7178,0.036,0.22
5.260814,0.0041,9.7398,0.0249,0.24
5.271301,0.0508,9.8017,0.0869,0.32
5.290905,0.0652,9.8448,0.0772,0.36
5.291319,0.0432,9.8448,0.0426,0.35
5.307747,0.0373,9.8827,0.0282,0.39
5.311702,0.0196,9.8546,0.0338,0.36
5.325034,0.007,9.8516,0.032,0.35
5.340847,0.0161,9.8207,0.0242,0.32
5.341077,-0.0014,9.8066,0.0391,0.31
5.35688,0.0337,9.7847,0.036,0.29
5.360766,0.0074,9.7796,0.0408,0.28
5.373548,0.033,9.7897,0.0316,0.29
5.390484,0.0584,9.7747,0.0267,0.28
5.390744,0.0393,9.7796,0.0218,0.28
5.407074,0.0533,9.8156,0.0239,0.32
5.410764,0.0346,9.8497,0.048,0.35
5.424039,0.0538,9.8777,0.0461,0.38
5.440775,0.0382,9.8516,0.0511,0.36
5.441033,0.0286,9.8276,0.0413,0.33
5.458233,0.0526,9.7795,0.0247,0.29
5.460529,0.0595,9.7225,0.0207,0.23
5.472669,0.0624,9.7225,0.0127,0.23
5.480614,0.0437,9.7156,-0.0132,0.22
5.491422,0.0324,9.7396,-0.0153,0.24
5.509257,0.0095,9.7606,0.0344,0.26
5.510408,0.0005,9.7986,0.0457,0.3
5.525235,-0.0221,9.8276,0.0453,0.33
5.530787,-0.0444,9.8106,0.0591,0.32
5.540003,-0.0951,9.832699999999999,0.0381,0.35
5.558242,-0.1087,9.8345,0.0113,0.35
5.560254,-0.0757,9.8375,-0.0521,0.35
5.575256,-0.0621,9.8734,-0.0617,0.38
5.580319,-0.0487,9.8874,-0.0473,0.39
5.590817,-0.0386,9.8446,-0.0329,0.35
5.609224,-0.0108,9.8397,0.0078,0.34
5.610165,-0.0014,9.78,0.0629,0.29
5.625112,-0.0301,9.7203,0.115,0.25
5.630741,-0.0201,9.6995,0.1553,0.25
5.653016,-0.0105,9.6878,0.1771,0.26
5.653405,-0.0302,9.712,0.185,0.28
5.660372,-0.0339,9.7599,0.1517,0.3
5.675244,0.0014,9.8169,0.1476,0.35
5.680015,0.008,9.8597,0.0753,0.37
5.690871,0.0179,9.8986,0.036,0.4
5.708666,0.0115,9.8935,0.0089,0.39
5.709827,0.0124,9.8455,0.0248,0.35
5.72498,-0.0103,9.7976,0.0748,0.31
5.730242,-0.0188,9.7787,0.1452,0.31
5.742071,-0.0228,9.7688,0.1784,0.32
5.759046,-0.0055,9.7999,0.1499,0.34
5.760577,0.0282,9.8219,0.1309,0.35
5.77552,0.0532,9.8438,0.0809,0.36
5.780173,0.0621,9.8236,-0.0082,0.33
5.792774,0.0698,9.7804,-0.0266,0.29
5.800298,0.0905,9.7561,-0.0547,0.28
5.809939,0.0776,9.7349,-0.0762,0.26
5.826203,0.0553,9.7677,-0.0604,0.28
5.829714,0.0532,9.7706,-0.0163,0.28
5.841992,0.0198,9.8305,0.0391,0.33
5.850462,0.0013,9.9095,0.0566,0.41
5.860414,0.0154,9.9065,0.0194,0.41
5.876649,0.0184,9.8564,-0.0223,0.36
5.879875,0.0014,9.8083,-0.053,0.31
5.892134,-0.0339,9.7722,-0.088,0.29
5.900146,-0.0519,9.7601,-0.0589,0.27
5.910239,-0.0369,9.7602,-0.0187,0.26
5.926858,-0.0193,9.7773,0.0057,0.28
5.930114,-0.0395,9.7794,0.0567,0.29
5.944965,-0.0299,9.8036,0.1073,0.32
5.950104,-0.0343,9.8278,0.1244,0.35
5.961719,-0.041,9.8451,0.1248,0.37
5.977771,-0.0498,9.8191,0.0908,0.34
5.979524,-0.0575,9.8192,0.0778,0.33
5.994794,-0.0306,9.7903,0.0688,0.3
6.000967,-0.0239,9.7444,0.0726,0.26
6.011536,-0.0171,9.7636,0.0863,0.28
6.028209,-0.0173,9.7597,0.1396,0.3
6.029401,-0.0312,9.7859,0.1451,0.32
6.045824,-0.0431,9.824,0.1442,0.36
6.049771,-0.0365,9.867,0.1034,0.38
6.061911,-0.0282,9.8869,0.0544,0.39
6.078243,-0.009,9.8578,-0.0262,0.36
6.079535,0.0178,9.8286,-0.0508,0.33
6.096185,0.0288,9.8045,-0.0471,0.31
6.099823,0.0362,9.7715,-0.059,0.28
6.111046,0.0395,9.7636,-0.0048,0.27
6.127489,0.0323,9.7618,0.0392,0.27
6.129475,0.0695,9.7568,0.0792,0.28
6.144447,0.0769,9.7838,0.1149,0.32
6.15483,0.0781,9.7909,0.1153,0.32
6.164485,0.0909,9.8028,0.0974,0.33
6.170552,0.1097,9.8076,0.0512,0.33
6.182519,0.0771,9.8024,0.0025,0.31
6.197587,0.042,9.7852,-0.062,0.29
6.199657,0.0608,9.8109,-0.1166,0.34
6.212601,0.0422,9.8499,-0.08,0.36
6.221749,0.0041,9.8309,-0.0239,0.33
6.230584,-0.0037,9.8021,0.0653,0.31
6.244552,0.03,9.7993,0.1145,0.32
6.249458,-0.0046,9.7874,0.1564,0.33
6.260229,-0.0272,9.7783,0.1175,0.3
6.269697,0.0076,9.7802,0.1019,0.3
6.279711,0.0054,9.7782,0.0544,0.28
6.294638,-0.0126,9.7972,0.0001,0.3
6.299891,-0.0512,9.7781,0.0096,0.28
6.311986,-0.0428,9.79,0.0486,0.3
6.31967,-0.0514,9.799,0.0149,0.3
6.329392,-0.0213,9.8039,0.0273,0.31
6.346415,-0.0203,9.7919,0.0443,0.3
6.349061,-0.0222,9.7989,0.053,0.3
6.363148,-0.0092,9.8159,0.0629,0.32
6.369508,-0.0199,9.8309,0.0931,0.34
6.379821,-0.0069,9.8399,0.038,0.34
6.396066,0.004,9.874,0.0091,0.37
6.398848,0.0167,9.8429,-0.0168,0.34
6.413047,0.0245,9.8019,-0.0305,0.3
6.419523,-0.0005,9.7918,-0.0423,0.29
6.430739,-0.0143,9.7918,-0.0476,0.3
6.446896,-0.0033,9.775,0.0371,0.28
6.449214,-0.0214,9.7732,0.019,0.27
6.463499,-0.0034,9.7682,0.0485,0.27
6.469336,-0.0075,9.7683,0.0591,0.27
6.480521,-0.0045,9.7976,0.0575,0.3
6.497647,0.0178,9.8386,0.0043,0.34
6.499054,0.0253,9.8837,-0.0478,0.39
6.513543,0.0188,9.9009,-0.0538,0.4
6.519257,0.0522,9.9033,-0.0688,0.41
6.531703,0.0392,9.8797,-0.0302,0.38
6.547974,0.0048,9.8472,0.0386,0.35
6.548865,-0.0261,9.7347,0.0943,0.25
6.564713,-0.0338,9.6873,0.1579,0.25
6.569053,-0.0452,9.6978,0.1566,0.26
6.581818,-0.0192,9.6882,0.1338,0.23
6.58935,0.0009,9.7295,0.1223,0.26
6.599424,0.0156,9.7845,0.09,0.3
6.615714,0.0231,9.7916,0.0336,0.29
6.618979,0.0401,9.8137,0.038,0.32
6.631426,0.0213,9.8498,0.0595,0.36
6.651447,0.0422,9.8447,0.0639,0.35
6.651755,0.057,9.7918,0.1134,0.32
6.665478,0.0184,9.7419,0.0797,0.26
6.669016,0.0035,9.7467,0.0684,0.26
6.682658,-0.0073,9.7606,0.0961,0.28
6.689158,-0.0158,9.8135,0.0425,0.32
6.699014,0.0022,9.8633,0.003,0.36
6.715434,0.0099,9.8853,0.0086,0.39
6.718855,0.0036,9.9232,-0.015,0.42
6.731456,-0.0094,9.8591,-0.0079,0.36
6.739408,-0.0319,9.7962,0.0444,0.3
6.749638,-0.0283,9.7533,0.0958,0.27
6.766706,-0.0263,9.7343,0.1057,0.26
6.768648,-0.0171,9.7652,0.0708,0.28
6.783357,-0.0122,9.806,0.0652,0.31
6.788995,-0.0064,9.8028,0.0258,0.3
6.798852,-0.0166,9.8176,0.0106,0.32
6.817179,-0.0102,9.8144,0.0155,0.31
6.818556,0.0079,9.8262,0.0072,0.33
6.831213,-0.0008,9.834,0.0206,0.33
6.838461,0.02,9.8,0.0389,0.3
6.849323,0.013,9.7828,0.0416,0.29
6.867294,-0.0167,9.7758,0.0333,0.28
6.868345,-0.0123,9.7897,0.0551,0.3
6.88501,-0.0188,9.8065,0.0661,0.31
6.888861,-0.0198,9.8255,0.0522,0.33
6.902573,-0.019,9.8303,0.0227,0.33
6.919685,0.0101,9.8682,0.0203,0.37
6.920137,-0.0071,9.871,0.0049,0.37
6.939258,-0.026,9.8399,-0.0226,0.34
6.939585,-0.0545,9.8537,0.0001,0.36
6.951805,-0.0517,9.8277,0.0097,0.33
6.958599,-0.0621,9.8056,0.027,0.31
6.969524,-0.0573,9.7766,0.0533,0.29
6.985345,-0.0142,9.7606,0.0823,0.27
6.988477,0.0027,9.7965,0.0491,0.3
7.001817,0.0196,9.7934,0.0219,0.29
7.008512,0.0217,9.8084,0.0532,0.31
7.019377,0.0027,9.8244,0.0534,0.33
7.034994,0.0097,9.8083,0.0628,0.31
7.0382,-0.0024,9.7984,0.0782,0.31
7.052112,-0.0143,9.8122,0.0622,0.32
7.058434,-0.0213,9.817,0.0377,0.32
7.068452,-0.0283,9.8079,0.0123,0.31
7.085175,-0.0215,9.8238,-0.0193,0.33
7.088444,-0.0069,9.8076,-0.0231,0.31
7.10175,0.0062,9.7926,-0.0243,0.29
7.108498,-0.0042,9.8075,0.0121,0.31
7.118366,0.0122,9.7905,0.0165,0.29
7.136218,0.0148,9.7856,0.0337,0.29
7.138095,0.0238,9.8096,0.0769,0.32
7.152996,0.0287,9.8115,0.1203,0.34
7.160823,0.0147,9.7904,0.1091,0.31
7.169562,0.04,9.8023,0.0795,0.32
7.185436,-0.0152,9.7851,0.0622,0.29
7.187745,0.0026,9.8279,0.0451,0.33
7.202103,0.0273,9.8347,-0.0196,0.34
7.208025,0.0356,9.8465,-0.0655,0.35
7.220028,0.0535,9.8584,-0.0146,0.36
7.235475,0.034,9.8344,0.0047,0.34
7.239025,0.0125,9.7845,0.0673,0.29
7.25132,-0.0145,9.7865,0.122,0.31
7.258173,-0.0371,9.7944,0.1315,0.32
7.269676,-0.029,9.8133,0.1168,0.34
7.287165,-0.0333,9.815,0.0796,0.33
7.287559,-0.0071,9.8339,0.0338,0.34
7.302465,0.0009,9.8176,0.0148,0.32
7.308226,0.0266,9.7814,0.0002,0.28
7.322045,0.0213,9.7782,-0.0093,0.28
7.341191,0.0348,9.761,-0.0188,0.26
7.341689,0.0307,9.7688,0.0287,0.27
7.353961,0.0138,9.7846,0.0188,0.29
7.357958,0.0092,9.7924,0.001,0.29
7.376091,-0.0093,9.8132,0.003,0.31
7.377516,-0.0109,9.8421,0.0052,0.34
7.389975,-0.0067,9.8468,-0.0064,0.35
7.404092,0.0269,9.8396,-0.0114,0.34
7.407889,0.0502,9.8345,-0.0268,0.34
7.422625,0.028,9.8483,-0.0348,0.35
7.427682,0.024,9.8294,-0.0393,0.33
7.440087,0.0046,9.8343,-0.0273,0.34
7.455124,-0.0107,9.8074,0.0012,0.31
7.45774,-0.0058,9.8055,0.0517,0.31
7.472125,0.0145,9.7956,0.0417,0.3
7.477808,0.0376,9.8058,0.0764,0.32
7.488214,0.0477,9.8248,0.0892,0.34
7.505971,0.0411,9.8249,0.0931,0.34
7.507742,0.0367,9.808,0.0802,0.32
7.523736,-0.0031,9.799,0.0578,0.3
7.527774,-0.0512,9.813,0.0914,0.33
7.538651,-0.0673,9.7991,0.1001,0.32
7.555716,-0.0795,9.82,0.0457,0.33
7.557364,-0.0812,9.8469,0.0414,0.36
7.573979,-0.0703,9.8518,0.014,0.36
7.577817,-0.0695,9.8199,0.0111,0.33
7.590733,-0.0274,9.7989,0.002,0.3
7.606163,0.0102,9.7769,0.0135,0.28
7.607351,0.0316,9.775,0.0318,0.28
7.621829,0.036,9.8201,0.0402,0.32
7.627628,-0.0119,9.8131,0.0804,0.32
7.638689,0.0394,9.7222,0.1141,0.25
7.660156,0.0807,9.6911,0.119,0.24
7.660491,0.0887,9.7438,0.1142,0.28
7.673137,0.0886,9.8125,0.0916,0.34
7.67808,-0.0148,9.8703,0.0521,0.37
7.69077,-0.0478,9.9559,-0.0096,0.46
7.697785,-0.0757,9.9937,-0.0857,0.51
7.707087,-0.0596,9.9625,-0.1287,0.48
7.724321,-0.0287,9.8834,-0.119,0.4
7.727811,-0.0029,9.7975,-0.0261,0.3
7.740148,-0.0071,9.7667,0.0932,0.28
7.747743,0.0136,9.752,0.1505,0.29
7.757934,-0.0006,9.7522,0.1288,0.28
7.773766,-0.0296,9.7552,0.0898,0.27
7.777298,-0.0313,9.7883,0.0446,0.29
7.790468,-0.0427,9.8033,0.0365,0.31
7.797429,-0.0379,9.7953,0.0292,0.3
7.808732,-0.0494,9.8463,0.0201,0.35
7.824738,-0.0254,9.8434,0.017,0.34
7.827494,-0.0159,9.8153,0.0455,0.32
7.840197,-0.0333,9.7935,0.0565,0.3
7.847608,-0.0335,9.7765,0.0505,0.28
7.857597,-0.031,9.7717,0.0428,0.28
7.874562,-0.0347,9.7837,0.0205,0.29
7.877087,-0.0285,9.8178,0.0114,0.32
7.891337,0.0062,9.8178,0.013,0.32
7.897494,0.0216,9.8558,0.0105,0.36
7.907854,0.0272,9.8518,-0.0071,0.35
7.922929,0.0329,9.84,0.0326,0.34
7.926781,0.0162,9.8352,0.0282,0.34
7.940712,0.0122,9.8252,0.0347,0.33
7.94855,0.0192,9.8284,0.0286,0.33
7.960394,0.0408,9.8235,0.0178,0.33
7.97471,0.0396,9.8066,0.0438,0.31
7.977318,0.0383,9.7967,0.0635,0.31
7.996786,0.0472,9.7928,0.0654,0.3
7.997406,0.0414,9.8018,0.0499,0.31
8.013127,0.0145,9.7609,0.0427,0.26
8.032997,0.0,9.781,0.0781,0.29
8.033421,-0.0271,9.7831,0.0823,0.3
8.044845,-0.053,9.805,0.0653,0.32
8.046754,-0.0244,9.814,0.0181,0.32
8.058463,-0.0249,9.8329,-0.0173,0.33
8.075426,-0.0421,9.8209,-0.026,0.32
8.07664,-0.0284,9.819,-0.0222,0.32
8.094,0.0374,9.8191,0.0081,0.32
8.09681,0.0275,9.802,-0.0205,0.3
8.109804,0.0236,9.7712,0.0184,0.27
8.11719,0.0398,9.7693,0.0816,0.28
8.127413,0.0273,9.7716,0.1111,0.29
8.144246,0.0247,9.7766,0.1102,0.3
8.147318,0.0307,9.7767,0.1009,0.3
8.160572,0.0388,9.8055,0.0587,0.31
8.166873,0.0193,9.8144,0.026,0.32
8.176401,0.0335,9.8383,-0.0298,0.34
8.193453,0.016,9.8863,-0.0393,0.39
8.196851,0.0109,9.8794,-0.0516,0.38
8.20923,0.0208,9.8725,-0.0268,0.37
8.217037,0.0299,9.8145,0.0057,0.32
8.22795,-0.0006,9.7938,0.0995,0.31
8.243499,-0.0019,9.7721,0.1453,0.31
8.246899,-0.0162,9.7821,0.124,0.31
8.260024,-0.0346,9.7892,0.1092,0.31
8.267093,-0.0153,9.7603,0.0782,0.27
8.277963,-0.0191,9.7911,0.0548,0.3
8.292741,-0.0073,9.7771,0.0267,0.28
8.296454,-0.0155,9.7939,0.0515,0.3
8.308798,0.0039,9.8249,0.0405,0.33
8.316937,0.0074,9.8199,0.0105,0.32
8.326664,-0.0048,9.8438,-0.0127,0.34
8.346441,-0.0355,9.8217,0.0046,0.32
8.347395,-0.0318,9.8097,0.0238,0.31
8.363866,-0.0075,9.8007,0.0376,0.3
8.366433,-0.0101,9.7957,0.0287,0.3
8.378752,0.036,9.7906,0.0102,0.29
8.400578,0.0193,9.7976,-0.0014,0.3
8.400911,0.0287,9.8196,0.0624,0.33
8.411677,0.0629,9.8265,0.0317,0.33
8.415651,0.075,9.8245,0.0231,0.33
8.426781,0.0849,9.8076,0.0372,0.32
8.446669,0.073,9.8145,0.0153,0.32
8.447111,0.0631,9.7765,0.0321,0.29
8.462486,0.0376,9.8005,0.0559,0.31
8.466544,0.0025,9.8055,0.0391,0.31
8.480187,0.0044,9.8196,0.039,0.32
8.486681,0.0098,9.8174,0.0376,0.32
8.497198,-0.0157,9.8094,0.0428,0.31
8.513416,-0.0569,9.7955,0.0596,0.31
8.516155,-0.0649,9.8004,0.0689,0.31
8.528893,-0.0791,9.7782,0.0525,0.29
8.53674,-0.0814,9.7972,0.0279,0.31
8.547037,-0.0571,9.793,0.0032,0.3
8.563162,-0.0469,9.7829,-0.0197,0.29
8.566313,-0.0024,9.8088,-0.0221,0.31
8.580571,-0.0189,9.8118,-0.0359,0.31
8.586461,0.0143,9.7709,-0.0142,0.27
8.596596,0.0264,9.7879,0.0202,0.29
8.614372,0.0296,9.785,0.0753,0.3
8.617344,0.0486,9.778,0.1246,0.31
8.631418,0.0272,9.7881,0.1363,0.32
8.636388,0.0256,9.812,0.1266,0.34
8.658974,-0.0143,9.8209,0.073,0.33
8.659428,-0.0035,9.8597,0.013,0.36
8.666201,0.002,9.8805,-0.026,0.38
8.680607,-0.0095,9.8853,-0.0934,0.4
8.686314,-0.0191,9.8833,-0.0927,0.39
8.696504,0.0073,9.8425,-0.018,0.34
8.714936,0.0108,9.8066,0.045,0.31
8.716302,-0.0154,9.7687,0.096,0.29
8.731641,-0.0183,9.7568,0.119,0.28
8.736153,-0.0053,9.7519,0.083,0.27
8.748265,0.0142,9.7878,0.0448,0.29
8.764346,-0.0071,9.7948,0.0502,0.3
8.765599,0.0172,9.7827,0.0267,0.28
8.781772,0.0202,9.7636,0.0013,0.26
8.785907,0.0103,9.7656,0.0186,0.27
8.798956,0.0154,9.7895,0.0093,0.29
8.816134,0.0052,9.8355,-0.0041,0.34
8.816531,-0.0116,9.8324,-0.0036,0.33
8.831752,-0.0325,9.8635,-0.0155,0.37
8.836085,-0.0325,9.8524,0.0004,0.35
8.848982,-0.0188,9.8284,-0.0069,0.33
8.856018,-0.0157,9.7755,0.0196,0.28
8.866491,-0.0135,9.7636,0.0158,0.26
8.882226,-0.0058,9.7567,0.0315,0.26
8.886396,-0.005,9.7928,0.0372,0.3
8.898227,0.0055,9.8258,0.0273,0.33
8.906241,0.0344,9.8289,0.0455,0.33
8.916459,0.0312,9.817,0.0348,0.32
8.932556,0.0427,9.8261,0.0529,0.33
8.935946,0.0678,9.8482,0.0719,0.36
8.95015,0.0653,9.8262,0.0324,0.33
8.956073,0.0533,9.8194,0.0538,0.33
8.965473,0.0281,9.8004,0.0671,0.31
8.982129,0.024,9.7814,0.0572,0.29
8.985491,-0.032,9.7815,0.0751,0.29
9.002072,-0.0583,9.7737,0.0929,0.29
9.005498,-0.0707,9.7838,0.1057,0.31
9.017075,-0.1193,9.7788,0.1359,0.33
9.037217,-0.1084,9.8098,0.081,0.34
9.037788,-0.084,9.8008,0.0694,0.32
9.049894,-0.0451,9.8078,0.0103,0.31
9.057054,0.0055,9.8246,-0.0146,0.32
9.07029,0.0074,9.8576,-0.04,0.36
9.091756,0.0314,9.8796,-0.0377,0.38
9.09225,0.0484,9.8726,-0.0141,0.38
9.10425,0.0338,9.8576,0.0212,0.36
9.105059,0.0014,9.7958,0.0153,0.3
9.118361,0.0018,9.7218,0.0646,0.23
9.133013,0.0069,9.7031,0.084,0.22
9.135574,-0.0099,9.7152,0.0402,0.22
9.152096,-0.0011,9.7411,-0.001,0.24
9.15576,0.0182,9.8301,-0.0288,0.33
9.16879,0.0453,9.9252,-0.0629,0.43
9.184976,0.0443,9.9252,-0.0705,0.43
9.185328,0.0347,9.8894,-0.0031,0.39
9.200405,0.0503,9.8496,0.0836,0.36
9.205201,-0.001,9.8157,0.1025,0.33
9.218746,-0.0459,9.767900000000001,0.1129,0.29
9.225271,-0.0348,9.735,0.1312,0.27
9.245301,-0.0131,9.7493,0.0854,0.26
9.255609,0.0201,9.7832,0.0571,0.29
9.269967,0.0294,9.8113,0.0808,0.32
9.275178,0.0238,9.8473,0.0728,0.36
9.286036,0.0372,9.9003,0.0849,0.41
9.300445,0.0109,9.8784,0.0759,0.39
9.305281,-0.0276,9.8143,0.05,0.32
9.316477,-0.0271,9.7753,0.0264,0.28
9.325017,-0.0452,9.7712,0.0051,0.27
9.335148,-0.0278,9.7631,-0.0082,0.26
9.350112,0.01,9.7661,-0.0174,0.27
9.35502,0.045,9.821,-0.0117,0.32
9.366793,0.0609,9.845,-0.0091,0.35
9.375104,0.0313,9.8549,-0.0017,0.36
9.385615,0.0149,9.8569,0.0106,0.36
9.403557,-0.012,9.8329,0.0138,0.33
9.40484,-0.0208,9.8038,0.0425,0.31
9.419149,-0.0117,9.7948,0.0256,0.3
9.426724,-0.0134,9.8038,0.0344,0.31
9.439438,0.0274,9.8398,0.0205,0.34
9.452436,0.0312,9.8139,0.0491,0.32
9.45544,0.0361,9.802,0.0439,0.31
9.470569,0.017,9.8309,0.0625,0.34
9.474967,-0.0116,9.804,0.1096,0.32
9.486529,-0.028,9.7871,0.1087,0.31
9.502625,-0.0465,9.7951,0.0708,0.31
9.504954,-0.0552,9.7901,0.0565,0.3
9.520388,-0.0362,9.7829,0.0243,0.29
9.525042,0.006,9.7849,-0.0296,0.29
9.536777,0.0409,9.8018,-0.003,0.3
9.554499,0.057,9.7988,-0.0008,0.3
9.554867,0.0344,9.8108,-0.0145,0.31
9.570858,0.0272,9.8038,0.023,0.31
9.575121,0.0084,9.7899,0.0851,0.3
9.586914,0.0222,9.79,0.1205,0.31
9.603767,0.029,9.787,0.1204,0.31
9.604882,0.0129,9.7799,0.1207,0.31
9.620104,-0.0158,9.8139,0.0947,0.33
9.624875,0.0011,9.8517,0.0344,0.35
9.63715,0.0047,9.8875,-0.0115,0.39
9.65747,-0.0006,9.9062,-0.0586,0.41
9.671083,0.0183,9.8893,-0.0419,0.39
9.688863,-0.0357,9.7534,0.0133,0.26
9.695109,-0.0427,9.7195,0.0794,0.24
9.704944,-0.0222,9.7486,0.1098,0.27
9.721822,-0.0081,9.7705,0.0768,0.28
9.724973,0.0136,9.7945,0.0603,0.3
9.740377,0.0154,9.830400000000001,0.0536,0.34
9.744714,0.0151,9.8345,0.0558,0.34
9.756832,0.0197,9.830400000000001,0.054,0.34
9.772014,-0.0145,9.830400000000001,0.0204,0.33
9.774875,-0.0314,9.8273,-0.0032,0.33
9.78939,-0.0074,9.7913,-0.0145,0.29
9.794958,0.0121,9.7912,-0.0109,0.29
9.806144,0.0494,9.8252,-0.0082,0.33
9.823313,0.0372,9.8443,0.0206,0.35
9.824348,0.0116,9.8102,0.0293,0.31
9.839526,-0.0147,9.7963,0.0411,0.3
9.84493,-0.0111,9.7982,0.0322,0.3
9.857526,-0.0018,9.8392,0.0054,0.34
9.87351,0.0012,9.8252,-0.0082,0.33
9.874529,0.0288,9.8271,0.0157,0.33
9.890526,0.0568,9.8132,0.0176,0.32
9.894323,0.0373,9.8392,0.0205,0.34
9.907557,0.0423,9.8252,0.0253,0.33
9.923522,0.0306,9.7963,0.037,0.3
9.924373,0.0004,9.8152,0.017,0.32
9.940801,-0.0064,9.8083,0.025,0.31
9.944543,-0.0051,9.8103,0.0487,0.31
9.956933,0.0056,9.8104,0.0998,0.33
9.974524,-0.0196,9.7965,0.106,0.32
9.9749,-0.0308,9.8064,0.0917,0.32
9.990718,-0.0601,9.8134,0.0509,0.32
9.994354,-0.0468,9.7965,0.0441,0.3
10.007723,-0.0181,9.7894,0.0087,0.29
10.014746,-0.0044,9.7913,-0.0029,0.29
10.024418,0.0124,9.8062,-0.0027,0.31
10.037706,-0.0095,9.8103,-0.0097,0.31
10.044668,0.0008,9.8033,0.0158,0.3
10.059199,0.0013,9.8514,0.0472,0.35
10.065097,-0.0101,9.8225,0.0965,0.34
10.075526,0.0043,9.7985,0.108,0.32
10.092358,0.0077,9.7966,0.0961,0.31
10.094788,-0.007,9.8034,0.0492,0.31
10.110408,-0.0138,9.8152,0.0264,0.32
10.115647,-0.0156,9.8302,0.0437,0.33
10.128837,-0.0466,9.8222,0.0253,0.33
10.14822,-0.0258,9.7891,-0.0385,0.29
10.162631,0.0327,9.8131,-0.0054,0.31
10.175807,0.0523,9.8803,0.1161,0.4
10.18939,-0.0042,9.8752,0.1128,0.39
10.193663,-0.0441,9.8443,0.099,0.36
10.209124,-0.0657,9.7892,0.0775,0.31
10.214211,-0.0687,9.755,0.0382,0.27
10.226054,-0.0385,9.762,0.036,0.27
10.240829,-0.0032,9.736,0.0466,0.24
10.248127,0.0267,9.7698,0.0046,0.27
10.259413,0.0088,9.8147,-0.0164,0.32
10.264537,-0.0273,9.8367,0.032,0.34
10.275867,-0.0174,9.8247,0.0374,0.33
10.292812,-0.0137,9.8296,0.023,0.33
10.293662,-0.0231,9.8126,0.0339,0.32
10.310802,-0.0068,9.8195,0.0247,0.32
10.314435,0.0184,9.8074,-0.0023,0.31
10.324142,0.0346,9.8022,-0.023,0.31
10.343605,0.0525,9.8332,-0.0392,0.34
10.344108,0.0398,9.8411,-0.0031,0.34
10.360564,0.0204,9.8332,-0.0079,0.33
10.363637,0.0318,9.8332,0.0307,0.34
10.376465,0.0401,9.8483,0.0319,0.35
10.383418,0.0491,9.8194,0.0381,0.33
10.393657,0.0651,9.8005,0.0493,0.31
10.41284,0.0445,9.8005,0.0656,0.31
10.414311,0.0352,9.7935,0.0512,0.3
10.428048,0.0113,9.8126,0.0767,0.32
10.433553,-0.0141,9.7977,0.0882,0.31
10.444474,-0.0401,9.8146,0.09,0.33
10.460785,-0.053,9.8247,0.09,0.34
10.463493,-0.0771,9.8247,0.0879,0.35
10.482274,-0.0815,9.7977,0.0573,0.31
10.483366,-0.0643,9.7957,0.0167,0.3
10.496013,-0.0304,9.7956,0.0001,0.3
10.509286,-0.0186,9.7735,-0.0274,0.28
10.513782,0.0249,9.8175,-0.0343,0.32
10.526994,0.0249,9.8385,-0.0161,0.34
10.534065,0.0438,9.8458,0.0492,0.35
10.545281,0.0202,9.8009,0.0446,0.3
10.562041,-0.0031,9.758,0.0534,0.26
10.563224,0.0162,9.758,0.0627,0.27
10.576701,0.0469,9.7671,0.0595,0.28
10.583802,0.0486,9.8011,0.0408,0.31
10.594699,0.0463,9.842,0.046,0.35
10.612437,0.0677,9.8681,0.0196,0.37
10.613706,0.0553,9.868,-0.0415,0.37
10.627978,0.0313,9.8819,-0.0485,0.39
10.633387,0.0145,9.83,-0.0474,0.33
10.656149,0.0013,9.7722,0.0207,0.27
10.656643,-0.0177,9.7624,0.0754,0.27
10.663457,-0.0355,9.7676,0.1242,0.3
10.677613,-0.0196,9.7778,0.1745,0.33
10.683466,-0.0188,9.7609,0.1664,0.31
10.69353,-0.035,9.7678,0.1472,0.31
10.710902,-0.0176,9.7779,0.1066,0.3
10.713499,-0.0292,9.8037,0.0766,0.31
10.72799,-0.0336,9.8136,0.0591,0.32
10.733394,-0.043,9.8374,0.0198,0.34
10.745247,-0.0304,9.8613,0.0146,0.36
10.761659,-0.0149,9.8371,-0.0197,0.34
10.763402,-0.0143,9.8269,-0.0207,0.33
10.779367,-0.0002,9.8129,-0.0368,0.32
10.783329,-0.0002,9.7858,-0.0341,0.29
10.795379,0.0117,9.7858,-0.0287,0.29
10.803552,0.0047,9.7978,-0.0356,0.3
10.813394,-0.0171,9.8008,-0.0356,0.3
10.829161,-0.0306,9.8458,-0.0172,0.35
10.832494,0.0004,9.8489,0.0198,0.35
10.847346,-0.0095,9.837,0.0389,0.34
10.853572,-0.0065,9.827,0.0424,0.33
10.863756,0.0121,9.8251,0.0758,0.33
10.879001,0.0337,9.7843,0.1005,0.3
10.883257,0.0543,9.7793,0.0549,0.29
10.896561,0.0423,9.7604,0.0444,0.27
10.903521,0.0259,9.782399999999999,0.032,0.29
10.91326,0.0007,9.8085,0.0671,0.32
10.930547,-0.0203,9.8346,0.0573,0.34
10.932753,-0.0117,9.8377,0.0913,0.35
10.946892,-0.0214,9.8328,0.0833,0.34
10.953342,0.0028,9.8139,0.0871,0.33
10.963589,-0.0229,9.8109,0.0416,0.31
10.979511,-0.0136,9.785,0.0124,0.29
10.982911,0.0035,9.797,-0.0098,0.3
10.996017,0.002,9.79,-0.0152,0.29
11.002736,0.0213,9.78,-0.0076,0.28
11.0129,0.0187,9.7901,0.0412,0.29
11.029455,0.0457,9.7922,0.0473,0.3
11.032777,0.0407,9.7973,0.0826,0.31
11.046991,0.0074,9.7922,0.0777,0.3
11.053537,0.016,9.7922,0.0928,0.31
11.064456,-0.0409,9.8093,0.093,0.33
11.08271,-0.0369,9.8281,0.0835,0.34
11.083224,-0.0016,9.8662,0.0553,0.37
11.099115,-0.0106,9.857,-0.0174,0.36
11.102574,0.0102,9.8519,-0.0355,0.35
11.112694,0.0368,9.8569,-0.0543,0.36
11.12965,0.0297,9.8019,-0.0098,0.3
11.1325,0.0082,9.7731,0.0849,0.29
11.146315,-0.0356,9.7662,0.1176,0.29
11.152447,-0.0669,9.7872,0.1313,0.32
11.163731,-0.0587,9.8262,0.0908,0.34
11.172658,-0.0768,9.819,0.0488,0.33
11.187874,-0.0408,9.8189,0.0088,0.32
11.196509,-0.0249,9.8019,0.017,0.3
11.202425,-0.0183,9.8139,0.0073,0.31
11.213207,0.0378,9.7918,0.0094,0.29
11.222551,0.0232,9.7779,0.0293,0.28
11.232585,-0.0009,9.7949,0.0263,0.3
11.249401,-0.0147,9.8229,0.0198,0.32
11.252304,-0.0264,9.7868,0.0132,0.29
11.267266,-0.0293,9.8138,0.0139,0.32
11.272862,0.0062,9.8396,-0.0213,0.34
11.282385,0.0038,9.8396,-0.012,0.34
11.29803,-0.0062,9.8447,-0.0238,0.35
11.302133,-0.0013,9.832699999999999,-0.0187,0.33
11.316614,0.0271,9.8306,-0.009,0.33
11.323745,0.0502,9.8037,0.0141,0.31
11.334542,0.0187,9.7849,0.0485,0.29
11.347612,-0.0051,9.7731,0.0988,0.29
11.352265,-0.001,9.7662,0.1126,0.29
11.364804,0.0111,9.7872,0.0883,0.3
11.372354,0.0311,9.8093,0.0763,0.32
11.389602,0.05,9.8072,0.0474,0.31
11.403971,0.0706,9.8142,0.0811,0.33
11.40448,0.0467,9.8352,0.0659,0.34
11.418838,0.038,9.8282,0.0639,0.34
11.423084,0.0072,9.8312,0.0382,0.33
11.43676,-0.0192,9.8332,0.0308,0.34
11.453226,-0.0607,9.816,0.0195,0.32
11.453601,-0.0452,9.807,0.0109,0.31
11.466694,-0.0547,9.8021,0.0127,0.31
11.47251,-0.0779,9.7831,0.0312,0.3
11.485024,-0.0654,9.7871,-0.0118,0.29
11.500436,-0.0,9.7901,-0.0017,0.29
11.502198,0.0302,9.7951,0.0387,0.3
11.516802,0.0532,9.8162,0.0781,0.33
11.522514,0.0405,9.8071,0.0544,0.31
11.534554,0.0281,9.7992,0.0974,0.32
11.542598,-0.0049,9.8191,0.0937,0.33
11.553234,-0.0126,9.8351,0.1013,0.35
11.569269,-0.0284,9.852,0.061,0.36
11.572149,-0.0094,9.8619,0.0174,0.36
11.585481,0.0399,9.8518,-0.0058,0.35
11.592412,0.0374,9.8448,-0.0413,0.35
11.603831,0.0438,9.8228,-0.0177,0.33
11.619454,0.0623,9.7949,0.041,0.3
11.622231,-0.0022,9.7991,0.0919,0.31
11.63635,-0.0454,9.7921,0.1273,0.32
11.655991,-0.0544,9.7781,0.0967,0.3
11.656476,-0.046,9.7829,0.0412,0.29
11.670082,-0.0436,9.7797,0.0188,0.28
11.672033,-0.048,9.7826,0.0078,0.29
11.685167,-0.0427,9.8155,-0.011,0.32
11.692386,-0.003,9.8325,0.0256,0.33
11.704354,0.0244,9.8086,0.0421,0.31
11.720391,0.0387,9.8065,0.0212,0.31
11.721597,0.04,9.7915,0.0283,0.3
11.734697,0.0157,9.7866,0.0589,0.29
11.742402,0.0017,9.7656,0.0604,0.27
11.752539,-0.0154,9.7416,0.0485,0.25
11.769275,-0.0105,9.7776,0.0349,0.28
11.772102,-0.0106,9.7776,0.0781,0.29
11.788018,0.0216,9.7674,0.0244,0.27
11.792137,0.0306,9.7983,0.0476,0.3
11.802709,0.035,9.8442,0.0513,0.35
11.820028,0.0317,9.901,0.0239,0.4
11.821607,0.0296,9.9107,-0.012,0.41
11.835159,0.011,9.8917,-0.0013,0.39
11.842356,0.0419,9.8745,-0.0041,0.38
11.851872,0.0522,9.8574,-0.0112,0.36
11.870462,0.0407,9.8244,0.0179,0.33
11.871932,0.0175,9.8004,0.0157,0.3
11.885668,-0.0015,9.7765,0.0269,0.28
11.892487,0.0023,9.7766,0.0381,0.28
11.906622,-0.0188,9.7837,0.0733,0.29
11.911506,-0.0152,9.7957,0.0748,0.31
11.922188,-0.0367,9.8077,0.0628,0.32
11.938326,-0.0262,9.8246,0.0186,0.33
11.941555,-0.0418,9.8145,0.0313,0.32
11.956455,-0.0216,9.8095,-0.0016,0.31
11.961973,-0.0117,9.8143,-0.0127,0.31
11.971642,0.0102,9.8243,-0.0209,0.33
11.988748,0.0221,9.7932,-0.0325,0.3
11.991602,0.0291,9.8003,0.0005,0.3
12.005758,0.0073,9.8123,0.0341,0.31
12.011861,0.0027,9.7733,0.0341,0.28
12.021337,-0.0041,9.7883,0.0653,0.3
12.038153,-0.0204,9.8453,0.0964,0.36
12.041901,-0.0148,9.8692,0.0869,0.38
12.056514,-0.0263,9.8721,0.0596,0.38
12.060867,-0.035,9.8551,-0.0041,0.36
12.072058,-0.0068,9.8618,-0.051,0.37
12.089966,0.0031,9.8549,-0.0794,0.36
12.091676,0.0013,9.8119,-0.0411,0.31
12.104828,-0.0062,9.788,0.0076,0.29
12.11177,-0.0491,9.7762,0.0661,0.29
12.124159,-0.0482,9.7853,0.1287,0.32
12.140857,-0.0713,9.7954,0.1002,0.32
12.141935,-0.04,9.8094,0.0971,0.33
12.155644,-0.0121,9.8053,0.0643,0.31
12.16161,0.0047,9.8023,0.0375,0.3
12.173875,-0.0003,9.7932,0.0138,0.29
12.190989,-0.012,9.8073,0.0337,0.31
12.191515,-0.0098,9.8003,0.0166,0.3
12.207504,-0.0216,9.8173,0.0332,0.32
12.211094,0.0091,9.8053,0.0419,0.31
12.221783,0.0186,9.8075,0.0534,0.31
12.238945,0.0133,9.8023,0.0396,0.31
12.241127,0.0229,9.8213,0.0253,0.32
12.255871,0.0316,9.8193,0.0218,0.32
12.262579,0.0197,9.8602,-0.0065,0.36
12.271733,-0.0078,9.8642,-0.03,0.37
12.281504,-0.0263,9.8452,-0.0162,0.35
12.291166,-0.0753,9.8172,-0.0095,0.33
12.305372,-0.0764,9.7972,-0.0068,0.31
12.310975,-0.0519,9.7853,0.0333,0.29
12.322714,-0.0466,9.7974,0.0464,0.3
12.331153,-0.0265,9.8075,0.0577,0.31
12.341202,0.0112,9.8196,0.078,0.33
12.359346,0.0226,9.8096,0.0665,0.32
12.360981,0.0134,9.8506,0.0685,0.36
12.375146,-0.0039,9.8386,0.0633,0.34
12.381054,-0.0456,9.8176,0.0493,0.32
12.392165,-0.0671,9.8197,0.0373,0.33
12.412725,-0.0784,9.8006,0.0155,0.31
12.413242,-0.0612,9.7766,0.0035,0.28
12.428517,-0.0582,9.7785,0.0106,0.28
12.431282,-0.0328,9.8025,-0.0086,0.3
12.442009,-0.0133,9.7936,-0.0366,0.3
12.456116,0.0009,9.7977,0.0078,0.3
12.463061,0.0359,9.7958,0.0088,0.3
12.476337,0.0439,9.8148,0.0197,0.32
12.480709,0.0627,9.837,0.0696,0.35
12.4937,0.0278,9.806,0.0828,0.32
12.509196,0.0271,9.8221,0.0926,0.34
12.510734,0.0453,9.81,0.0592,0.32
12.525817,0.0309,9.8539,0.0275,0.36
12.532516,-0.0003,9.8818,0.0237,0.38
12.546862,-0.0035,9.8697,0.0314,0.37
12.563509,-0.0087,9.8437,-0.0248,0.34
12.56452,0.0127,9.8006,-0.0723,0.31
12.579944,0.0175,9.8077,-0.0349,0.31
12.580694,0.0102,9.7907,-0.0052,0.29
12.599422,0.012,9.789,0.051,0.29
12.600983,-0.0394,9.815,0.0949,0.33
12.61628,-0.0506,9.815,0.0899,0.33
12.630411,-0.0499,9.8149,0.0475,0.32
12.630954,-0.0287,9.8439,0.0346,0.35
12.652933,-0.01,9.8338,0.0185,0.33
12.653481,-0.0152,9.8078,-0.0069,0.31
12.661161,-0.0035,9.7817,-0.0064,0.28
12.675944,0.0111,9.7906,-0.0092,0.29
12.680611,-0.0039,9.8007,-0.0109,0.3
12.690721,-0.0055,9.8077,0.0367,0.31
12.701268,-0.0152,9.8057,0.0215,0.31
12.710631,-0.0565,9.8098,0.0331,0.32
12.726184,-0.0411,9.8098,0.0497,0.32
12.730811,-0.021,9.8218,0.0376,0.32
12.744453,-0.014,9.8268,0.0445,0.33
12.750931,0.0165,9.8268,0.0014,0.33
12.760425,0.031,9.8248,-0.0008,0.33
12.776641,0.0354,9.8608,-0.0368,0.36
12.780886,0.0113,9.8508,-0.0083,0.35
12.793533,-0.0519,9.8299,0.0292,0.34
12.800929,-0.0488,9.8081,0.0405,0.31
12.810783,-0.0206,9.8101,0.0348,0.31
12.826131,0.0201,9.806,0.0276,0.31
12.830771,0.0827,9.8181,0.0696,0.34
12.843095,0.0897,9.8272,0.069,0.35
12.850416,0.0147,9.7964,0.0703,0.3
12.861236,-0.0157,9.7743,0.0541,0.28
12.877607,-0.0517,9.7793,0.0779,0.29
12.879954,-0.0645,9.8183,0.0748,0.33
12.89627,-0.0359,9.8273,0.0394,0.33
12.901357,-0.0336,9.8102,0.0122,0.31
12.913606,-0.0472,9.8251,-0.0276,0.33
12.927517,-0.0174,9.806,-0.0218,0.31
12.930729,0.0156,9.8149,-0.0332,0.32
12.946587,0.0218,9.801,-0.0191,0.3
12.950225,0.04,9.786,-0.0003,0.29
12.96315,0.0375,9.801,0.0284,0.3
12.979036,-0.0051,9.8081,0.0707,0.32
12.979916,-0.0391,9.8221,0.0995,0.34
12.995601,-0.0571,9.803,0.1048,0.33
13.000066,-0.0427,9.8029,0.0598,0.31
13.011924,-0.0376,9.8178,0.0283,0.32
13.030162,-0.0201,9.8536,0.0149,0.35
13.030794,0.0127,9.8414,-0.0262,0.34
13.045527,0.0324,9.8724,-0.078,0.38
13.050115,0.0345,9.8674,-0.0486,0.37
13.062258,0.0308,9.8383,-0.0441,0.34
13.079073,-0.0142,9.8196,0.0075,0.32
13.080022,-0.0169,9.7837,0.0731,0.29
13.096649,-0.0353,9.7788,0.1287,0.31
13.100073,-0.0506,9.8008,0.1114,0.32
13.111442,-0.0422,9.7937,0.0808,0.31
13.119916,-0.0154,9.7787,0.0384,0.28
13.12992,-0.0088,9.7957,0.0105,0.3
13.145494,0.026,9.8196,-0.0046,0.32
13.149989,0.0229,9.8196,0.0219,0.32
13.162655,0.0223,9.7854,0.0006,0.29
13.169782,0.012,9.8124,0.016,0.31
13.179746,-0.0122,9.8213,0.0095,0.32
13.195525,-0.0192,9.8263,0.0098,0.33
13.203776,-0.0329,9.8333,0.0121,0.34
13.212098,-0.0237,9.8333,0.0221,0.33
13.22048,-0.0237,9.8122,0.0007,0.31
13.229664,0.0096,9.8242,-0.001,0.32
13.245601,0.0142,9.8332,-0.0125,0.33
13.249699,0.0066,9.8291,0.0136,0.33
13.262224,0.0032,9.8122,-0.0005,0.31
13.270524,-0.0227,9.8021,0.0205,0.3
13.280487,-0.0255,9.8002,0.0422,0.3
13.30064,-0.0254,9.8122,0.0657,0.32
13.301306,0.015,9.8243,0.0723,0.33
13.317027,0.0143,9.8142,0.0602,0.32
13.320377,0.0405,9.8482,0.0318,0.35
13.336333,0.0418,9.8452,0.0356,0.35
13.36842,0.0199,9.8331,0.0519,0.34
13.385806,-0.061,9.7952,0.0719,0.31
13.387098,-0.0805,9.769,0.0574,0.29
13.4027,-0.0704,9.7779,0.0654,0.29
13.419221,-0.0421,9.7876,-0.0044,0.29
13.436347,-0.0283,9.8013,-0.0191,0.3
13.451863,0.0443,9.847,0.0733,0.36
13.466163,0.0295,9.844,0.0524,0.35
13.469385,0.0218,9.8038,0.0707,0.31
13.482111,0.0112,9.7717,0.0944,0.29
13.490557,-0.0032,9.7696,0.0931,0.29
13.50063,-0.0395,9.7813,0.0624,0.29
13.51625,-0.0399,9.8171,0.0295,0.32
13.519979,0.0042,9.8647,-0.029,0.37
13.531979,0.0231,9.8885,-0.0602,0.39
13.539287,0.0547,9.9453,-0.096,0.46
13.549766,0.0724,9.9262,-0.0624,0.44
13.568538,0.0439,9.8523,-0.005,0.36
13.569534,0.0101,9.7943,0.0461,0.3
13.583962,-0.0271,9.7273,0.0625,0.24
13.589299,-0.0434,9.7183,0.0674,0.23
13.599477,-0.0175,9.7393,0.0202,0.24
13.615808,0.009,9.7752,0.0117,0.28
13.619807,0.0153,9.8262,0.028,0.33
13.635085,0.0027,9.8502,0.0352,0.35
13.651784,0.0232,9.8542,0.0237,0.36
13.65233,0.0138,9.8402,0.0531,0.34
13.668486,0.0107,9.8351,0.0326,0.34
13.669072,-0.015,9.787,0.0369,0.29
13.686051,-0.0048,9.7581,0.0517,0.26
13.689603,-0.0097,9.7731,0.0111,0.27
13.702492,0.0091,9.818,0.0353,0.32
13.721742,0.0019,9.8281,0.0237,0.33
13.722437,0.0086,9.8469,-0.0047,0.35
13.736475,0.0203,9.8708,0.011,0.37
13.739179,0.0063,9.8689,0.0391,0.37
13.752788,-0.032,9.844899999999999,0.0299,0.35
13.76857,-0.0698,9.8139,0.0505,0.33
13.769166,-0.0599,9.8089,0.0436,0.32
13.800745,-0.0178,9.8138,0.0607,0.32
13.832827,0.0337,9.8587,0.0359,0.36
13.855841,-0.0032,9.7848,0.0633,0.29
13.856962,-0.0313,9.7799,0.0779,0.29
13.875337,-0.0216,9.7898,0.0566,0.3
13.891451,-0.0188,9.8297,0.0436,0.33
13.892536,-0.0076,9.8536,0.0258,0.35
13.908338,-0.0182,9.8655,0.0048,0.37
13.909403,-0.0203,9.8635,0.0103,0.36
13.922548,-0.0203,9.8275,-0.0134,0.33
13.936223,-0.0014,9.7934,-0.0063,0.29
13.938868,-0.0111,9.7815,0.0341,0.28
13.951396,-0.006,9.7505,0.0626,0.26
13.958706,0.0011,9.7725,0.0819,0.28
13.968773,0.0088,9.8155,0.0945,0.33
13.984847,0.0006,9.8373,0.0739,0.35
13.988609,-0.0235,9.8652,0.0736,0.37
14.001594,-0.0206,9.8939,0.0418,0.4
14.008563,0.0098,9.8887,-0.0346,0.39
14.01988,0.031,9.9036,-0.0618,0.41
14.036026,0.0515,9.8765,-0.0935,0.39
14.038615,0.0491,9.8334,-0.0336,0.34
14.05529,0.0203,9.8026,0.0415,0.31
14.05995,-0.0169,9.8077,0.0883,0.32
14.069821,-0.0282,9.7957,0.0876,0.31
14.084473,-0.0552,9.7837,0.0715,0.3
14.088423,-0.0503,9.7837,0.0616,0.29
14.10191,-0.0361,9.7856,0.029,0.29
14.108327,-0.034,9.7886,0.0315,0.29
14.118764,-0.0074,9.7976,0.0365,0.3
14.135542,0.0061,9.8267,0.0524,0.33
14.138466,0.0293,9.8267,0.0839,0.34
14.152648,0.008,9.8268,0.0498,0.33
14.15835,-0.0208,9.8407,0.0327,0.34
14.168719,-0.0497,9.8486,0.0022,0.35
14.185249,-0.0443,9.8387,-0.0099,0.34
14.188283,-0.0117,9.8557,-0.0037,0.36
14.202068,0.0,9.8698,-0.0203,0.37
14.209158,-0.009,9.8799,-0.0077,0.38
14.218981,0.0096,9.8801,0.0141,0.38
14.228361,-0.0026,9.8274,0.0614,0.33
14.238505,-0.0043,9.7866,0.0708,0.3
14.2546,0.0077,9.7698,0.0737,0.28
14.258975,0.0095,9.77,0.0721,0.28
14.269958,0.0043,9.775,0.0711,0.28
14.278328,0.0444,9.8042,0.0347,0.31
14.288148,0.0415,9.8421,0.0395,0.35
14.302992,0.0427,9.8501,0.0363,0.35
14.308086,0.0374,9.8572,0.0387,0.36
14.319319,0.0254,9.8572,0.0213,0.36
14.328902,-0.0055,9.8183,0.0445,0.32
14.339439,-0.0528,9.8113,0.0656,0.32
14.355538,-0.0796,9.7805,0.0837,0.3
14.358253,-0.062,9.7784,0.0544,0.29
14.373092,-0.0508,9.7874,0.0443,0.3
14.378198,-0.0369,9.7805,0.0048,0.28
14.389189,-0.0155,9.8024,0.0119,0.3
14.404666,-0.0041,9.7945,-0.0193,0.3
14.408006,0.0243,9.8335,-0.0027,0.33
14.420303,0.0407,9.8506,0.0482,0.36
14.428023,0.0403,9.8507,0.0901,0.36
14.438001,0.0279,9.8147,0.0853,0.33
14.454574,0.0276,9.7758,0.0918,0.29
14.458049,0.0243,9.7908,0.1109,0.31
14.471499,0.0309,9.7978,0.1114,0.32
14.477946,-0.0023,9.8167,0.0527,0.32
14.488181,-0.0143,9.8475,0.0044,0.35
14.504821,0.0141,9.8904,-0.0369,0.39
14.508607,0.0135,9.9023,-0.0529,0.41
14.521659,0.025,9.9022,-0.0407,0.41
14.527817,0.013,9.8833,0.0223,0.38
14.538282,-0.0302,9.8264,0.0788,0.34
14.554879,-0.0296,9.7856,0.1224,0.31
14.557963,-0.0262,9.7876,0.072,0.3
14.572076,-0.0211,9.8026,0.0747,0.31
14.577722,-0.0311,9.8267,0.0574,0.33
14.588345,-0.0054,9.8457,0.0452,0.35
14.597828,0.002,9.8288,0.0468,0.33
14.607741,-0.0103,9.8168,0.0534,0.32
14.623662,-0.0064,9.8169,0.0461,0.32
14.627743,0.0083,9.7858,0.0342,0.29
14.650274,0.0169,9.7858,0.0225,0.29
14.650858,0.0147,9.7948,0.0018,0.3
14.658766,0.0025,9.8146,0.0096,0.31
14.672508,-0.0024,9.8287,0.0267,0.33
14.677625,-0.0114,9.8407,0.0218,0.34
14.689206,0.0006,9.8476,0.0308,0.35
14.697607,0.0026,9.8596,0.0077,0.36
14.707607,-0.0093,9.8168,0.0021,0.32
14.723983,-0.0091,9.8169,0.0251,0.32
14.72779,-0.0257,9.8268,0.0195,0.33
14.740109,-0.0206,9.817,0.0565,0.32
14.747681,0.022,9.815,0.0609,0.32
14.757733,0.0196,9.850999999999999,0.0317,0.35
14.780407,0.0259,9.824,0.0533,0.33
14.781091,0.0156,9.8271,0.0481,0.33
14.795311,-0.0122,9.8481,0.0457,0.35
14.798498,-0.0049,9.8271,0.0614,0.33
14.810365,-0.0335,9.8482,0.054,0.35
14.828213,-0.0261,9.8173,0.0586,0.32
14.828757,-0.0465,9.8363,0.0649,0.35
14.844143,-0.049,9.8193,0.0745,0.33
14.847419,-0.0367,9.7983,0.0286,0.3
14.858706,-0.0197,9.7983,0.0048,0.3
14.873026,-0.0009,9.7793,-0.0074,0.28
14.877378,0.0324,9.8054,-0.0166,0.31
14.890654,0.0435,9.8004,0.0088,0.3
14.897417,0.0517,9.8345,0.0459,0.34
14.907416,0.049,9.8556,0.0811,0.37
14.925434,0.001,9.8417,0.0907,0.35
14.927662,-0.0008,9.8246,0.1165,0.34
14.941522,-0.0156,9.8035,0.0861,0.32
14.947425,-0.0459,9.8315,0.0615,0.34
14.957498,-0.0542,9.8363,0.0578,0.35
14.96745,-0.0466,9.8653,-0.0008,0.37
14.977356,-0.0109,9.858,-0.0592,0.36
14.991471,0.0046,9.862,-0.096,0.37
14.997357,0.0043,9.858,-0.0531,0.36
15.007976,0.012,9.8461,0.0077,0.35
15.017412,-0.0028,9.8432,0.0732,0.35
15.027311,-0.023,9.8054,0.1008,0.32
15.041694,-0.0302,9.8003,0.1223,0.33
15.047285,-0.0297,9.7624,0.1121,0.29
15.05855,-0.0366,9.7863,0.0648,0.3
15.067258,-0.0127,9.8152,0.0365,0.32
15.07737,-0.0082,9.8222,-0.0055,0.32
15.091806,0.013,9.8341,-0.0017,0.33
15.097214,0.0311,9.86,0.0042,0.36
15.11029,0.0306,9.858,0.0156,0.36
15.11714,0.0182,9.8359,0.0049,0.34
15.127251,0.0013,9.81,0.0259,0.31
15.14424,0.0083,9.7999,0.0276,0.3
15.147674,-0.0245,9.8149,0.0275,0.32
15.162037,0.0034,9.8149,0.0278,0.32
15.167186,0.0317,9.8189,0.0024,0.32
15.178179,0.036,9.8409,-0.009,0.34
15.194015,0.0376,9.8619,-0.0137,0.36
15.197523,0.0112,9.8578,-0.0392,0.36
15.211632,0.013,9.8458,0.0222,0.35
15.218138,-0.0228,9.8189,0.0316,0.32
15.227118,-0.0128,9.8479,0.0239,0.35
15.244828,0.0042,9.848,0.0391,0.35
15.24705,0.0013,9.8221,0.0463,0.33
15.263298,0.0301,9.8241,0.0428,0.33
15.267033,0.0372,9.8361,0.0374,0.34
15.279928,0.0018,9.8312,0.0448,0.33
15.296324,-0.0138,9.8243,0.082,0.33
15.296912,-0.0373,9.8344,0.0913,0.35
15.310717,-0.028,9.8484,0.1042,0.36
15.316823,-0.037,9.8395,0.0937,0.35
15.326842,-0.0184,9.7914,0.0153,0.29
15.338248,-0.0021,9.8154,-0.0289,0.32
15.349669,-0.0178,9.7744,-0.0452,0.28
15.364049,-0.0088,9.7594,-0.0452,0.26
15.381966,0.0136,9.7864,-0.01,0.29
15.38266,0.0423,9.8005,0.03,0.3
15.386935,0.0166,9.8436,0.0604,0.35
15.402471,0.0014,9.8606,0.1031,0.38
15.416086,-0.0074,9.8347,0.1291,0.36
15.416591,-0.012,9.8297,0.1107,0.35
15.431055,-0.0104,9.8245,0.0878,0.34
15.437637,0.0061,9.8294,0.0517,0.33
15.448983,0.0056,9.8481,-0.0129,0.35
15.464987,0.0069,9.8619,-0.0564,0.37
15.467283,0.0372,9.8938,-0.081,0.4
15.480305,0.0702,9.8836,-0.1062,0.4
15.486855,0.0459,9.8618,-0.0331,0.37
15.498537,0.0272,9.865,0.0443,0.37
15.516452,-0.0082,9.8052,0.0804,0.32
15.517635,-0.0263,9.7592,0.1149,0.28
15.535279,-0.0306,9.7593,0.1044,0.28
15.537579,-0.0137,9.7713,0.0716,0.28
15.553211,-0.0305,9.7832,0.0314,0.29
15.567966,-0.0136,9.8311,0.0233,0.33
15.568535,-0.0099,9.872,0.0379,0.37
15.587027,-0.0307,9.8509,0.0147,0.35
15.588239,-0.0138,9.8478,-0.0035,0.35
15.602278,0.0237,9.8338,-0.0336,0.34
15.617628,0.0284,9.8147,-0.0239,0.32
15.618281,0.0132,9.8307,-0.0323,0.33
15.632216,0.0298,9.8357,-0.0014,0.34
15.636451,0.0584,9.8357,0.0222,0.34
15.660392,0.0414,9.8289,0.0096,0.33
15.66191,0.0395,9.8338,0.0216,0.34
15.666954,0.0089,9.8268,0.0143,0.33
15.684015,-0.0105,9.8268,0.0041,0.33
15.68674,0.0067,9.8459,0.0227,0.35
15.703927,-0.0017,9.8219,0.0296,0.32
15.707958,-0.0327,9.793,0.0291,0.3
15.719377,-0.0081,9.8119,0.0335,0.31
15.734527,0.0003,9.848,0.0501,0.35
15.736684,0.0435,9.827,0.0712,0.34
15.750072,0.0554,9.8121,0.0368,0.32
15.756962,0.0406,9.8072,0.0104,0.31
15.768641,0.0131,9.8031,0.0143,0.3
15.790464,-0.008,9.8173,0.0497,0.32
15.79119,-0.0379,9.8392,0.069,0.35
15.809038,-0.049,9.8313,0.045,0.34
15.809775,-0.0673,9.8222,0.0136,0.33
15.826322,-0.039,9.8312,-0.0067,0.33
15.829055,-0.041,9.8191,-0.035,0.32
15.847015,-0.022,9.803,-0.0296,0.31
15.847753,0.0205,9.815,-0.0177,0.32
15.868967,0.0062,9.8291,-0.0081,0.33
15.869495,0.0232,9.8312,0.0242,0.33
15.883511,0.0164,9.8413,0.0968,0.36
15.898543,-0.0004,9.8074,0.0941,0.32
15.899086,-0.0034,9.8294,0.0919,0.34
15.914387,0.0232,9.8414,0.0892,0.35
15.932467,-0.0039,9.8553,0.073,0.36
15.947774,0.0195,9.8791,-0.0277,0.38
15.963269,0.046,9.862,-0.0881,0.38
15.979596,0.0194,9.87,-0.046,0.37
15.980139,-0.0059,9.8361,0.0125,0.34
15.994046,-0.0309,9.7863,0.0894,0.3
16.009736,-0.0519,9.8075,0.1259,0.34
16.010391,-0.049,9.7955,0.1183,0.32
16.027248,-0.0035,9.7955,0.0856,0.31
16.027943,0.0081,9.8224,0.0266,0.32
16.043045,0.0177,9.8223,-0.0081,0.32
16.060308,0.0262,9.8312,-0.0171,0.33
16.060898,0.0188,9.8311,-0.0082,0.33
16.085573,0.0168,9.843,-0.0195,0.34
16.100886,0.0012,9.817,0.0279,0.32
16.116774,-0.0251,9.836,0.0563,0.34
16.118019,-0.0199,9.8311,0.042,0.33
16.130611,0.0039,9.831,0.0135,0.33
16.145387,0.0183,9.8509,-0.0099,0.35
16.146028,0.0218,9.862,-0.0165,0.36
16.160765,-0.0044,9.8479,0.0026,0.35
16.178015,-0.0418,9.841,0.0025,0.34
16.178633,-0.0321,9.8479,0.0052,0.35
16.194481,-0.0504,9.841,0.0049,0.34
16.214541,0.0118,9.8171,0.0232,0.32
16.21511,0.0387,9.8172,0.0414,0.32
16.215663,0.0387,9.8222,0.036,0.33
16.229015,0.0594,9.8343,0.0609,0.34
16.244862,0.0216,9.8464,0.0438,0.35
16.24556,0.0269,9.8415,0.067,0.35
16.2617,-0.0064,9.8435,0.0544,0.35
16.279843,-0.0147,9.8465,0.0578,0.35
16.280452,-0.0549,9.8275,0.0268,0.33
16.296302,-0.0545,9.7955,-0.0039,0.3
16.296897,-0.0455,9.7795,-0.0111,0.28
16.312982,-0.0221,9.7956,-0.0167,0.3
16.330258,0.004,9.7987,0.0041,0.3
16.330891,-0.0015,9.8059,0.0147,0.31
16.345321,0.0122,9.83,0.0275,0.33
16.345937,0.0269,9.852,0.0435,0.36
16.363247,0.0169,9.8592,0.1043,0.37
16.386889,0.01,9.8522,0.1107,0.37
16.3885,0.0002,9.8112,0.0849,0.32
16.390263,-0.0354,9.8062,0.0756,0.32
16.409725,-0.032,9.8301,0.0882,0.34
16.410518,-0.0438,9.842,0.0276,0.35
16.430467,-0.025,9.8538,-0.0239,0.36
16.431229,0.0203,9.8846,-0.0706,0.39
16.45547,0.0542,9.9107,-0.0703,0.42
16.456092,0.0466,9.8847,-0.0422,0.39
16.456633,0.0462,9.8559,0.0162,0.36
16.471195,0.0253,9.825,0.0952,0.34
16.485888,-0.0151,9.7652,0.1225,0.29
16.4865,-0.038,9.7603,0.1079,0.28
16.501062,-0.0472,9.7602,0.0387,0.27
16.516317,-0.0464,9.8011,0.0378,0.31
16.516876,-0.0548,9.842,0.0199,0.35
16.533085,-0.0098,9.8349,0.0017,0.34
16.548551,0.0047,9.8559,-0.0096,0.36
16.549127,0.0132,9.8708,0.005,0.37
16.57045,0.0297,9.8629,0.01,0.36
16.570999,0.0224,9.8318,0.0101,0.33
16.585522,0.0155,9.8247,0.0101,0.33
16.586148,-0.0034,9.8179,0.0268,0.32
16.600844,0.0055,9.8108,0.005,0.31
16.618019,0.0173,9.8318,-0.0037,0.33
16.618605,0.0359,9.8557,-0.0233,0.36
16.636067,0.0166,9.8727,-0.0182,0.37
16.63681,0.0148,9.8707,-0.0151,0.37
16.659749,0.0154,9.8659,0.0069,0.37
16.660308,0.0034,9.8468,0.0239,0.35
16.671005,-0.0133,9.8158,0.0402,0.32
16.688927,0.0437,9.818,0.0392,0.32
16.695434,0.0672,9.837,0.0369,0.35
16.706209,0.0412,9.816,0.0605,0.32
16.722375,0.0084,9.8231,0.0693,0.33
16.724926,-0.003,9.84,0.0721,0.35
16.738931,-0.055,9.837,0.0505,0.35
16.745131,-0.0562,9.8631,0.0866,0.38
16.756681,-0.0814,9.8729,0.0698,0.39
16.772937,-0.0778,9.8349,0.0325,0.35
16.775665,-0.0458,9.8368,-0.0217,0.34
16.79147,-0.0318,9.8108,-0.0163,0.31
16.795702,-0.005,9.7868,-0.036,0.29
16.807912,0.0156,9.8058,-0.0477,0.31
16.824665,0.0422,9.8178,-0.0239,0.32
16.825286,0.0388,9.8278,0.062,0.34
16.845469,0.0244,9.8489,0.0941,0.36
16.846362,0.0292,9.844,0.1058,0.36
16.864136,0.0308,9.816,0.1467,0.35
16.865562,0.0064,9.842,0.1084,0.36
16.891236,-0.0078,9.8469,0.0834,0.36
16.910251,-0.0063,9.8965,0.0007,0.4
16.926341,0.0391,9.9063,-0.1048,0.42
16.927587,-0.0018,9.8914,-0.0338,0.39
16.941669,-0.0183,9.8536,0.0315,0.36
16.956559,-0.0148,9.8197,0.0946,0.33
16.957131,-0.0171,9.7699,0.1313,0.3
16.97203,0.005,9.7629,0.1288,0.29
16.987703,0.01,9.7959,0.0881,0.31
16.988289,0.0189,9.8078,0.0408,0.31
17.004538,0.0017,9.8197,0.0177,0.32
17.005098,0.0183,9.8587,0.0251,0.36
17.020532,0.006,9.8726,-0.0071,0.37
17.044617,0.0059,9.8395,-0.0279,0.34
17.059896,0.009,9.8154,0.0161,0.32
17.075489,-0.0076,9.8124,0.0213,0.31
17.076082,-0.0074,9.8194,0.0232,0.32
17.091162,0.0018,9.8434,0.016,0.34
17.109549,0.0286,9.8744,-0.0027,0.38
17.110224,0.0352,9.9084,0.0159,0.41
17.126614,-0.0026,9.8655,0.0106,0.37
17.127199,0.0215,9.8295,0.0153,0.33
17.142881,0.0018,9.836500000000001,0.0626,0.34
17.158998,0.0355,9.8245,0.0572,0.33
17.159596,0.0186,9.8316,0.0599,0.34
17.174956,0.0098,9.8707,0.0684,0.38
17.1756,0.0021,9.8777,0.0283,0.38
17.192412,-0.0014,9.8677,0.0402,0.37
17.208112,0.0032,9.8557,0.056,0.36
17.208703,-0.0153,9.8397,0.0792,0.35
17.229637,-0.0505,9.8348,0.0767,0.35
17.230296,-0.0537,9.8248,0.0543,0.33
17.246397,-0.046,9.7939,0.0503,0.3
17.24704,-0.0485,9.7798,0.0404,0.29
17.262571,-0.0709,9.7957,-0.0138,0.3
17.268778,-0.0173,9.8177,-0.0418,0.32
17.281197,0.0089,9.8586,-0.0503,0.36
17.28491,0.0222,9.8796,-0.0126,0.38
17.298637,0.0435,9.8658,0.0127,0.37
17.315734,0.0448,9.8588,0.053,0.37
17.316364,0.0442,9.8278,0.0763,0.34
17.331567,0.0248,9.7889,0.0927,0.3
17.334652,0.0107,9.7629,0.078,0.27
17.349021,0.0223,9.8299,0.0817,0.34
17.367707,0.0117,9.8967,0.0488,0.4
17.368548,0.0162,9.9106,0.0004,0.41
17.386157,0.0058,9.9255,-0.0648,0.43
17.387796,0.0203,9.9273,-0.0808,0.44
17.414671,0.0271,9.9203,-0.0827,0.43
17.436814,-0.0333,9.7698,0.1202,0.3
17.43761,-0.0206,9.7798,0.119,0.3
17.451023,-0.0175,9.7719,0.1067,0.29
17.467206,-0.0177,9.8108,0.0454,0.31
17.467784,0.0008,9.8228,0.0314,0.32
17.483341,0.0544,9.8297,0.0046,0.33
17.498961,0.0638,9.9106,-0.0089,0.42
17.515075,-0.0026,9.8626,0.0272,0.36
17.531827,-0.0986,9.7834,0.0137,0.3
17.547721,-0.0582,9.8314,0.0205,0.34
17.563071,0.0155,9.8314,0.0015,0.33
17.564095,0.0597,9.8434,-0.0172,0.35
17.582449,0.0975,9.8775,-0.0172,0.39
17.583869,0.0698,9.8795,-0.0087,0.39
17.599022,0.0269,9.8746,-0.0063,0.38
17.615076,-0.0037,9.8516,0.024,0.35
17.615664,-0.0437,9.8396,0.056,0.35
17.631371,-0.0497,9.8348,0.0511,0.34
17.633702,-0.0339,9.8278,0.0424,0.33
17.656252,-0.0196,9.8608,0.045,0.36
17.678445,0.0211,9.852,0.0504,0.36
17.684409,0.0157,9.8421,0.0639,0.35
17.695364,0.0107,9.8281,0.0781,0.34
17.703694,-0.0101,9.8422,0.0676,0.35
17.713938,-0.0295,9.8183,0.0583,0.32
17.729206,-0.048,9.8162,0.0263,0.32
17.733984,-0.0257,9.8442,0.0003,0.35
17.746382,0.0191,9.8492,-0.0017,0.35
17.7539,0.0311,9.8422,-0.0114,0.34
17.763681,0.0498,9.8251,-0.0234,0.33
17.779621,0.0592,9.8371,0.0129,0.34
17.783819,0.0532,9.7922,0.0454,0.3
17.796306,0.0013,9.782399999999999,0.0808,0.29
17.80425,-0.0216,9.7993,0.092,0.31
17.814622,-0.011,9.8543,0.1126,0.37
17.83071,-0.0089,9.8801,0.0592,0.38
17.833637,0.0008,9.899000000000001,0.0291,0.4
17.851482,0.0023,9.8967,0.007,0.4
17.854282,0.0564,9.8867,-0.0365,0.39
17.867414,0.0418,9.8795,-0.1094,0.4
17.884284,0.0368,9.8656,-0.1026,0.38
17.885223,0.0471,9.8276,-0.0128,0.33
17.909103,0.0237,9.8127,0.0528,0.32
17.921082,-0.009,9.835,0.1298,0.36
17.937085,-0.0414,9.8439,0.111,0.36
17.953426,-0.0248,9.8368,0.0541,0.34
17.954053,-0.0454,9.8178,0.0356,0.32
17.969495,-0.0331,9.8367,0.0053,0.34
17.986156,-0.0279,9.8297,-0.013,0.33
17.98677,-0.0257,9.8586,-0.0222,0.36
18.002576,-0.0136,9.8465,-0.0237,0.35
18.003603,-0.0184,9.8176,-0.0167,0.32
18.019145,-0.0014,9.8245,0.0048,0.32
18.034897,0.0294,9.8226,0.0064,0.32
18.035696,0.0479,9.8156,0.011,0.32
18.052677,0.0407,9.8627,0.0109,0.37
18.053283,0.0289,9.8917,0.0076,0.39
18.068652,0.0105,9.8988,0.0151,0.4
18.074072,-0.0345,9.8898,0.0027,0.39
18.085782,-0.0584,9.8588,-0.0006,0.36
18.102381,-0.0229,9.8539,0.0041,0.35
18.103417,0.0112,9.818,0.032,0.32
18.118052,0.0349,9.811,0.038,0.32
18.123985,0.0722,9.8061,0.0373,0.32
18.137267,0.0668,9.8281,0.0438,0.34
18.153728,0.038,9.8802,0.0773,0.39
18.154482,-0.025,9.895199999999999,0.0788,0.4
18.170338,-0.0657,9.8972,0.1142,0.42
18.173897,-0.0844,9.8683,0.078,0.39
18.187735,-0.0834,9.8202,0.0283,0.33
18.204042,-0.0798,9.8011,0.0018,0.31
18.204695,-0.036,9.7921,-0.0189,0.29
18.221449,-0.0055,9.7842,-0.0237,0.29
18.223061,0.0139,9.8182,-0.0329,0.32
18.238218,0.0255,9.8492,-0.0005,0.35
18.256432,0.0202,9.8803,0.0347,0.38
18.257098,0.0268,9.8613,0.0819,0.37
18.273772,0.0166,9.8284,0.1141,0.35
18.27458,0.0023,9.8085,0.0999,0.32
18.298281,0.0042,9.7944,0.0529,0.3
18.298943,0.0136,9.8323,0.0472,0.34
18.314288,-0.0206,9.8851,0.0249,0.39
18.314989,-0.0112,9.911,-0.0353,0.41
18.331701,0.0221,9.9327,-0.0728,0.44
18.334047,0.0253,9.9498,-0.1028,0.46
18.349994,0.0583,9.9187,-0.1071,0.44
18.356533,0.0411,9.8539,-0.0516,0.36
18.380412,0.0122,9.8201,0.0608,0.33
18.397412,-0.0227,9.7725,0.1527,0.31
18.415141,-0.0347,9.794599999999999,0.0498,0.3
18.415952,-0.0083,9.8354,0.0218,0.34
18.434321,0.0435,9.8563,-0.0102,0.36
18.435746,0.0612,9.8873,-0.0125,0.39
18.452223,0.0669,9.8562,-0.0211,0.36
18.452843,0.0372,9.8473,-0.0093,0.35
18.470146,-0.0077,9.8613,0.0209,0.36
18.491901,0.0133,9.8254,0.0458,0.33
18.507292,0.0049,9.7996,0.0386,0.3
18.523782,0.0167,9.8476,0.0056,0.35
18.524425,0.0135,9.8926,-0.0182,0.39
18.539365,0.0203,9.8716,0.0025,0.37
18.5427,0.0319,9.8837,0.0261,0.39
18.554851,0.0179,9.8788,0.0137,0.38
18.571084,0.0042,9.8527,0.0016,0.35
18.572689,0.0063,9.8188,0.0183,0.32
18.587213,0.0183,9.8408,0.0197,0.34
18.592566,0.0402,9.8789,0.0295,0.38
18.606514,0.0324,9.8549,0.0392,0.36
18.622622,0.0091,9.8619,0.0715,0.37
18.623261,-0.0141,9.867,0.0929,0.38
18.638847,-0.0511,9.872,0.0735,0.38
18.654796,-0.08,9.85,0.0654,0.36
18.655412,-0.0653,9.869,0.0324,0.38
18.671153,-0.0602,9.848,-0.0082,0.35
18.672468,-0.0374,9.812,-0.0221,0.31
18.687436,-0.0207,9.831,-0.0172,0.33
18.69351,0.0168,9.853,-0.0296,0.35
18.709034,0.0146,9.8072,0.0091,0.31
18.729321,0.0335,9.8193,0.039,0.32
18.730202,0.0285,9.8314,0.086,0.34
18.74501,0.0164,9.8053,0.0668,0.31
18.745943,0.0193,9.8213,0.0624,0.33
18.764057,0.0189,9.8603,0.092,0.37
18.764851,-0.0083,9.9002,0.083,0.41
18.783109,0.0062,9.9271,0.0276,0.43
18.783751,0.0011,9.9548,-0.0563,0.46
18.799604,0.0079,9.9336,-0.0768,0.44
18.816106,0.0198,9.8956,-0.1239,0.42
18.816727,0.0437,9.8667,-0.0697,0.38
18.83257,0.0012,9.8309,0.0123,0.33
18.833143,-0.0203,9.805,0.0938,0.32
18.848525,-0.0366,9.8003,0.1299,0.33
18.866157,-0.0242,9.8004,0.1507,0.34
18.866805,0.0044,9.8454,0.129,0.37
18.882744,0.0021,9.8453,0.061,0.35
18.883374,0.0187,9.8722,0.0262,0.37
18.899094,-0.0014,9.8671,-0.0018,0.37
18.918761,0.0032,9.876,-0.0008,0.38
18.919402,-0.0156,9.8719,-0.0259,0.37
18.935749,-0.0173,9.8688,-0.0202,0.37
18.936406,-0.0171,9.8257,-0.006,0.33
18.952814,-0.0013,9.8138,0.0037,0.31
18.953432,0.0082,9.8069,0.0429,0.31
18.969973,-0.006,9.819,0.0354,0.32
18.986625,0.0127,9.8379,-0.0096,0.34
18.987265,0.0294,9.8689,-0.0074,0.37
19.003692,0.0361,9.896,0.0283,0.4
19.004334,0.0022,9.893,0.0042,0.39
19.020685,0.0074,9.8859,0.0042,0.39
19.03808,-0.0093,9.8739,-0.0096,0.37
19.038738,-0.0043,9.8499,-0.0055,0.35
19.055741,0.0266,9.8289,-0.0074,0.33
19.056394,0.0385,9.8089,-0.0074,0.31
19.073483,0.0267,9.836,0.0262,0.34
19.074145,0.0031,9.853,0.0376,0.35
19.090988,-0.0104,9.886,0.0411,0.39
19.108387,0.0019,9.8811,0.0743,0.39
19.109054,-0.0198,9.8553,0.0943,0.37
19.126005,-0.0434,9.8603,0.0746,0.37
19.126909,-0.0559,9.8314,0.0535,0.34
19.144564,-0.0394,9.8172,-0.0042,0.32
19.145167,-0.0154,9.7882,-0.0176,0.29
19.161699,0.0053,9.7952,-0.0478,0.3
19.162486,0.0169,9.8601,-0.0285,0.36
19.178432,0.0544,9.9002,0.026,0.4
19.18216,0.0402,9.8932,0.0307,0.4
19.194465,0.0145,9.8573,0.102,0.37
19.210613,0.0079,9.8382,0.0969,0.35
19.211986,0.0003,9.8022,0.0711,0.31
19.228476,-0.0084,9.8452,0.0788,0.35
19.233417,-0.0113,9.8481,0.0528,0.35
19.246974,0.0152,9.8689,0.0023,0.37
19.26489,0.0167,9.9028,-0.039,0.41
19.265553,0.0471,9.9167,-0.079,0.43
19.282665,0.0535,9.9197,-0.0906,0.43
19.283314,0.0158,9.8857,-0.0345,0.39
19.299651,-0.0243,9.864,0.0746,0.37
19.315983,-0.053,9.8211,0.0991,0.34
19.316627,-0.05,9.7731,0.1102,0.3
19.332834,-0.0582,9.7832,0.0953,0.3
19.333446,-0.0328,9.7951,0.046,0.3
19.350916,-0.0161,9.8049,-0.0026,0.31
19.351997,-0.0093,9.8669,-0.0154,0.37
19.372012,0.0102,9.8998,-0.0126,0.4
19.37284,0.0169,9.9027,-0.003,0.4
19.387997,0.0118,9.8787,0.0022,0.38
19.404955,-0.0049,9.8427,0.0052,0.34
19.405578,-0.0185,9.8136,-0.0235,0.31
19.421594,-0.0352,9.8286,-0.0215,0.33
19.422258,-0.018,9.8526,-0.0217,0.35
19.438138,0.0075,9.8526,-0.0031,0.35
19.456229,0.0338,9.8758,-0.0106,0.38
19.457462,0.0493,9.8908,-0.0319,0.4
19.471938,0.0181,9.9239,-0.0089,0.42
19.473006,0.0181,9.908,-0.0169,0.41
19.494367,0.033,9.8721,0.0007,0.37
19.495663,-0.0005,9.8532,0.0421,0.36
19.509953,-0.002,9.8293,0.0427,0.33
19.526585,0.0291,9.7955,0.0587,0.3
19.52725,0.0429,9.8335,0.024,0.34
19.547263,0.0262,9.8456,0.0336,0.35
19.547926,0.0174,9.8557,0.0547,0.36
19.567012,-0.0089,9.8847,0.0607,0.39
19.568084,-0.0322,9.8679,0.0735,0.38
19.587698,-0.0564,9.8389,0.0439,0.35
19.589425,-0.0863,9.808,0.0229,0.32
19.603258,-0.0715,9.7939,0.0279,0.3
19.604081,-0.0542,9.8009,0.0082,0.31
19.62619,-0.0056,9.8148,-0.0153,0.32
19.626816,0.0088,9.8649,0.0087,0.37
19.643106,0.0411,9.8728,0.0256,0.38
19.661401,0.0437,9.8919,0.0257,0.4
19.679387,0.0168,9.8247,0.0204,0.33
19.696887,-0.0021,9.8096,0.0351,0.31
19.697508,-0.0071,9.8245,0.0437,0.33
19.714224,0.0194,9.8504,0.0009,0.35
19.715109,0.021,9.8813,-0.0306,0.38
19.732818,0.0188,9.9221,-0.0672,0.43
19.733408,0.0424,9.9512,-0.0695,0.46
19.74965,0.0086,9.9321,-0.0457,0.43
19.767396,-0.0279,9.8434,0.0887,0.36
19.785228,-0.062,9.8075,0.1015,0.33
19.802437,-0.0485,9.7614,0.0255,0.27
19.821563,-0.0115,9.8362,0.0036,0.34
19.822749,0.0287,9.8691,-0.0072,0.37
19.839202,0.0519,9.891,-0.0031,0.39
19.857748,0.0582,9.892900000000001,-0.016,0.4
19.876655,-0.0016,9.854800000000001,-0.0041,0.35
19.894481,-0.0314,9.8287,-0.0145,0.33
19.895168,-0.0003,9.8237,-0.0004,0.32
19.912413,0.0096,9.8286,-0.0172,0.33
19.913126,0.0231,9.8446,-0.0667,0.35
19.930077,0.0228,9.8716,-0.0356,0.37
19.931189,0.0209,9.8907,-0.0001,0.39
19.947399,0.0109,9.9117,0.0115,0.41
19.964843,-0.0007,9.8927,0.0232,0.39
19.965575,0.0047,9.8808,0.0436,0.38
19.982601,0.0548,9.8879,0.0363,0.39
19.983256,0.0359,9.8598,0.0174,0.36
20.000481,0.0361,9.8309,0.0222,0.33
20.001191,0.0125,9.8208,0.034,0.32
20.017777,-0.0077,9.8329,0.0288,0.33
20.034934,-0.029,9.8639,0.0543,0.37
20.035566,-0.0404,9.8759,0.0334,0.38
20.052197,-0.0642,9.8618,0.0117,0.37
20.052932,-0.0663,9.8378,0.029,0.35
20.069532,-0.04,9.8358,0.0268,0.34
20.071138,-0.0416,9.8328,-0.016,0.34
20.085557,-0.0087,9.8069,-0.0119,0.31
20.102195,0.024,9.8308,-0.0067,0.33
20.103896,0.0357,9.8598,0.0153,0.36
20.118968,-0.0,9.8717,0.0128,0.37
20.12067,0.01,9.8758,0.0372,0.38
20.136959,-0.0274,9.8566,0.0379,0.36
20.15442,-0.0273,9.8855,0.0439,0.39
20.155219,-0.0133,9.8785,0.0399,0.38
20.174409,-0.0182,9.8733,0.041,0.38
20.175093,-0.0132,9.8872,-0.0433,0.39
20.190606,0.0105,9.883,-0.0947,0.39
20.191497,0.0323,9.887,-0.0723,0.4
20.208528,0.0155,9.9041,-0.052,0.41
20.226318,-0.0229,9.8922,0.0135,0.39
20.227151,-0.0174,9.8544,0.0633,0.36
20.24858,-0.0437,9.8253,0.0768,0.34
20.266342,-0.0231,9.7992,0.0401,0.3
20.283291,-0.0015,9.8181,0.0063,0.32
20.283954,0.0102,9.8589,-0.0066,0.36
20.300829,0.0001,9.8798,-0.0256,0.38
20.301513,0.0071,9.8628,-0.0247,0.36
20.318817,0.012,9.8846,-0.0041,0.38
20.320359,-0.0118,9.8627,-0.009,0.36
20.335845,0.0023,9.8486,0.0029,0.35
20.353337,0.0309,9.8246,0.0148,0.33
20.354107,-0.0052,9.8516,-0.021,0.35
20.371028,0.0213,9.8777,-0.0118,0.38
20.371666,0.0209,9.9107,0.007,0.41
20.388033,0.0107,9.8947,0.0146,0.4
20.390379,0.001,9.8967,0.0164,0.4
20.404344,-0.0295,9.8587,-0.0127,0.36
20.421026,-0.017,9.8397,0.0163,0.34
20.42169,0.0051,9.8397,0.0179,0.34
20.439824,0.01,9.8488,0.0105,0.35
20.4412,0.0576,9.8318,0.0155,0.34
20.455337,0.0543,9.8518,0.0134,0.36
20.473078,0.0137,9.8678,0.0342,0.37
20.474573,-0.0017,9.8919,0.0625,0.4
20.488416,-0.0179,9.842,0.043,0.35
20.490233,-0.0403,9.863,0.0281,0.37
20.504878,-0.0685,9.8469,0.0334,0.36
20.524176,-0.068,9.8398,0.0031,0.35
20.525057,-0.035,9.7958,-0.0271,0.3
20.540651,-0.0163,9.8317,-0.0455,0.34
20.54149,0.0237,9.8437,-0.0403,0.35
20.556986,0.0349,9.8437,-0.0144,0.35
20.57458,0.0245,9.8467,0.0162,0.35
20.575459,-0.0162,9.8517,0.0181,0.35
20.594462,0.0148,9.8607,0.0283,0.36
20.596611,0.031,9.8397,0.0385,0.34
20.609734,-0.0103,9.8587,0.0628,0.36
20.610424,0.0108,9.8626,0.0348,0.36
20.627122,-0.0204,9.8745,0.0171,0.38
20.643881,-0.0208,9.8913,-0.0341,0.39
20.661073,-0.0092,9.8982,-0.0757,0.41
20.678854,0.019,9.8863,0.0318,0.39
20.698475,-0.0194,9.8484,0.0969,0.36
20.699301,-0.0326,9.8275,0.1522,0.36
20.715702,-0.006,9.8297,0.132,0.36
20.732795,0.0364,9.8155,0.0709,0.33
20.750036,0.0542,9.8223,0.0004,0.33
20.767795,0.0542,9.8599,-0.0345,0.37
20.785722,0.025,9.8648,-0.0466,0.37
20.802991,-0.0216,9.8735,-0.0263,0.38
20.81997,-0.0105,9.8232,-0.0155,0.32
20.820598,0.0105,9.8162,-0.0503,0.32
20.837562,0.0204,9.854,-0.0443,0.36
20.855171,0.0222,9.881,-0.0127,0.38
20.856041,0.03,9.9,-0.0332,0.4
20.87404,0.0222,9.9049,-0.0141,0.41
20.874689,-0.0199,9.8829,-0.002,0.38
20.891941,-0.0189,9.8729,-0.0067,0.37
20.892612,-0.011,9.8419,-0.0085,0.34
20.909527,0.0067,9.8258,0.0124,0.33
20.910335,0.0173,9.844899999999999,0.0055,0.35
20.92727,0.0386,9.8809,0.0103,0.38
20.944159,0.0348,9.9019,0.0239,0.4
20.944838,-0.0103,9.876,0.0253,0.38
20.961282,-0.0263,9.869,0.0345,0.37
20.962396,-0.0408,9.8541,0.0266,0.36
20.978792,-0.0344,9.8332,0.0307,0.34
20.980424,-0.0295,9.8043,0.008,0.31
20.997258,-0.0363,9.8063,-0.0068,0.31
21.01418,-0.0223,9.8334,-0.0076,0.33
21.014843,-0.0061,9.8575,0.0177,0.36
21.035384,-0.0077,9.8785,0.0003,0.38
21.036198,-0.024,9.8616,0.0311,0.36
21.0522,-0.0534,9.8575,0.0668,0.37
21.052885,-0.0253,9.8505,0.0391,0.35
21.06945,-0.0255,9.8695,0.0634,0.38
21.070262,-0.0021,9.8665,0.0588,0.37
21.087972,0.0348,9.8694,0.0324,0.37
21.105607,0.0268,9.8783,-0.0187,0.38
21.106366,0.0328,9.8692,-0.0823,0.38
21.123636,0.0303,9.8781,-0.1244,0.4
21.124347,0.0231,9.8642,-0.0836,0.37
21.141474,0.0085,9.8453,-0.0162,0.35
21.142207,-0.0269,9.8504,0.0589,0.36
21.158556,-0.056,9.8356,0.1072,0.36
21.175903,-0.0744,9.8217,0.1134,0.35
21.194922,-0.016,9.8216,0.0233,0.32
21.212093,0.0179,9.8455,-0.0202,0.35
21.212816,0.024,9.8404,-0.038,0.34
21.230381,0.0423,9.8664,0.0051,0.37
21.231164,0.0448,9.8663,-0.0255,0.37
21.248619,0.0206,9.8503,-0.0424,0.35
21.265178,0.0246,9.8573,-0.0165,0.36
21.265984,0.0125,9.8113,-0.0285,0.31
21.283066,-0.0036,9.8143,-0.0239,0.32
21.283824,-0.0116,9.8384,-0.0125,0.34
21.300561,0.0082,9.8735,-0.0204,0.37
21.301906,0.012,9.8816,0.0024,0.38
21.319436,0.0098,9.8787,0.0223,0.38
21.320267,-0.021,9.8718,0.0479,0.38
21.338826,-0.0121,9.877,0.023,0.38
21.339679,-0.0243,9.8741,0.031,0.38
21.355304,-0.0047,9.8581,0.0371,0.36
21.361586,0.0207,9.8581,-0.0033,0.36
21.372906,0.0085,9.8361,-0.0105,0.34
21.388399,0.0106,9.8342,0.0099,0.33
21.389076,-0.003,9.8344,0.0495,0.34
21.406499,-0.0329,9.8075,0.072,0.32
21.422433,-0.0409,9.8036,0.0557,0.31
21.423119,-0.04,9.8347,0.0577,0.34
21.438659,-0.0286,9.8558,0.0449,0.36
21.43943,-0.0136,9.8418,0.0178,0.34
21.456032,0.0218,9.8367,-0.008,0.34
21.472115,0.0253,9.8397,-0.0153,0.34
21.472834,0.0583,9.8708,0.0082,0.38
21.490136,0.0458,9.8589,0.0433,0.36
21.490794,0.0384,9.8631,0.0616,0.37
21.50444,0.04,9.8421,0.0828,0.35
21.520663,0.0158,9.8201,0.0438,0.32
21.521352,0.0323,9.837,0.0036,0.34
21.538747,-0.0176,9.842,-0.0265,0.34
21.539485,-0.0293,9.8539,-0.0393,0.36
21.555612,-0.02,9.8797,-0.0644,0.39
21.57173,-0.0632,9.9017,-0.0997,0.42
21.572415,-0.0656,9.9108,-0.0624,0.42
21.587914,-0.0738,9.8899,-0.0111,0.4
21.589077,-0.0899,9.8591,0.0706,0.38
21.605106,-0.0842,9.8424,0.1509,0.38
21.622947,-0.065,9.8206,0.1876,0.38
21.623634,-0.0284,9.8187,0.1649,0.36
21.639999,-0.0142,9.8136,0.1578,0.35
21.65727,-0.0196,9.8045,0.1126,0.33
21.675934,-0.0398,9.8442,0.0613,0.35
21.693653,-0.0157,9.8677,0.0334,0.37
21.694546,-0.0119,9.8555,0.036,0.36
21.711092,0.0152,9.8482,0.0404,0.35
21.711771,0.0156,9.8531,0.0308,0.35
21.728638,0.0122,9.8578,0.0363,0.36
21.72931,0.0484,9.8886,-0.0184,0.39
21.745697,0.0558,9.8812,-0.0561,0.39
21.763519,0.0545,9.881,-0.0651,0.39
21.764167,0.0702,9.8587,-0.1261,0.39
21.780758,0.0432,9.8375,-0.0978,0.35
21.781404,0.0209,9.8514,-0.0838,0.36
21.798105,-0.0171,9.8131,-0.0603,0.32
21.798797,0.0186,9.81,-0.0379,0.31
21.815593,0.0441,9.8099,-0.0415,0.32
21.83276,0.0585,9.8217,-0.042,0.33
21.833422,0.0764,9.8407,-0.0216,0.35
21.850348,0.0636,9.8556,-0.0411,0.36
21.851052,0.0291,9.8935,0.0022,0.39
21.869487,-0.0021,9.8885,0.0162,0.39
21.870265,-0.0142,9.8796,0.0069,0.38
21.888213,-0.0231,9.8526,0.0013,0.35
21.889091,-0.0498,9.8006,0.0122,0.3
21.905614,-0.0467,9.8248,0.0228,0.33
21.922546,-0.021,9.8489,0.0451,0.35
21.92351,0.0025,9.8461,0.069,0.35
21.940902,-0.0234,9.8724,0.0978,0.39
21.941691,-0.0382,9.8876,0.1559,0.42
21.957809,-0.0163,9.8706,0.15,0.4
21.96352,0.0122,9.8447,0.1139,0.36
21.973995,0.0038,9.8397,0.0982,0.35
21.99097,-0.0126,9.8535,0.0299,0.35
21.992194,0.0079,9.8514,0.0267,0.35
22.009113,-0.0116,9.8751,-0.0349,0.38
22.009814,-0.0069,9.9399,-0.0716,0.45
22.026746,0.0116,9.9157,-0.1129,0.43
22.04486,0.0489,9.9157,-0.1172,0.43
22.045508,0.0323,9.8648,-0.0511,0.37
22.063047,0.0123,9.8199,-0.0115,0.32
22.063869,0.0004,9.8081,0.0635,0.31
22.080733,-0.0508,9.7553,0.1148,0.28
22.081411,-0.0225,9.7742,0.1022,0.29
22.09788,-0.0128,9.786200000000001,0.0615,0.29
22.098535,0.0176,9.8131,0.0244,0.31
22.114559,0.0119,9.8392,0.041,0.34
22.132428,0.0192,9.868,-0.0097,0.37
22.133123,0.0206,9.887,0.0033,0.39
22.151692,0.0222,9.8938,-0.0059,0.39
22.152326,0.0316,9.8719,-0.0103,0.37
22.169654,0.0242,9.8599,-0.0004,0.36
22.170707,0.0302,9.8818,0.0164,0.38
22.18688,-0.0088,9.839,0.0296,0.34
22.204677,-0.0385,9.817,0.0308,0.32
22.20539,-0.0271,9.865,0.0303,0.37
22.22292,-0.0276,9.8491,0.0487,0.35
22.223857,-0.0345,9.8682,0.0342,0.37
22.240313,-0.0388,9.9202,0.0197,0.42
22.240959,-0.0794,9.9132,-0.0229,0.42
22.260114,-0.0691,9.882,-0.0512,0.39
22.260796,-0.0382,9.832,-0.0722,0.34
22.279048,-0.0019,9.815,-0.069,0.32
22.279758,0.0249,9.8009,-0.0623,0.31
22.298195,0.0668,9.774000000000001,-0.0391,0.28
22.299059,0.1062,9.7692,-0.0044,0.29
22.315434,0.1115,9.7573,0.0084,0.28
22.333432,0.11,9.7675,0.0356,0.29
22.334257,0.1019,9.7937,0.0648,0.32
22.350848,0.0571,9.8568,0.0732,0.37
22.351501,0.019,9.9019,0.0621,0.41
22.358608,0.0052,9.9241,0.0556,0.43
22.367819,0.0003,9.9172,0.0776,0.42
22.384652,0.0147,9.8765,0.0807,0.39
22.390872,0.0339,9.8835,0.0956,0.4
22.404211,0.0273,9.8237,0.1128,0.34
22.42245,0.0325,9.7758,0.1044,0.3
22.423274,0.0327,9.757,0.1077,0.28
22.439214,0.0092,9.781,0.065,0.29
22.439904,0.0047,9.838799999999999,0.045,0.34
22.455693,-0.0108,9.8956,0.0434,0.4
22.47175,-0.0251,9.9266,0.0258,0.43
22.472494,-0.0026,9.9433,-0.0274,0.44
22.489759,0.0353,9.9453,-0.0947,0.46
22.490685,0.0496,9.8812,-0.1178,0.4
22.504805,0.0382,9.8332,-0.0445,0.34
22.521806,0.0084,9.7904,0.0682,0.3
22.522674,-0.0348,9.7616,0.109,0.29
22.538414,-0.0744,9.7666,0.125,0.3
22.539165,-0.0824,9.8027,0.1196,0.34
22.556835,-0.0641,9.8506,0.1101,0.37
22.558074,-0.0569,9.8505,0.0917,0.37
22.575192,-0.0273,9.8474,0.0569,0.35
22.591993,0.0035,9.8544,0.0562,0.36
22.592886,0.0036,9.8502,0.0386,0.35
22.609174,0.0019,9.859,0.0329,0.36
22.610138,-0.0364,9.854,0.0191,0.36
22.626049,-0.0376,9.8539,0.0232,0.36
22.643583,-0.0162,9.9067,0.036,0.41
22.644246,-0.0181,9.8848,0.039,0.39
22.661532,0.0128,9.8416,0.0075,0.34
22.663067,0.0076,9.8294,-0.0128,0.33
22.677945,0.0055,9.8582,-0.0349,0.36
22.678612,0.0039,9.846,-0.0261,0.35
22.695418,-0.0056,9.8289,-0.0026,0.33
22.71219,-0.0217,9.8318,0.0109,0.33
22.712914,0.0147,9.8267,-0.0043,0.33
22.731016,0.0221,9.8315,0.0232,0.33
22.731698,0.0204,9.8433,0.0229,0.34
22.748575,0.0704,9.8451,0.0146,0.35
22.749286,0.0651,9.821,0.0192,0.33
22.765927,0.0301,9.8119,0.0704,0.32
22.782654,0.0372,9.8208,0.0696,0.33
22.783408,0.0253,9.8378,0.0707,0.35
22.800522,-0.0251,9.8616,0.0602,0.37
22.801224,-0.0504,9.8444,0.0517,0.35
22.817478,-0.0444,9.8543,-0.0067,0.36
22.818202,-0.0418,9.8702,-0.0245,0.37
22.834129,-0.0265,9.8632,0.019,0.36
22.850774,-0.0053,9.8561,0.0218,0.36
22.851446,0.0136,9.8662,0.0642,0.37
22.867083,0.0253,9.8133,0.064,0.32
22.867733,0.025,9.7893,0.0643,0.3
22.883377,0.0345,9.7821,0.0793,0.3
22.89997,0.0124,9.818,0.0705,0.33
22.900751,0.0054,9.8558,0.0586,0.36
22.916383,-0.0155,9.8796,0.0422,0.38
22.933318,-0.0113,9.922,-0.0803,0.43
22.949897,0.0089,9.9248,-0.1071,0.44
22.966496,0.0051,9.8428,-0.05,0.35
22.983237,-0.0356,9.7882,0.0974,0.31
23.000276,-0.0419,9.7502,0.1152,0.28
23.018504,-0.0259,9.7981,0.0676,0.31
23.038701,0.0086,9.853,0.0274,0.35
23.039378,0.0197,9.8888,0.0413,0.39
23.05461,0.0002,9.8786,0.0004,0.38
23.072535,-0.0016,9.8645,-0.0358,0.37
23.090545,-0.0296,9.8563,-0.0168,0.36
23.107022,-0.0173,9.8643,-0.001,0.36
23.107719,0.0131,9.8643,0.0277,0.37
23.123385,0.0265,9.8594,0.025,0.36
23.139703,0.0377,9.8544,0.0126,0.36
23.140422,0.028,9.8355,0.0172,0.34
23.156586,0.0009,9.8115,0.0119,0.31
23.157289,-0.0011,9.8305,0.0407,0.33
23.173474,-0.0387,9.8305,0.0426,0.34
23.190642,-0.0009,9.8475,0.0144,0.35
23.191352,0.025,9.8494,0.0127,0.35
23.207425,0.0109,9.8644,0.0369,0.37
23.208326,0.0398,9.8685,0.0297,0.37
23.224125,0.0395,9.8784,0.036,0.38
23.227089,0.0087,9.8616,0.059,0.37
23.240878,-0.0151,9.8406,0.0511,0.34
23.259201,-0.0386,9.8118,0.0283,0.32
23.262485,-0.05,9.7977,0.0037,0.3
23.282999,-0.0377,9.7739,0.0089,0.28
23.294862,0.0098,9.8121,0.0149,0.31
23.31261,0.047,9.8481,0.053,0.36
23.313271,0.0485,9.8892,0.0731,0.4
23.328983,0.0409,9.8742,0.0916,0.39
23.348877,0.0218,9.8602,0.0683,0.37
23.349526,0.0149,9.8651,0.0529,0.37
23.365358,-0.0139,9.8601,0.0148,0.36
23.366505,-0.0274,9.8619,-0.0169,0.36
23.382836,-0.0034,9.8888,-0.0585,0.39
23.399887,0.0085,9.9007,-0.0699,0.41
23.400525,0.0363,9.8928,-0.0584,0.4
23.417516,0.0439,9.8859,-0.0319,0.39
23.418468,0.01,9.8601,0.0431,0.36
23.438955,-0.0235,9.8533,0.103,0.37
23.440257,-0.0597,9.8193,0.1375,0.35
23.454018,-0.0433,9.8025,0.1248,0.33
23.470405,-0.0342,9.8005,0.0681,0.31
23.47114,-0.0194,9.7934,0.0159,0.29
23.486647,-0.013,9.8244,0.0024,0.32
23.487329,0.0036,9.8243,-0.0208,0.32
23.50359,0.0002,9.8172,0.0035,0.32
23.519809,-0.0089,9.8483,-0.0113,0.35
23.521282,0.0118,9.8742,0.0207,0.37
23.537312,0.0044,9.8742,0.0244,0.38
23.538063,0.011,9.8772,0.0174,0.38
23.555728,0.0064,9.8723,0.0174,0.37
23.557055,0.0486,9.8693,0.0242,0.37
23.570794,0.0242,9.8743,0.0054,0.38
23.587605,0.0358,9.8432,-0.0305,0.35
23.588588,0.0514,9.8072,-0.0465,0.31
23.605957,0.0324,9.7983,-0.0071,0.3
23.606731,-0.0151,9.8024,-0.0028,0.3
23.623955,0.0051,9.8384,0.0185,0.34
23.641437,0.0049,9.8675,0.0409,0.37
23.64226,0.057,9.8776,0.0598,0.39
23.65823,0.0635,9.8776,0.0831,0.39
23.659199,0.0474,9.8627,0.0626,0.37
23.675254,0.0307,9.8557,0.065,0.36
23.676466,-0.0281,9.8467,0.0813,0.36
23.692383,-0.0369,9.8489,0.0759,0.36
23.709772,-0.0697,9.8538,0.0537,0.36
23.710769,-0.0764,9.8268,0.0227,0.34
23.726574,-0.0776,9.8108,-0.0012,0.32
23.72737,-0.0552,9.8249,-0.0014,0.33
23.742532,0.0024,9.8389,0.0168,0.34
23.745972,0.0408,9.837,0.0277,0.34
23.759245,0.0471,9.8301,0.0677,0.34
23.776701,0.0419,9.8392,0.1078,0.36
23.7774,0.0249,9.8182,0.0957,0.33
23.793529,0.011,9.8151,0.0913,0.33
23.796029,-0.0195,9.854,0.0851,0.36
23.810883,-0.0243,9.863,0.0692,0.37
23.816278,-0.0022,9.8918,0.0498,0.39
23.828321,-0.0022,9.9016,-0.0319,0.4
23.84678,0.0169,9.8984,-0.0997,0.41
23.847448,0.0288,9.8863,-0.1244,0.41
23.864127,0.031,9.8653,-0.0868,0.38
23.865831,0.0027,9.8265,0.0074,0.33
23.881237,-0.0086,9.8076,0.0861,0.32
23.899942,-0.0317,9.8078,0.1402,0.34
23.900628,-0.028,9.825,0.1432,0.36
23.915834,-0.0108,9.818,0.1219,0.34
23.916539,0.0128,9.801,0.0932,0.32
23.932706,0.0144,9.8318,0.0441,0.34
23.950835,0.0004,9.8557,0.0233,0.36
23.952036,0.0072,9.8507,-0.0017,0.35
23.969333,0.012,9.8535,-0.0311,0.36
23.970115,-0.0266,9.8534,-0.0111,0.35
23.986389,-0.033,9.8553,-0.0036,0.36
23.987053,-0.0225,9.8624,0.0181,0.36
24.008085,-0.0033,9.8794,0.0433,0.38
24.00878,-0.0063,9.8344,0.0121,0.33
24.027559,0.0174,9.8385,0.0001,0.34
24.028214,0.0487,9.8415,0.0188,0.35
24.045053,0.0499,9.8656,0.0304,0.37
24.046244,0.0428,9.8675,0.0111,0.37
24.063417,0.009,9.8746,0.0131,0.37
24.080874,0.0043,9.8506,0.0396,0.35
24.081567,-0.0024,9.848700000000001,0.0313,0.35
24.098994,0.0148,9.8777,0.0072,0.38
24.100261,0.0171,9.8506,-0.0015,0.35
24.11695,0.0053,9.8506,0.0314,0.35
24.118315,-0.0084,9.8506,0.0005,0.35
24.13503,0.0018,9.8436,0.027,0.34
24.136,-0.015,9.8227,0.0593,0.33
24.154067,-0.0408,9.8058,0.0588,0.31
24.171783,-0.0592,9.7769,0.0463,0.29
24.172529,-0.0658,9.7958,0.0487,0.31
24.193057,-0.0585,9.806,0.0589,0.32
24.193955,-0.0256,9.847,0.0372,0.35
24.195262,-0.0257,9.8781,0.0346,0.38
24.209942,0.0101,9.9111,0.036,0.41
24.227553,0.0338,9.8871,0.0431,0.39
24.228237,0.0217,9.8751,0.0505,0.38
24.245967,0.0424,9.8559,0.0325,0.36
24.246734,0.0261,9.8438,0.0457,0.35
24.264091,0.0039,9.8489,0.0635,0.35
24.282317,0.0155,9.8417,0.0614,0.35
24.283316,0.0339,9.8416,0.004,0.34
24.301397,0.0482,9.8674,-0.0571,0.37
24.30224,0.0447,9.8983,-0.0889,0.41
24.319017,0.0374,9.8844,-0.0916,0.4
24.31978,0.0254,9.8605,-0.0139,0.36
24.337697,-0.0337,9.8506,0.0611,0.36
24.338803,-0.0674,9.8488,0.1293,0.38
24.355923,-0.0594,9.8228,0.1184,0.35
24.356773,-0.0491,9.7958,0.0772,0.31
24.375034,-0.0289,9.8009,0.0803,0.31
24.375941,-0.0261,9.8107,0.0609,0.32
24.392054,-0.0027,9.7957,0.0457,0.3
24.400425,0.0255,9.8367,0.0178,0.34
24.415638,0.0337,9.8535,-0.0053,0.36
24.417392,0.0332,9.8695,0.0022,0.37
24.434331,0.0189,9.8554,0.0193,0.36
24.435491,0.0067,9.8775,0.0378,0.38
24.452653,-0.0054,9.8795,0.0134,0.38
24.47115,-0.0292,9.8466,0.0228,0.35
24.471817,0.0014,9.8556,0.0008,0.36
24.490636,-0.0127,9.8626,-0.0084,0.36
24.491291,-0.0128,9.8777,-0.0185,0.38
24.50646,0.0029,9.8577,-0.0019,0.36
24.507129,0.0104,9.8177,-0.0052,0.32
24.524777,0.0023,9.8418,0.0164,0.34
24.525453,0.026,9.8658,0.0418,0.37
24.541387,0.0356,9.8369,0.0718,0.35
24.55793,0.0353,9.8439,0.0668,0.35
24.558743,0.0491,9.8391,0.082,0.35
24.576058,0.0349,9.8511,0.0893,0.36
24.576694,-0.0009,9.8561,0.0836,0.37
24.592986,-0.0146,9.8583,0.0849,0.37
24.610272,-0.0501,9.8733,0.0657,0.38
24.610947,-0.0535,9.8633,0.0604,0.37
24.628395,-0.0718,9.8373,0.0273,0.35
24.629088,-0.0529,9.8113,0.0339,0.32
24.645741,0.0054,9.830400000000001,0.0263,0.33
24.646545,0.0254,9.8135,0.0191,0.32
24.662851,0.0443,9.8474,0.0515,0.35
24.680408,0.0433,9.8474,0.0683,0.36
24.681106,0.0634,9.8204,0.069,0.33
24.698218,0.0626,9.8113,0.0629,0.32
24.698918,0.0175,9.8322,0.0594,0.34
24.716225,-0.0211,9.8661,0.0558,0.37
24.716905,-0.0278,9.89,0.0333,0.39
24.733454,0.0011,9.9037,-0.0387,0.41
24.751957,0.0129,9.9207,-0.0827,0.43
24.752618,0.0412,9.9275,-0.1174,0.45
24.769501,0.0358,9.8726,-0.0766,0.38
24.770291,0.0237,9.8226,-0.0226,0.32
24.78654,-0.0187,9.8177,0.0389,0.32
24.787399,-0.023,9.8029,0.1041,0.32
24.803372,-0.0342,9.794,0.117,0.32
24.804913,-0.0131,9.794,0.0907,0.31
24.820496,-0.0012,9.8229,0.0998,0.34
24.8385,-0.0131,9.839,0.0713,0.35
24.839401,-0.0318,9.8299,0.0153,0.33
24.855349,-0.0146,9.8538,-0.0058,0.35
24.856171,-0.0144,9.8507,-0.0167,0.35
24.873526,-0.0192,9.8607,-0.0012,0.36
24.874673,0.003,9.8967,-0.0038,0.4
24.89087,-0.0091,9.8896,-0.0056,0.39
24.908455,-0.0023,9.8916,0.0082,0.39
24.909122,0.0095,9.8776,-0.0058,0.38
24.926037,0.0263,9.8626,-0.0201,0.36
24.926749,0.0312,9.8697,-0.0186,0.37
24.942566,0.0282,9.8297,-0.0292,0.33
24.961781,0.0192,9.7938,-0.015,0.29
24.962537,-0.0027,9.7699,-0.0108,0.27
24.980802,-0.0043,9.811,0.0667,0.32
24.981478,0.0147,9.8851,0.0489,0.39
24.997753,0.0216,9.8942,0.0502,0.4
24.998509,0.0268,9.9022,0.0763,0.41
25.014939,0.0052,9.8922,0.0587,0.4
25.015674,0.0159,9.8352,0.0273,0.34
25.032466,0.0016,9.8033,0.0271,0.3
25.049938,-0.0375,9.7584,0.0473,0.27
25.050603,-0.0863,9.7794,0.016,0.29
25.066683,-0.0638,9.8114,0.0157,0.32
25.067405,-0.0336,9.8395,0.0489,0.34
25.084427,-0.01,9.8786,0.0362,0.38
25.085117,0.0392,9.9236,0.0593,0.43
25.102493,0.0603,9.9167,0.082,0.43
25.121033,0.0362,9.862,0.1083,0.38
25.121757,0.0412,9.8141,0.1171,0.34
25.139183,0.0173,9.764,0.081,0.28
25.139893,-0.0114,9.759,0.0646,0.27
25.156859,-0.016,9.8208,0.0488,0.32
25.157966,-0.0209,9.8788,0.0669,0.39
25.174631,-0.009,9.9307,0.0328,0.43
25.175343,0.0245,9.9404,-0.0222,0.44
25.191676,0.0412,9.9383,-0.0704,0.45
25.209612,0.0409,9.9161,-0.1156,0.43
25.210768,0.0143,9.8632,-0.0729,0.37
25.227468,0.0059,9.8083,0.0146,0.31
25.228187,-0.0085,9.7536,0.0696,0.26
25.245446,-0.0427,9.7537,0.0992,0.28
25.24619,-0.0312,9.7996,0.0899,0.31
25.264285,-0.0093,9.8116,0.0616,0.32
25.264964,-0.0026,9.8305,0.0436,0.33
25.285128,0.0119,9.8564,0.0159,0.36
25.286151,0.0183,9.8663,0.0119,0.37
25.302307,0.0246,9.8472,0.0275,0.35
25.321248,-0.0114,9.8322,0.0488,0.34
25.32203,-0.0165,9.8321,0.0014,0.33
25.339384,-0.0169,9.8201,0.017,0.32
25.340164,-0.0146,9.8631,0.0344,0.37
25.357705,-0.0081,9.9061,-0.0036,0.41
25.358621,-0.0234,9.897,0.0021,0.4
25.374989,-0.0065,9.8919,-0.0194,0.39
25.375688,-0.02,9.8899,0.0096,0.39
25.39238,-0.0383,9.8469,0.031,0.35
25.394481,-0.0425,9.8251,0.0513,0.33
25.410134,-0.03,9.8011,0.0442,0.31
25.416308,0.0147,9.791,0.0234,0.29
25.427087,0.0409,9.82,0.0276,0.32
25.443699,0.0708,9.8469,0.0263,0.36
25.44444,0.063,9.8699,0.0133,0.38
25.459402,0.0387,9.9018,0.023,0.4
25.476874,0.0316,9.9058,0.0237,0.41
25.478493,-0.0277,9.9017,0.0272,0.4
25.49349,-0.0527,9.8697,0.0412,0.38
25.494294,-0.0798,9.8507,0.0193,0.36
25.511044,-0.0871,9.7986,-0.0132,0.31
25.527394,-0.0373,9.7696,-0.0299,0.27
25.528297,-0.0099,9.7936,0.0106,0.29
25.55408,0.016,9.8147,0.029,0.32
25.570113,0.0743,9.8368,0.0903,0.36
25.587073,0.0546,9.8347,0.0821,0.35
25.587721,0.0253,9.8266,0.0687,0.33
25.609129,-0.0155,9.8463,0.0467,0.35
25.609911,-0.0128,9.8692,0.0111,0.37
25.625826,-0.013,9.905,-0.0156,0.41
25.626501,0.0126,9.9169,-0.0535,0.42
25.642356,0.0173,9.9096,-0.1285,0.43
25.643527,0.0293,9.8905,-0.119,0.41
25.660422,0.0175,9.8667,-0.0363,0.37
25.676146,-0.0058,9.8239,0.0386,0.33
25.677018,-0.0339,9.783,0.1037,0.3
25.693056,-0.0186,9.7981,0.1028,0.32
25.69376,-0.0097,9.7951,0.1047,0.31
25.710441,-0.0051,9.807,0.0893,0.32
25.713406,0.0065,9.85,0.0357,0.35
25.727614,0.018,9.854800000000001,0.0081,0.36
25.745241,0.0276,9.8667,-0.0073,0.37
25.745996,0.0055,9.8976,-0.0229,0.4
25.76193,-0.0111,9.8615,-0.0312,0.36
25.763275,-0.0128,9.8425,-0.0102,0.34
25.779891,-0.0156,9.8375,-0.0223,0.34
25.798682,-0.0156,9.8376,0.0042,0.34
25.79942,-0.0177,9.8546,0.0075,0.36
25.815543,0.008,9.8546,-0.0167,0.36
25.816361,0.0227,9.8717,-0.0089,0.37
25.831737,0.0175,9.8958,0.0066,0.4
25.848408,0.0226,9.8408,-0.0086,0.34
25.864462,0.0126,9.8409,0.001,0.34
25.880609,0.024,9.8309,0.036,0.33
25.897057,0.0308,9.8339,0.0155,0.34
25.897692,0.0189,9.85,0.0299,0.35
25.915558,0.0031,9.8722,0.0736,0.38
25.916211,-0.0303,9.8723,0.0793,0.38
25.933091,-0.0553,9.8604,0.0663,0.37
25.949907,-0.0422,9.8055,0.0179,0.31
25.966555,-0.0378,9.8075,0.0238,0.31
25.984463,0.0056,9.8268,0.0146,0.33
26.001343,0.0678,9.827,0.0524,0.34
26.020637,0.0584,9.827,0.0785,0.34
26.039367,0.0187,9.7791,0.0704,0.29
26.056441,-0.0145,9.8539,0.056,0.36
26.05717,-0.0128,9.8988,0.0333,0.4
26.07303,0.0209,9.9297,-0.032,0.43
26.074095,0.0374,9.9225,-0.0975,0.44
26.090569,0.0343,9.9175,-0.1238,0.44
26.10766,0.0274,9.8696,-0.0528,0.37
26.108306,0.018,9.8507,-0.0088,0.35
26.124485,-0.0359,9.794,0.0525,0.3
26.125152,-0.0469,9.7601,0.1337,0.3
26.143942,-0.0175,9.7753,0.1508,0.31
26.145272,0.0045,9.7794,0.0884,0.29
26.158407,0.0042,9.8034,0.0715,0.31
26.174878,0.0317,9.8393,0.0462,0.34
26.175553,0.0431,9.8322,0.0012,0.33
26.192439,0.0216,9.8492,0.0141,0.35
26.193121,-0.0193,9.8612,0.0146,0.36
26.210145,-0.014,9.8631,-0.0177,0.36
26.230308,-0.009,9.866,-0.0003,0.37
26.231109,-0.0307,9.8661,0.0084,0.37
26.245549,-0.0015,9.832,0.011,0.33
26.246302,0.0005,9.8492,0.0224,0.35
26.263479,0.0223,9.8372,-0.0218,0.34
26.264465,0.0269,9.8682,0.0017,0.37
26.281048,0.0099,9.8853,0.0011,0.39
26.282825,0.0028,9.8614,-0.0034,0.36
26.298586,0.0099,9.8514,0.0238,0.35
26.315623,0.0147,9.8615,0.038,0.36
26.316311,0.0235,9.8376,0.0373,0.34
26.333086,0.0489,9.8275,0.0181,0.33
26.333809,0.0419,9.8325,0.0454,0.34
26.350573,0.023,9.8427,0.0476,0.35
26.367944,0.0092,9.8738,0.0626,0.38
26.368705,-0.0052,9.8669,0.0663,0.37
26.384859,-0.0235,9.862,0.0397,0.36
26.385576,-0.032,9.821,0.0286,0.32
26.401782,-0.0506,9.812,0.0158,0.32
26.402646,-0.0411,9.8142,0.0131,0.32
26.417668,-0.0271,9.8312,0.0193,0.33
26.423634,-0.0004,9.8283,0.0441,0.33
26.433988,0.0282,9.8265,0.048,0.33
26.4536,0.0349,9.8455,0.0861,0.36
26.455544,0.0297,9.8315,0.1048,0.35
26.470774,0.0129,9.8146,0.0982,0.33
26.474179,-0.0039,9.8194,0.0895,0.33
26.488954,-0.0059,9.8402,0.0811,0.35
26.505708,-0.0227,9.8711,0.0639,0.38
26.506639,-0.0037,9.9029,0.0092,0.4
26.522098,0.02,9.8926,-0.053,0.4
26.523165,0.0296,9.9164,-0.1059,0.43
26.540593,0.0464,9.8993,-0.1098,0.42
26.554985,0.0433,9.8704,-0.0552,0.38
26.555614,-0.004,9.8475,0.0371,0.35
26.571781,-0.043,9.8277,0.0996,0.35
26.572443,-0.0332,9.7997,0.1304,0.33
26.588564,-0.0296,9.7948,0.1388,0.33
26.60631,-0.0254,9.7997,0.0913,0.31
26.606976,0.0033,9.7996,0.0544,0.3
26.625671,0.0177,9.8156,0.0317,0.32
26.626594,0.0174,9.8474,0.0072,0.35
26.641737,0.0072,9.8513,-0.0112,0.35
26.642813,-0.0045,9.8441,-0.0286,0.35
26.65949,-0.0022,9.8701,0.011,0.37
26.675649,-0.0298,9.875,0.0035,0.38
26.676289,-0.0176,9.861,-0.0001,0.36
26.691898,-0.0037,9.849,-0.0168,0.35
26.692651,0.0319,9.837,0.0006,0.34
26.708849,0.0217,9.8539,-0.0044,0.35
26.725791,0.0193,9.8679,-0.0045,0.37
26.726541,0.0056,9.8319,-0.0026,0.33
26.744052,-0.014,9.8349,0.0022,0.34
26.744774,-0.004,9.842,0.0093,0.34
26.761454,0.015,9.8299,0.0126,0.33
26.762447,0.0367,9.8439,0.0049,0.35
26.778867,0.0484,9.8798,0.0082,0.38
26.796919,0.0573,9.8699,0.0373,0.38
26.797677,0.0385,9.861,0.0629,0.37
26.814208,0.0012,9.839,0.0789,0.35
26.81516,-0.025,9.844,0.0567,0.35
26.832167,-0.0313,9.839,0.0426,0.34
26.833018,-0.0396,9.8131,0.0304,0.32
26.849094,-0.0322,9.823,0.0033,0.32
26.866472,-0.0234,9.832,0.001,0.33
26.867274,-0.0138,9.823,0.0007,0.32
26.882436,0.0386,9.8612,0.0172,0.36
26.883344,0.0472,9.8583,0.0592,0.37
26.89945,0.0311,9.8703,0.0607,0.38
26.915752,0.0214,9.8393,0.0779,0.35
26.917802,-0.0021,9.7942,0.0781,0.3
26.921966,0.0003,9.8152,0.0765,0.32
26.93242,-0.0253,9.8582,0.0535,0.36
26.950206,0.0037,9.878,0.019,0.38
26.952067,0.0203,9.8918,-0.0271,0.39
26.968749,0.0456,9.9207,-0.0804,0.43
26.972414,0.0284,9.9376,-0.1034,0.45
26.98589,0.0266,9.8896,-0.0917,0.4
27.003245,0.0082,9.8538,0.0112,0.35
27.003911,-0.0296,9.82,0.1232,0.34
27.021301,-0.0581,9.770199999999999,0.124,0.3
27.022007,-0.062,9.7393,0.111,0.27
27.038973,-0.0266,9.7723,0.105,0.29
27.056816,0.0,9.7943,0.0791,0.3
27.057744,0.0086,9.8322,0.0488,0.34
27.074527,0.02,9.8752,0.0099,0.38
27.075185,0.0196,9.8851,-0.0229,0.39
27.092005,0.0077,9.894,0.0136,0.39
27.092658,-0.0088,9.8919,0.0019,0.39
27.109454,-0.0153,9.875,-0.0032,0.38
27.1305,-0.022,9.844,0.025,0.35
27.131264,-0.0238,9.8421,0.0411,0.35
27.132425,-0.008,9.8372,0.0254,0.34
27.148876,0.0186,9.8321,-0.0107,0.33
27.165717,0.025,9.8613,-0.0029,0.36
27.16641,0.0317,9.8423,0.0035,0.34
27.182587,0.0245,9.8494,0.015,0.35
27.183252,0.0147,9.8323,0.0216,0.33
27.200799,0.0177,9.8473,0.0113,0.35
27.201493,0.0177,9.8634,0.0192,0.36
27.218457,0.0196,9.8705,0.0308,0.37
27.236212,0.0226,9.8755,0.0393,0.38
27.236883,0.0108,9.8545,0.0456,0.36
27.253812,-0.0008,9.8236,0.0787,0.33
27.254603,-0.017,9.8356,0.0707,0.34
27.271643,-0.0451,9.8237,0.0622,0.33
27.272327,-0.0445,9.8038,0.0427,0.31
27.290356,-0.0373,9.8139,0.0475,0.32
27.291759,-0.0068,9.8068,0.0214,0.31
27.309483,0.0094,9.8139,-0.0026,0.31
27.326681,0.0208,9.8499,0.0141,0.35
27.327334,0.0424,9.8568,0.0275,0.36
27.343552,0.0352,9.8569,0.0576,0.36
27.344262,0.0113,9.84,0.095,0.35
27.363354,-0.0084,9.831,0.0881,0.34
27.364101,-0.0103,9.826,0.0768,0.34
27.383793,-0.029,9.8519,0.0829,0.36
27.384503,-0.0289,9.8667,0.0622,0.37
27.402293,-0.0223,9.8996,0.0091,0.4
27.403078,0.0268,9.9024,-0.0507,0.41
27.418784,0.0338,9.8782,-0.1085,0.39
27.435097,0.0611,9.9021,-0.1432,0.43
27.435827,0.0675,9.8801,-0.0785,0.39
27.442274,0.021,9.8472,0.03,0.35
27.452147,-0.0242,9.8184,0.1186,0.34
27.472264,-0.0597,9.7846,0.1544,0.33
27.473504,-0.0737,9.7898,0.1226,0.32
27.489292,-0.0337,9.8037,0.1085,0.32
27.491167,-0.0099,9.8356,0.0709,0.34
27.507092,0.0067,9.8396,0.055,0.34
27.524927,-0.0108,9.8545,0.0133,0.35
27.525747,0.0078,9.8704,-0.0262,0.37
27.541328,0.0104,9.8632,-0.0031,0.36
27.542269,-0.0047,9.8612,0.0044,0.36
27.568179,-0.0116,9.8441,0.0019,0.34
27.568872,-0.0234,9.8271,0.0025,0.33
27.587364,0.0073,9.83,-0.0088,0.33
27.588048,0.0338,9.850999999999999,0.0088,0.35
27.610268,0.0166,9.8679,-0.0199,0.37
27.611687,0.0401,9.882,-0.0335,0.39
27.61298,0.0209,9.9109,-0.0234,0.41
27.625426,0.0012,9.899000000000001,-0.0199,0.4
27.64321,-0.0055,9.8851,0.0201,0.39
27.644573,0.0096,9.8661,0.0074,0.37
27.659342,0.0351,9.8542,0.0137,0.36
27.662119,0.0447,9.8302,0.021,0.33
27.675392,0.0481,9.8183,0.0221,0.32
27.691887,0.039,9.8323,0.0163,0.34
27.692913,0.0124,9.8275,0.0462,0.33
27.70959,-0.0029,9.8395,0.0245,0.34
27.710711,-0.031,9.842600000000001,0.0379,0.35
27.727003,-0.0511,9.8476,0.0468,0.35
27.745241,-0.0762,9.8547,-0.0086,0.36
27.746383,-0.0318,9.8619,0.0025,0.36
27.763094,0.0087,9.8639,0.0031,0.36
27.763782,0.0486,9.857,-0.0206,0.36
27.780294,0.0767,9.8984,0.011,0.41
27.781115,0.0593,9.9156,0.0578,0.42
27.798247,0.0526,9.8389,0.0737,0.35
27.819714,0.0308,9.7571,0.0832,0.27
27.820427,0.0023,9.7363,0.0694,0.25
27.821033,-0.0132,9.7795,0.0899,0.29
27.836718,0.0125,9.8415,0.0703,0.35
27.85253,-0.0068,9.8924,0.0487,0.4
27.853388,0.0213,9.9114,-0.0001,0.41
27.868901,0.0631,9.9443,-0.0778,0.46
27.886869,0.0711,9.9631,-0.0911,0.48
27.887671,0.0468,9.9203,-0.0876,0.43
27.894241,0.0021,9.8684,-0.0077,0.37
27.904384,-0.0448,9.7966,0.0466,0.3
27.911031,-0.0973,9.7389,0.0843,0.27
27.922315,-0.1196,9.7271,0.0554,0.26
27.940542,-0.1303,9.7254,0.0123,0.26
27.941277,-0.1176,9.7015,-0.0185,0.23
27.957338,-0.1083,9.7636,-0.07,0.29
27.960998,-0.1199,9.8289,-0.0815,0.36
27.975154,-0.0668,9.8981,-0.0768,0.41
27.992637,-0.0618,9.9423,-0.0865,0.45
27.993298,-0.0784,9.9616,-0.1178,0.48
28.009777,-0.0338,9.978,-0.0821,0.49
28.010851,0.0083,9.9665,-0.0516,0.47
28.02754,0.0617,9.9512,-0.0579,0.46
28.045497,0.096,9.9088,-0.0546,0.42
28.04619,0.1443,9.8775,-0.0494,0.41
28.063146,0.1974,9.8432,-0.0094,0.4
28.06383,0.1892,9.7982,0.0218,0.35
28.080782,0.171,9.7271,0.0515,0.29
28.081452,0.1769,9.666,0.09,0.26
28.098478,0.2019,9.609,0.1086,0.25
28.115627,0.2097,9.6489,0.1546,0.3
28.116331,0.2131,9.7496,0.1456,0.36
28.133179,0.1415,9.8873,0.1618,0.44
28.134023,0.0936,9.9856,0.1545,0.52
28.150731,0.0116,9.9909,0.1155,0.5
28.151354,-0.0904,9.9881,0.0704,0.5
28.172688,-0.1468,9.9363,0.002,0.46
28.173353,-0.2107,9.9383,-0.095,0.5
28.190534,-0.2256,9.9095,-0.1824,0.5
28.191426,-0.1939,9.8937,-0.233,0.5
28.207574,-0.1411,9.8862,-0.2115,0.46
28.224192,-0.1008,9.9088,-0.1599,0.45
28.224818,-0.0438,9.8647,-0.0867,0.38
28.240803,-0.0215,9.7456,-0.0237,0.25
28.241476,0.0231,9.6408,0.057,0.15
28.258499,0.0251,9.6211,0.085,0.15
28.275872,0.0365,9.6672,0.0765,0.19
28.27659,0.014,9.7523,0.0886,0.27
28.292807,-0.0462,9.8663,0.0884,0.38
28.293542,-0.0727,9.9824,0.1018,0.5
28.309903,-0.0935,10.0862,0.1026,0.6
28.310583,-0.0971,10.1591,0.0546,0.67
28.327339,-0.0909,10.1882,-0.0428,0.7
28.344816,-0.0416,10.1653,-0.153,0.68
28.345532,-0.0228,10.1355,-0.2428,0.68
28.362362,0.0001,10.108,-0.3052,0.68
28.363142,0.0076,10.1027,-0.3933,0.72
28.379381,-0.0138,10.0408,-0.4096,0.68
28.395937,-0.0932,9.7918,-0.4137,0.51
28.412067,-0.1154,9.6367,-0.4222,0.46
28.428686,-0.0373,9.467,-0.1412,0.15
28.445198,0.0867,9.7231,0.1966,0.31
28.46577,0.1374,9.9024,0.1919,0.47
28.480096,0.24,10.1456,-0.057,0.69
28.498673,0.0837,10.2437,-0.4489,0.87
28.499472,-0.0289,10.129,-0.5075,0.81
28.515791,-0.129,9.9889,-0.4937,0.71
28.540262,-0.3308,9.7996,-0.4982,0.67
28.556651,0.0795,9.6484,0.277,0.32
28.573094,0.1738,9.7132,0.3958,0.48
28.573787,0.2828,9.7855,0.4853,0.63
28.589288,0.3028,9.8631,0.3896,0.61
28.58998,0.1314,10.0292,0.283,0.61
28.610194,-0.0057,10.0952,0.0682,0.6
28.61151,-0.0747,9.9904,-0.1605,0.52
28.627353,-0.1776,9.9017,-0.1329,0.46
28.650053,-0.2544,9.6026,0.054,0.28
28.651459,-0.256,9.61,0.2471,0.37
28.667017,-0.2541,9.7423,0.4572,0.58
28.682981,-0.1178,9.7848,0.5398,0.62
28.700589,0.1121,9.8538,0.5618,0.67
28.719177,0.1116,10.0457,0.1399,0.57
28.719828,0.1599,9.9937,0.0498,0.52
28.736894,0.0196,9.9159,-0.0565,0.42
28.753595,-0.1712,9.8625,-0.1292,0.42
28.770229,-0.2468,9.7521,-0.0961,0.37
28.786583,0.0925,9.7012,0.0191,0.22
28.80329,0.0387,9.6376,0.115,0.18
28.803984,0.0224,9.6358,0.2147,0.26
28.819686,0.1343,9.6715,0.2016,0.3
28.820521,0.2573,9.7027,0.1947,0.38
28.838744,0.145,9.6763,0.2449,0.33
28.839536,-0.0897,9.6881,0.317,0.38
28.855274,-0.2824,9.6937,0.4713,0.58
28.873261,-0.3446,9.6928,0.6011,0.72
28.874763,-0.3705,9.7486,0.6318,0.77
28.88147,-0.2983,9.8649,0.5767,0.74
28.890607,-0.1669,9.9967,0.5236,0.74
28.907192,-0.0238,10.1416,0.3537,0.73
28.908287,0.0598,10.2722,0.1177,0.78
28.924712,0.081,10.1646,-0.0037,0.67
28.940943,0.1471,10.0192,-0.0734,0.54
28.941625,0.1122,9.791,-0.0511,0.32
28.957601,0.2129,9.6327,0.1794,0.31
28.95889,0.2473,9.5388,0.3496,0.43
28.9755,0.1424,9.5628,0.3743,0.41
28.991901,0.1086,9.7468,0.2868,0.39
28.992525,0.1774,9.9478,0.1294,0.5
29.008958,0.2334,10.0538,0.0211,0.6
29.009594,0.3129,10.0394,0.0205,0.62
29.028639,0.3661,9.9333,0.1085,0.58
29.029578,0.2413,9.7826,0.1441,0.4
29.045408,0.1125,9.6005,0.1037,0.18
29.061956,0.0377,9.5133,0.1595,0.16
29.062662,-0.0513,9.5168,0.2385,0.24
29.078909,-0.1711,9.6083,0.2829,0.35
29.079854,-0.2107,9.7638,0.2759,0.44
29.097618,-0.217,9.8859,0.2683,0.52
29.09871,-0.1105,9.9308,0.2669,0.52
29.114739,-0.105,10.0376,0.1879,0.58
29.132447,-0.1816,10.0634,0.1192,0.6
29.133076,-0.126,10.0599,-0.022,0.57
29.149734,0.0194,10.0645,-0.0693,0.57
29.150639,0.0481,10.119299999999999,-0.0263,0.62
29.168011,-0.03,10.0875,0.032,0.59
29.168677,-0.0584,10.0607,0.0408,0.57
29.185358,-0.031,10.042300000000001,0.0577,0.55
29.203079,0.0343,9.8485,0.0373,0.35
29.204074,0.0639,9.6771,0.0827,0.21
29.220678,0.0938,9.6019,0.1399,0.2
29.22136,0.0989,9.5505,0.204,0.23
29.237759,0.0179,9.5155,0.1701,0.17
29.238508,-0.1146,9.5278,0.2189,0.25
29.254861,-0.1796,9.62,0.2876,0.36
29.272162,-0.176,9.7113,0.2772,0.39
29.273325,0.0042,9.7917,0.3008,0.42
29.290522,0.0983,9.8882,0.2256,0.46
29.291275,0.181,9.8967,0.1508,0.46
29.306834,0.1778,9.9162,0.1355,0.47
29.307933,0.141,9.9436,0.1248,0.48
29.32321,0.1272,9.937,0.1201,0.47
29.339446,0.086,9.9332,0.0957,0.45
29.340148,0.0257,9.9095,0.0694,0.42
29.355837,-0.0427,9.9056,0.0644,0.41
29.372251,-0.0762,9.8918,0.0481,0.4
29.372955,-0.0776,9.8642,0.0187,0.37
29.390151,-0.0385,9.8577,0.0179,0.36
29.391075,0.0087,9.8565,0.081,0.37
29.405009,0.0762,9.8315,0.1078,0.36
29.421949,0.0507,9.8731,0.1182,0.39
29.4228,0.0354,9.9096,0.1176,0.43
29.439626,0.0212,9.9128,0.1254,0.43
29.4405,-0.0103,9.8939,0.0828,0.4
29.460775,-0.0098,9.8996,0.0719,0.41
29.461439,-0.0365,9.911200000000001,0.0182,0.41
29.468916,-0.0483,9.9191,0.02,0.42
29.479658,-0.0802,9.8951,0.0155,0.4
29.49597,-0.0828,9.9291,0.0109,0.44
29.511894,-0.0824,9.9464,0.0428,0.46
29.512535,-0.0492,9.9346,0.0596,0.44
29.527714,-0.0488,9.9331,0.0728,0.44
29.528356,-0.0466,9.8917,0.041,0.4
29.545787,-0.0522,9.7422,0.0985,0.27
29.548024,-0.0237,9.8252,-0.0169,0.33
29.560876,0.0144,9.8914,-0.0643,0.4
29.57836,-0.007,9.9236,-0.0353,0.43
29.579001,-0.1285,10.0276,-0.0114,0.54
29.597079,-0.1023,10.1285,0.0512,0.64
29.597722,-0.0844,10.141,0.0411,0.65
29.613157,-0.0442,10.0559,0.0071,0.56
29.629327,-0.0164,9.9089,0.0228,0.41
29.630055,-0.0161,9.7845,0.0256,0.29
29.646282,0.0114,9.7582,0.0903,0.27
29.647817,-0.0116,9.7564,0.1279,0.29
